id;name;type;lookface;life;mana;attack_max;attack_min;defence;dexterity;dodge;helmet_type;armor_type;weaponr_type;weaponl_type;attack_range;view_range;escape_life;attack_speed;move_speed;level;attack_user;drop_money;drop_itemtype;size_add;action;run_speed;drop_armet;drop_necklace;drop_armor;drop_ring;drop_weapon;drop_shield;drop_shoes;drop_hp;drop_mp;magic_type;magic_def;magic_hitrate;ai_type;defence2;stc_type;anti_monster;extra_battlelev;extra_exp;extra_damage;species_type;attr_metal;attr_wood;attr_water;attr_fire;attr_earth;vs_callpet;transform_flag;transform_condition;transform_monster;attack_new;defence_new;stable_defence;critical_rate;magic_critical_rate;anti_critical_rate;final_dmg_add;final_dmg_add_mgc;final_dmg_reduce;final_dmg_reduce_mgc;item_drop_rule1;item_drop_rule2;item_drop_rule3;item_drop_rule4;extra_magic_injury;attribute
0001;Pheasant;0001;0231;0033;00;0003;0002;0000;0000;0036;0000;0000;0000;0000;0001;0006;0000;1000;0500;0001;32771;0005;0000;0000;9593200;0500;000;000;000;000;000;000;000;1000000;1001000;0000;0000;0000;0000;10000;01;0;0;100;0;0;0;0;0;0;0;0;0;0;0;0;0;0;0;0;0;0;0;0;0;0;0;0;0;0;0000000000
0002;Turtledove;0001;0304;0081;00;0006;0005;0000;0000;0037;0000;0000;0000;0000;0001;0006;0000;1000;0500;0007;32771;0012;0000;0000;9593210;0500;000;000;000;000;000;000;001;1000000;1001000;0000;0000;0000;0000;10000;02;0;0;100;0;0;0;0;0;0;0;0;0;0;0;0;0;0;0;0;0;0;0;0;0;0;0;0;0;0;0000000000
0003;Robin;0001;0132;0122;00;0009;0007;0000;0000;0036;0000;0000;0000;0000;0001;0008;0000;1000;0500;0012;32771;0012;0000;0000;9593220;0500;000;001;000;001;001;099;003;1000000;1001000;0000;0000;0000;0000;10000;03;0;0;100;0;0;0;0;0;0;0;0;0;0;0;0;0;0;0;0;0;0;0;0;0;0;0;0;0;0;0000000000
0004;Apparition;0001;0233;0202;00;0007;0007;0000;0000;0069;0000;0000;0000;0000;0001;0008;0000;1000;0500;0017;32771;0015;0000;0001;9593230;0500;001;002;001;002;002;099;003;1000000;1001000;0000;0000;0000;0000;10000;04;0;0;100;0;0;0;0;0;0;0;0;0;0;0;0;0;0;0;0;0;0;0;0;0;0;0;0;0;0;0000000000
0005;Poltergeist;0001;0233;0366;00;0010;0009;0000;0000;0071;0000;0000;0000;0000;0001;0008;0000;1000;0500;0022;32771;0016;0000;0001;9593240;0500;001;003;001;003;003;099;005;1000010;1001010;0000;0000;0000;0000;10000;05;0;0;100;0;0;0;0;0;0;0;0;0;0;0;0;0;0;0;0;0;0;0;0;0;0;0;0;0;0;0000000000
0006;WingedSnake;0001;0203;0445;00;0012;0011;0000;0000;0073;0000;0000;0000;0000;0001;0008;0000;1000;0500;0027;32771;0020;0000;0001;9593250;0500;002;004;002;004;004;099;005;1000010;1001010;0000;0000;0000;0000;10000;06;0;0;100;0;0;0;0;0;0;0;0;0;0;0;0;0;0;0;0;0;0;0;0;0;0;0;0;0;0;0000000000
0007;Bandit;0001;0201;0545;00;0015;0013;0000;0000;0075;0000;0000;0000;0000;0001;0008;0000;1000;0500;0032;32771;0023;0000;0001;9593260;0500;003;005;002;005;005;099;007;1000010;1001010;0000;0000;0000;0000;10000;07;0;0;100;0;0;0;0;0;0;0;0;0;0;0;0;0;0;0;0;0;0;0;0;0;0;0;0;0;0;0000000000
0008;Ratling;0001;0202;0666;00;0019;0017;0000;0000;0078;0000;0000;0000;0000;0001;0008;0000;1000;0500;0037;32771;0027;0000;0001;9593270;0500;003;006;003;006;006;099;007;1000010;1001010;0000;0000;0000;0000;10000;08;0;0;100;0;0;0;0;0;0;0;0;0;0;0;0;0;0;0;0;0;0;0;0;0;0;0;0;0;0;0000000000
0009;FireSpirit;0001;0202;1219;00;0022;0019;0000;0000;0075;0000;0000;0000;0000;0001;0008;0000;1000;0500;0042;32771;0039;0000;0001;9593280;0500;004;007;003;007;007;000;009;1000020;1001020;0000;0000;0000;0000;10000;09;0;0;100;0;0;0;0;0;0;0;0;0;0;0;0;0;0;0;0;0;0;0;0;0;0;0;0;0;0;0000000000
0010;Macaque;0001;0156;1467;00;0038;0035;0000;0000;0078;0000;0000;0000;0000;0001;0008;0000;1000;0500;0047;32771;0042;0000;0001;9593310;0500;004;008;004;008;008;001;009;1000020;1001020;0000;0000;0000;0000;10000;10;0;0;100;0;0;0;0;0;0;0;0;0;0;0;0;0;0;0;0;0;0;0;0;0;0;0;0;0;0;0000000000
0011;GiantApe;0001;0156;1763;00;0049;0044;0000;0000;0079;0000;0000;0000;0000;0001;0008;0000;1000;0500;0052;32771;0045;0000;0002;9593320;0500;005;009;005;009;009;002;011;1000020;1001020;0000;0000;0000;0000;10000;11;0;0;100;0;0;0;0;0;0;0;0;0;0;0;0;0;0;0;0;0;0;0;0;0;0;0;0;0;0;0000000000
0012;ThunderApe;0001;0103;2124;00;0062;0056;0000;0000;0082;0000;0000;0000;0000;0001;0008;0000;1000;0500;0057;32771;0060;0000;0001;9593330;0500;005;011;005;011;011;003;011;1000020;1001020;0000;0000;0000;0000;10000;12;0;0;100;0;0;0;0;0;0;0;0;0;0;0;0;0;0;0;0;0;0;0;0;0;0;0;0;0;0;0000000000
0013;Snakeman;0001;0204;3182;00;0077;0070;0000;0000;0083;0000;0000;0000;0000;0001;0008;0000;1000;0500;0062;32771;0067;0000;0001;9593340;0500;006;012;006;012;012;003;013;1000030;1001030;0000;0000;0000;0000;10000;13;0;0;100;0;0;0;0;0;0;0;0;0;0;0;0;0;0;0;0;0;0;0;0;0;0;0;0;0;0;0000000000
0014;SandMonster;0001;0131;3842;00;0293;0265;0000;0021;0087;0000;0000;0000;0000;0001;0008;0000;1000;0500;0067;32771;0078;0000;0003;9593350;0500;006;013;006;013;013;004;013;1000030;1001030;0000;0000;0000;0000;10000;14;0;0;100;0;0;0;0;0;0;0;0;0;0;0;0;0;0;0;0;0;0;0;0;0;0;0;0;0;0;0000000000
0015;HillMonster;0001;0105;4908;00;0331;0299;0000;0025;0083;0000;0000;0000;0000;0001;0008;0000;1000;0500;0072;32771;0082;0000;0001;9593360;0500;006;014;006;014;014;004;015;1000030;1001030;0000;0000;0000;0000;10000;15;0;0;100;0;0;0;0;0;0;0;0;0;0;0;0;0;0;0;0;0;0;0;0;0;0;0;0;0;0;0000000000
0016;RockMonster;0001;0105;5642;00;0393;0355;0000;0025;0086;0000;0000;0000;0000;0001;0008;0000;1000;0500;0077;32771;0099;0000;0001;9593370;0500;007;015;006;015;015;005;015;1000030;1001030;0000;0000;0000;0000;10000;16;0;0;100;0;0;0;0;0;0;0;0;0;0;0;0;0;0;0;0;0;0;0;0;0;0;0;0;0;0;0000000000
0017;BladeGhost;0001;0200;7786;00;0461;0416;0000;0028;0087;0000;0000;0000;0000;0001;0012;0000;1000;0500;0082;32771;0110;0000;0001;9593380;0500;007;016;007;016;016;006;017;1002000;1001040;0000;0000;0000;0000;10000;17;0;0;100;0;0;0;0;0;0;0;0;0;0;0;0;0;0;0;0;0;0;0;0;0;0;0;0;0;0;0000000000
0018;Birdman;0001;0205;8952;00;0540;0488;0000;0028;0085;0000;0000;0000;0000;0001;0008;0000;1000;0500;0087;32771;0150;0000;0001;9593400;0500;007;018;007;015;017;006;017;1002000;1001040;0000;0000;0000;0000;10000;18;0;0;100;0;0;0;0;0;0;0;0;0;0;0;0;0;0;0;0;0;0;0;0;0;0;0;0;0;0;0000000000
0019;HawKing;0001;0205;10293;00;0631;0570;0000;0028;0085;0000;0000;0000;0000;0001;0010;0000;1000;1000;0092;32771;0155;0000;0001;9593410;0500;007;018;007;016;017;007;017;1002000;1001040;0000;0000;0000;0000;10000;19;0;0;100;0;0;0;0;0;0;0;0;0;0;0;0;0;0;0;0;0;0;0;0;0;0;0;0;0;0;0000000000
0020;TombBat;0001;0206;24472;00;1253;1134;0000;0030;0086;0000;0000;0000;0000;0001;0010;0000;1000;1000;0102;32771;0167;0000;0003;9593460;0500;008;018;008;016;017;007;017;1002010;1002030;0000;0000;0000;0000;10000;20;0;0;100;0;0;0;0;0;0;0;0;0;0;0;0;0;0;0;0;0;0;0;0;0;0;0;0;0;0;0000000000
0025;BattleGhost;0001;0308;0548;00;0075;0067;0074;0004;0071;0000;0000;0000;0000;0001;0008;0000;1000;1000;0025;32771;0189;0000;0001;98053955;0500;001;003;001;003;003;099;001;1000030;1001010;0000;0000;0000;0000;10000;05;0;0;100;0;0;0;0;0;0;0;0;0;0;0;0;0;0;0;0;0;0;0;0;0;0;0;0;0;0;0000000000
0030;SmartMonkey;0001;0356;219900;00;0326;0195;0250;0005;0078;0000;0000;0000;0000;0020;0020;0000;1000;0500;0050;819203;0008;0000;0001;98054005;0400;004;008;004;008;008;001;004;1002000;1001020;1001;0070;0100;0000;10000;00;0;0;100;0;1;0;0;0;0;0;0;0;0;0;0;0;0;0;0;0;0;0;0;0;0;0;0;0;0;0000000000
0031;RoaringApe;0001;0356;264300;00;0417;0250;0300;0003;0079;0000;0000;0000;0000;0020;0020;0000;1000;0500;0055;819203;0009;0000;0002;98054017;0400;005;009;005;009;009;002;004;1002010;1001020;1150;0070;0100;0000;10000;00;0;0;100;0;1;0;0;0;0;0;0;0;0;0;0;0;0;0;0;0;0;0;0;0;0;0;0;0;0;0000000000
0032;SnowApe;0001;0303;318400;00;0528;0317;0350;0005;0082;0000;0000;0000;0000;0020;0020;0000;1000;0500;0060;819203;0010;0000;0001;98054027;0400;005;011;005;011;011;003;005;1002010;1001020;0000;0070;0000;0000;10000;00;0;0;100;0;1;0;0;0;0;0;0;0;0;0;0;0;0;0;0;0;0;0;0;0;0;0;0;0;0;0000000000
0033;CrazySnake;0001;0404;477100;00;0657;0394;0400;0003;0083;0000;0000;0000;0000;0020;0020;0000;1000;0500;0065;819203;0012;0000;0001;98054042;0400;006;012;006;012;012;003;005;1002010;1001020;0000;0070;0000;0000;10000;00;0;0;100;0;1;0;0;0;0;0;0;0;0;0;0;0;0;0;0;0;0;0;0;0;0;0;0;0;0;0000000000
0034;SandDevil;0001;0131;576000;00;0824;0497;0450;0004;0087;0000;0000;0000;0000;0020;0020;0000;1000;0500;0070;819203;0010;0000;0003;98054387;0400;006;013;006;013;013;004;006;1002010;1001020;0000;0060;0000;0000;10000;00;0;0;100;0;1;0;0;0;0;0;0;0;0;0;0;0;0;0;0;0;0;0;0;0;0;0;0;0;0;0000000000
0035;MountMonster;0001;0305;735800;00;0930;0560;0450;0003;0083;0000;0000;0000;0000;0020;0020;0000;1000;0500;0075;819203;0011;0000;0001;98054071;0400;006;014;006;014;014;004;006;1002010;1001020;0000;0060;0000;0000;10000;00;0;0;100;0;1;0;0;0;0;0;0;0;0;0;0;0;0;0;0;0;0;0;0;0;0;0;0;0;0;0000000000
0036;StoneGrinder;0001;0305;845900;00;1106;0665;0512;0008;0086;0000;0000;0000;0000;0020;0020;0000;1000;0500;0080;819203;0012;0000;0001;98054101;0400;007;015;006;015;015;005;007;1002010;1001020;0000;0060;0000;0000;10000;00;0;0;100;0;1;0;0;0;0;0;0;0;0;0;0;0;0;0;0;0;0;0;0;0;0;0;0;0;0;0000000000
0037;BladeMonster;0001;0400;1167300;00;1296;0780;0550;0007;0087;0000;0000;0000;0000;0020;0020;0000;1000;0500;0085;819203;0015;0000;0001;98054120;0400;007;016;007;016;016;006;007;1002020;1001020;0000;0060;0000;0000;10000;00;0;0;100;0;1;0;0;0;0;0;0;0;0;0;0;0;0;0;0;0;0;0;0;0;0;0;0;0;0;0000000000
0038;BirdKing;0001;0250;1342200;00;1520;0914;0600;0011;0091;0000;0000;0000;0000;0020;0020;0000;1000;0500;0090;819203;0009;0000;0001;98054139;0400;099;099;099;017;099;099;099;1002020;1001020;1002;0060;0030;0000;10000;00;0;0;100;0;1;0;0;0;0;0;0;0;0;0;0;0;0;0;0;0;0;0;0;0;0;0;0;0;0;0000000000
0039;SilverHawk;0001;0250;1543200;00;1775;1069;0700;0011;0092;0000;0000;0000;0000;0020;0020;0000;1000;1000;0095;819203;0010;0000;0001;98054152;0400;008;099;099;099;099;099;099;1002020;1001020;0000;0060;0000;0000;10000;19;0;0;100;0;1;0;0;0;0;0;0;0;0;0;0;0;0;0;0;0;0;0;0;0;0;0;0;0;0;0000000000
0040;Robber;0001;0201;2069700;00;2256;1125;0800;0013;0086;0000;0000;0000;0000;0020;0020;0000;1000;1000;0100;819203;0011;0000;0001;98054182;0400;099;099;008;099;099;099;099;1002020;1001020;0000;0060;0000;0000;10000;00;0;0;100;0;1;0;0;0;0;0;0;0;0;0;0;0;0;0;0;0;0;0;0;0;0;0;0;0;0;0000000000
0051;MonolithMonster;0001;0136;7358;00;0140;0120;0000;0003;0083;0000;0000;0000;0000;0001;0015;0000;1000;0500;0042;32771;0048;0000;0001;98053983;1000;000;000;000;000;000;000;009;0000;0000;0000;0000;0000;0000;10000;00;0;0;100;0;0;0;0;0;0;0;0;0;0;0;0;0;0;0;0;0;0;0;0;0;0;0;0;0;0;0000000000
0055;BanditL97;0001;0201;13805;00;0802;0600;0000;0030;0086;0000;0000;0000;0000;0001;0010;0000;1000;1000;0097;32771;0011;0000;0001;9593420;0500;099;019;099;099;099;099;099;1002010;1002030;0000;0000;0000;0000;10000;55;0;0;100;0;0;0;0;0;0;0;0;0;0;0;0;0;0;0;0;0;0;0;0;0;0;0;0;0;0;0000000000
0056;BloodyBat;0001;0148;28140;00;1602;1200;0000;0030;0085;0000;0000;0000;0000;0001;0010;0000;1000;1000;0107;32771;0211;0000;0001;9593470;0500;099;021;099;099;099;099;099;1002010;1002030;0000;0000;0000;0000;10000;56;0;0;100;0;0;0;0;0;0;0;0;0;0;0;0;0;0;0;0;0;0;0;0;0;0;0;0;0;0;0000000000
0057;BullMonster;0001;0317;35050;00;1880;1300;0000;0033;0086;0000;0000;0000;0000;0001;0010;0000;1000;1000;0112;32771;0235;0000;0001;9593480;0500;009;099;009;015;016;008;009;1002020;1002040;0000;0000;0000;0000;10000;57;0;0;100;0;0;0;0;0;0;0;0;0;0;0;0;0;0;0;0;0;0;0;0;0;0;0;0;0;0;0000000000
0058;RedDevilL117;0001;0197;60460;00;2228;1500;0000;0033;0086;0000;0000;0000;0000;0001;0010;0000;1000;1000;0117;32771;0250;0000;0001;9593490;0500;009;021;009;015;016;009;009;1002020;1002040;0000;0000;0000;0000;10000;58;0;0;100;0;0;0;0;0;0;0;0;0;0;0;0;0;0;0;0;0;0;0;0;0;0;0;0;0;0;0000000000
0059;RockMonsterL15;0001;0136;1000;00;0046;0040;0000;0003;0083;0000;0000;0000;0000;0001;0015;0000;1000;0500;0015;32771;0018;0000;0001;98053947;1000;000;000;000;000;000;000;000;0000;0000;0000;0000;0000;0000;10000;00;0;0;100;0;0;0;0;0;0;0;0;0;0;0;0;0;0;0;0;0;0;0;0;0;0;0;0;0;0;0000000000
0064;HeavyGhostL23;0001;0508;0731;00;0010;0009;0000;0000;0071;0000;0000;0000;0000;0002;0015;0000;1000;0500;0023;32771;0016;0000;0001;98053954;0200;001;003;001;003;003;099;001;1000030;1001010;0000;0000;0000;0000;10000;05;0;0;100;0;0;0;0;0;0;0;0;0;0;0;0;0;0;0;0;0;0;0;0;0;0;0;0;0;0;0000000000
0065;WingedSnakeL28;0001;0603;0890;00;0013;0011;0000;0000;0073;0000;0000;0000;0000;0002;0015;0000;1000;0250;0028;32771;0020;0000;0001;98053960;0100;002;004;002;004;004;099;002;1000030;1001020;0000;0000;0000;0000;10000;06;0;0;100;0;0;0;0;0;0;0;0;0;0;0;0;0;0;0;0;0;0;0;0;0;0;0;0;0;0;0000000000
0066;BanditL33;0001;0601;1635;00;0015;0014;0000;0000;0075;0000;0000;0000;0000;0002;0015;0000;1000;0250;0033;32771;0023;0000;0001;9593290;0100;003;005;002;005;005;099;002;1000030;1001020;0000;0000;0000;0000;10000;07;0;0;100;0;0;0;0;0;0;0;0;0;0;0;0;0;0;0;0;0;0;0;0;0;0;0;0;0;0;0000000000
0067;FireRatL38;0001;0219;1999;00;0020;0018;0000;0000;0078;0000;0000;0000;0000;0002;0015;0000;1000;0250;0038;32771;0027;0000;0001;9593300;0100;003;006;003;006;006;099;003;1002000;1001020;0000;0000;0000;0000;10000;08;0;0;100;0;0;0;0;0;0;0;0;0;0;0;0;0;0;0;0;0;0;0;0;0;0;0;0;0;0;0000000000
0068;FireSpiritL43;0001;0219;3658;00;0023;0021;0000;0000;0075;0000;0000;0000;0000;0002;0015;0000;1000;0250;0043;32771;0039;0000;0001;98053992;0100;004;007;003;007;007;000;003;1002000;1001020;0000;0000;0000;0000;10000;09;0;0;100;0;0;0;0;0;0;0;0;0;0;0;0;0;0;0;0;0;0;0;0;0;0;0;0;0;0;0000000000
0069;MacaqueL48;0001;0556;4400;00;0040;0036;0000;0000;0078;0000;0000;0000;0000;0002;0015;0000;1000;0250;0048;32771;0008;0000;0001;98054004;0100;004;008;004;008;008;001;004;1002000;1001020;0000;0000;0000;0000;10000;10;0;0;100;0;0;0;0;0;0;0;0;0;0;0;0;0;0;0;0;0;0;0;0;0;0;0;0;0;0;0000000000
0070;GiantApeL53;0001;0556;5289;00;0052;0047;0000;0000;0079;0000;0000;0000;0000;0002;0015;0000;1000;0250;0053;32771;0009;0000;0002;98054013;0100;005;009;005;009;009;002;004;1002010;1001020;0000;0000;0000;0000;10000;11;0;0;100;0;0;0;0;0;0;0;0;0;0;0;0;0;0;0;0;0;0;0;0;0;0;0;0;0;0;0000000000
0071;ThunderApeL58;0001;0503;6371;00;0065;0059;0000;0000;0082;0000;0000;0000;0000;0002;0015;0000;1000;0250;0058;32771;0010;0000;0001;98054025;0100;005;011;005;011;011;003;005;1002010;1001020;0000;0000;0000;0000;10000;12;0;0;100;0;0;0;0;0;0;0;0;0;0;0;0;0;0;0;0;0;0;0;0;0;0;0;0;0;0;0000000000
0072;SnakemanL63;0001;0604;9547;00;0081;0073;0000;0000;0083;0000;0000;0000;0000;0002;0015;0000;1000;0250;0063;32771;0012;0000;0001;98054040;0100;006;012;006;012;012;003;005;1002010;1001020;0000;0000;0000;0000;10000;13;0;0;100;0;0;0;0;0;0;0;0;0;0;0;0;0;0;0;0;0;0;0;0;0;0;0;0;0;0;0000000000
0073;SandMonsterL68;0001;0531;11526;00;0307;0278;0000;0004;0087;0000;0000;0000;0000;0002;0015;0000;1000;0250;0068;32771;0010;0000;0003;9593390;0100;006;013;006;013;013;004;006;1002010;1001020;0000;0000;0000;0000;10000;14;0;0;100;0;0;0;0;0;0;0;0;0;0;0;0;0;0;0;0;0;0;0;0;0;0;0;0;0;0;0000000000
0074;HillMonsterL73;0001;0505;14723;00;0348;0314;0000;0003;0083;0000;0000;0000;0000;0002;0015;0000;1000;0250;0073;32771;0011;0000;0001;98054067;0100;006;014;006;014;014;004;006;1002010;1001020;0000;0000;0000;0000;10000;15;0;0;100;0;0;0;0;0;0;0;0;0;0;0;0;0;0;0;0;0;0;0;0;0;0;0;0;0;0;0000000000
0075;RockMonsterL78;0001;0505;11284;00;0413;0373;0000;0008;0086;0000;0000;0000;0000;0002;0015;0000;1000;0250;0078;32771;0012;0000;0001;98054092;0100;007;015;006;015;015;005;007;1002010;1001020;0000;0000;0000;0000;10000;16;0;0;100;0;0;0;0;0;0;0;0;0;0;0;0;0;0;0;0;0;0;0;0;0;0;0;0;0;0;0000000000
0076;BladeGhostL83;0001;0200;15572;00;0484;0438;0000;0007;0087;0000;0000;0000;0000;0002;0015;0000;1000;0250;0083;32771;0015;0000;0001;98054117;0100;007;016;007;016;016;006;007;1002020;1001020;0000;0000;0100;0000;10000;17;0;0;100;0;0;0;0;0;0;0;0;0;0;0;0;0;0;0;0;0;0;0;0;0;0;0;0;0;0;0000000000
0077;BirdmanL88;0001;0605;17905;00;0568;0512;0000;0011;0091;0000;0000;0000;0000;0002;0015;0000;1000;0250;0088;32771;0009;0000;0001;98054129;0100;099;099;099;099;099;099;008;1002020;1001020;0000;0000;0000;0000;10000;18;0;0;100;0;0;0;0;0;0;0;0;0;0;0;0;0;0;0;0;0;0;0;0;0;0;0;0;0;0;0000000000
0078;HawkL93;0001;0605;20586;00;0663;0599;0000;0011;0092;0000;0000;0000;0000;0002;0018;0000;1000;0250;0093;32771;0010;0000;0001;9593430;0100;099;099;008;099;099;099;099;1002020;1001020;0000;0000;0000;0000;10000;19;0;0;100;0;0;0;0;0;0;0;0;0;0;0;0;0;0;0;0;0;0;0;0;0;0;0;0;0;0;0000000000
0079;BanditL98;0001;0601;27610;00;0842;0630;0000;0013;0086;0000;0000;0000;0000;0001;0018;0000;1000;0500;0098;32771;0011;0000;0001;9593440;0100;099;099;099;019;099;099;099;1002020;1001020;0000;0000;0000;0000;10000;55;0;0;100;0;0;0;0;0;0;0;0;0;0;0;0;0;0;0;0;0;0;0;0;0;0;0;0;0;0;0000000000
0080;TombBatL103;0001;0606;48944;00;1316;1191;0000;0013;0086;0000;0000;0000;0000;0002;0018;0000;1000;0500;0103;32771;0011;0000;0003;98054199;0100;008;099;099;099;020;099;099;1002020;1001020;0000;0000;0000;0000;10000;20;0;0;100;0;0;0;0;0;0;0;0;0;0;0;0;0;0;0;0;0;0;0;0;0;0;0;0;0;0;0000000000
0081;BloodyBatL108;0001;0248;56280;00;1682;1260;0000;0013;0089;0000;0000;0000;0000;0001;0018;0000;1000;0500;0108;32771;0012;0000;0001;98054212;0100;099;021;099;099;099;099;009;1002020;1001020;0000;0000;0000;0000;10000;56;0;0;100;0;0;0;0;0;0;0;0;0;0;0;0;0;0;0;0;0;0;0;0;0;0;0;0;0;0;0000000000
0082;BullMonsterL113;0001;0284;65535;00;1974;1365;0000;0019;0086;0000;0000;0000;0000;0001;0018;0000;1000;0500;0113;32771;0013;0000;0001;98054237;0100;099;099;009;099;099;099;099;1002020;1001020;0000;0000;0000;0000;10000;57;0;0;100;0;0;0;0;0;0;0;0;0;0;0;0;0;0;0;0;0;0;0;0;0;0;0;0;0;0;0000000000
0083;RedDevilL118;0001;0210;65535;00;2339;1575;0000;0019;0086;0000;0000;0000;0000;0001;0018;0000;1000;0500;0118;32771;0015;0000;0001;98054253;0100;009;099;099;099;021;099;009;1002020;1001020;0000;0000;0000;0000;10000;58;0;0;100;0;0;0;0;0;0;0;0;0;0;0;0;0;0;0;0;0;0;0;0;0;0;0;0;0;0;0000000000
0084;Banditti;0001;0201;26680;00;0884;0662;0000;0013;0086;0000;0000;0000;0000;0001;0010;1000;1000;0500;0098;32771;0011;0000;0001;9593450;0300;099;099;099;099;019;099;008;1002020;1001020;0000;0060;0000;0000;10000;00;0;0;100;0;0;0;0;0;0;0;0;0;0;0;0;0;0;0;0;0;0;0;0;0;0;0;0;0;0;0000000000
0085;SeniorBandit;0001;0201;45000;00;1389;1039;1000;0013;0086;0000;0000;0000;0000;0001;0020;4000;1000;0500;0103;32771;0011;0000;0001;98054198;0100;099;099;008;099;099;099;099;1002020;1001020;0000;0070;0000;0000;10000;00;0;0;100;0;0;0;0;0;0;0;0;0;0;0;0;0;0;0;0;0;0;0;0;0;0;0;0;0;0;0000000000
0086;VampireBat;0001;0148;50000;00;1766;1323;0900;0013;0089;0000;0000;0000;0000;0001;0010;1500;1000;0500;0108;32771;0012;0000;0001;98054211;0300;099;099;099;099;099;009;099;1002020;1001020;0000;0060;0000;0000;10000;56;0;0;100;0;0;0;0;0;0;0;0;0;0;0;0;0;0;0;0;0;0;0;0;0;0;0;0;0;0;0000000000
0087;VampireKing;0001;0148;55000;00;1850;1386;1000;0013;0089;0000;0000;0000;0000;0001;0020;50000;1000;0500;0113;32771;0012;0000;0001;98054236;0100;099;099;099;021;099;099;099;1002020;1001020;0000;0070;0000;0000;10000;00;0;0;100;0;0;0;0;0;0;0;0;0;0;0;0;0;0;0;0;0;0;0;0;0;0;0;0;0;0;0000000000
0088;BloodyDevil;0001;0197;60000;00;2455;1653;0900;0019;0086;0000;0000;0000;0000;0001;0010;2000;1000;0500;0118;32771;0015;0000;0001;98054252;0300;099;099;099;099;099;099;009;1002020;1001020;0000;0060;0000;0000;10000;58;0;0;100;0;0;0;0;0;0;0;0;0;0;0;0;0;0;0;0;0;0;0;0;0;0;0;0;0;0;0000000000
0089;DevilKing;0001;0197;65000;00;2572;1732;1000;0019;0086;0000;0000;0000;0000;0001;0020;120000;1000;0500;0120;32771;0015;0000;0001;98054261;0100;099;099;099;021;099;099;099;1002020;1001020;0000;0070;0000;0000;10000;00;0;0;100;0;0;0;0;0;0;0;0;0;0;0;0;0;0;0;0;0;0;0;0;0;0;0;0;0;0;0000000000
0090;FlyingBat;0001;0406;2447200;00;2351;1418;0900;0013;0086;0000;0000;0000;0000;0020;0020;0000;1000;1000;0105;819203;0011;0000;0003;98054203;0400;099;099;009;099;099;099;009;1002020;1001020;0000;0060;0000;0000;10000;00;0;0;100;0;1;0;0;0;0;0;0;0;0;0;0;0;0;0;0;0;0;0;0;0;0;0;0;0;0;0000000000
0091;BloodyKing;0001;0348;2814000;00;3005;1500;1000;0013;0089;0000;0000;0000;0000;0020;0020;0000;1000;1000;0110;819203;0012;0000;0001;98054221;0400;009;099;099;021;099;099;099;1002020;1001020;0000;0060;0000;0000;10000;00;0;0;100;0;1;0;0;0;0;0;0;0;0;0;0;0;0;0;0;0;0;0;0;0;0;0;0;0;0;0000000000
0092;BullDevil;0001;0317;3505000;00;3525;1625;1200;0019;0086;0000;0000;0000;0000;0020;0020;0000;1000;1000;0115;819203;0013;0000;0001;98054241;0400;099;099;099;099;022;099;099;1002020;1001020;0000;0060;0000;0000;10000;00;0;0;100;0;1;0;0;0;0;0;0;0;0;0;0;0;0;0;0;0;0;0;0;0;0;0;0;0;0;0000000000
0093;GreenDevil;0001;0397;6046000;00;4178;1875;1200;0019;0086;0000;0000;0000;0000;0020;0020;0000;1000;1000;0120;819203;0015;0000;0001;98054264;0400;099;099;009;099;021;099;099;1002020;1001020;0000;0060;0000;0000;10000;00;0;0;100;0;1;0;0;0;0;0;0;0;0;0;0;0;0;0;0;0;0;0;0;0;0;0;0;0;0;0000000000
0100;Skeleton;0001;0211;30000;00;2500;2500;0030;0020;0050;0000;0000;0000;0000;0011;0012;2000;2000;1000;0070;32771;0120;0000;0001;98054047;0500;007;015;006;015;015;005;007;1002010;1001020;0000;0050;0000;0000;10000;00;0;0;100;0;0;0;0;0;0;0;0;0;0;0;0;0;0;0;0;0;0;0;0;0;0;0;0;0;0;0000000000
0101;GhostWarrior;0001;0211;20000;00;2500;2500;0500;0015;0050;0000;0000;0000;0000;0004;0015;0500;1000;5000;0080;32771;0180;0000;0001;98054102;0100;007;015;006;015;015;005;007;1002010;1001020;0000;0030;0000;0000;10000;00;0;0;100;0;0;0;0;0;0;0;0;0;0;0;0;0;0;0;0;0;0;0;0;0;0;0;0;0;0;0000000000
0102;SkeletonKing;0001;0211;50000;00;2500;2500;0100;0020;0050;0000;0000;0000;0000;0012;0012;3000;2000;1000;0120;32771;0120;0000;0001;98054262;0500;007;015;006;015;015;005;007;1002010;1001020;0000;0050;0000;0000;10000;00;0;0;100;0;0;0;0;0;0;0;0;0;0;0;0;0;0;0;0;0;0;0;0;0;0;0;0;0;0;0000000000
0103;GhostAres;0001;0211;60000;00;2500;2500;0200;0020;0050;0000;0000;0000;0000;0012;0012;5000;2000;1000;0120;32771;0120;0000;0001;98054263;0500;007;015;006;015;015;005;007;1002010;1001020;0000;0070;0000;0000;10000;00;0;0;100;0;0;0;0;0;0;0;0;0;0;0;0;0;0;0;0;0;0;0;0;0;0;0;0;0;0;0000000000
0105;RockMonsterL17;0001;0136;0606;00;0038;0032;0000;0002;0069;0000;0000;0000;0000;0001;0010;0000;1000;1000;0017;32771;0015;0000;0001;98053948;1000;001;002;001;002;002;099;003;1000020;1001010;0000;0000;0000;0000;10000;00;0;0;100;0;0;0;0;0;0;0;0;0;0;0;0;0;0;0;0;0;0;0;0;0;0;0;0;0;0;0000000000
0106;RockMonsterL42;0001;0136;3656;00;0146;0119;0000;0006;0075;0000;0000;0000;0000;0001;0010;0000;1000;1000;0042;32771;0039;0000;0001;98053984;1000;004;007;003;007;007;000;009;1002000;1001020;0000;0000;0000;0000;10000;00;0;0;100;0;0;0;0;0;0;0;0;0;0;0;0;0;0;0;0;0;0;0;0;0;0;0;0;0;0;0000000000
0107;RockMonsterL72;0001;0136;14716;00;0545;0448;0000;0003;0083;0000;0000;0000;0000;0001;0015;0000;1000;1000;0072;32771;0079;0000;0001;98054055;1000;006;014;006;014;014;004;015;1002010;1001020;0000;0000;0000;0000;10000;00;0;0;100;0;0;0;0;0;0;0;0;0;0;0;0;0;0;0;0;0;0;0;0;0;0;0;0;0;0;0000000000
0108;RockMonsterL92;0001;0136;30864;00;1040;0855;0000;0011;0092;0000;0000;0000;0000;0001;0015;0000;1000;1000;0092;32771;0117;0000;0001;0000;1000;008;018;008;018;018;007;019;1002020;1001020;0000;0000;0000;0000;10000;00;0;0;100;0;0;0;0;0;0;0;0;0;0;0;0;0;0;0;0;0;0;0;0;0;0;0;0;0;0;0000000000
0110;WindSnake;0001;0203;0400;00;0073;0065;0000;0004;0073;0000;0000;0000;0000;0001;0008;0000;1000;0500;0027;32771;0020;0000;0001;98053956;0500;002;004;002;004;004;099;005;1000010;1001010;0000;0000;0000;0000;10000;00;0;0;100;0;0;0;0;0;0;0;0;0;0;0;0;0;0;0;0;0;0;0;0;0;0;0;0;0;0;0000000000
0111;AlienBandit;0001;0201;0600;00;0089;0081;0000;0006;0075;0000;0000;0000;0000;0001;0008;0000;1000;0500;0032;32771;0023;0000;0001;94005;0500;003;005;002;005;005;099;007;1000010;1001010;0000;0000;0000;0000;10000;00;0;0;100;0;0;0;0;0;0;0;0;0;0;0;0;0;0;0;0;0;0;0;0;0;0;0;0;0;0;0000000000
0112;FireRat;0001;0202;0800;00;0114;0103;0000;0006;0078;0000;0000;0000;0000;0001;0008;0000;1000;0500;0037;32771;0027;0000;0001;94010;0500;003;006;003;006;006;099;007;1000010;1001010;0000;0000;0000;0000;10000;00;0;0;100;0;0;0;0;0;0;0;0;0;0;0;0;0;0;0;0;0;0;0;0;0;0;0;0;0;0;0000000000
0113;BlazerSpirit;0001;0202;1500;00;0133;0119;0000;0006;0075;0000;0000;0000;0000;0001;0008;0000;1000;0500;0042;32771;0039;0000;0001;94015;0500;004;007;003;007;007;000;009;1000020;1001020;0000;0000;0000;0000;10000;00;0;0;100;0;0;0;0;0;0;0;0;0;0;0;0;0;0;0;0;0;0;0;0;0;0;0;0;0;0;0000000000
0120;MinMacaque;0001;0156;1759;00;0173;0156;0000;0005;0078;0000;0000;0000;0000;0001;0008;0000;1000;0500;0047;32771;0043;0000;0001;94020;0500;004;008;004;008;008;001;009;1000020;1001020;0000;0000;0000;0000;10000;00;0;0;100;0;0;0;0;0;0;0;0;0;0;0;0;0;0;0;0;0;0;0;0;0;0;0;0;0;0;0000000000
0121;ElfApe;0001;0156;2114;00;0222;0200;0000;0003;0079;0000;0000;0000;0000;0001;0008;0000;1000;0500;0052;32771;0047;0000;0002;94025;0500;005;009;005;009;009;002;011;1000020;1001020;0000;0000;0000;0000;10000;00;0;0;100;0;0;0;0;0;0;0;0;0;0;0;0;0;0;0;0;0;0;0;0;0;0;0;0;0;0;0000000000
0122;SlowApe;0001;0103;2547;00;0281;0253;0000;0005;0082;0000;0000;0000;0000;0001;0008;0000;1000;0500;0057;32771;0051;0000;0001;94030;0500;005;011;005;011;011;003;011;1000020;1001020;0000;0000;0000;0000;10000;00;0;0;100;0;0;0;0;0;0;0;0;0;0;0;0;0;0;0;0;0;0;0;0;0;0;0;0;0;0;0000000000
0123;SnakeMonster;0001;0204;3817;00;0350;0315;0000;0003;0083;0000;0000;0000;0000;0001;0008;0000;1000;0500;0062;32771;0066;0000;0001;94035;0500;006;012;006;012;012;003;013;1000030;1001030;0000;0000;0000;0000;10000;00;0;0;100;0;0;0;0;0;0;0;0;0;0;0;0;0;0;0;0;0;0;0;0;0;0;0;0;0;0;0000000000
0124;SandElf;0001;0131;4608;00;0439;0397;0000;0021;0087;0000;0000;0000;0000;0001;0008;0000;1000;0500;0067;32771;0036;0000;0002;0000;0500;006;013;006;013;013;004;013;1000030;1001030;0000;0000;0000;0000;10000;00;0;0;100;0;0;0;0;0;0;0;0;0;0;0;0;0;0;0;0;0;0;0;0;0;0;0;0;0;0;0000000000
0125;LapidatingMob;0001;0105;5886;00;0496;0448;0000;0025;0083;0000;0000;0000;0000;0001;0008;0000;1000;0500;0072;32771;0042;0000;0001;98054056;0500;006;014;006;014;014;004;015;1000030;1001030;0000;0000;0000;0000;10000;00;0;0;100;0;0;0;0;0;0;0;0;0;0;0;0;0;0;0;0;0;0;0;0;0;0;0;0;0;0;0000000000
0126;ToughMonster;0001;0105;6767;00;0589;0532;0000;0025;0086;0000;0000;0000;0000;0001;0008;0000;1000;0500;0077;32771;0042;0000;0001;0000;0500;007;015;006;015;015;005;015;1000030;1001030;0000;0000;0000;0000;10000;00;0;0;100;0;0;0;0;0;0;0;0;0;0;0;0;0;0;0;0;0;0;0;0;0;0;0;0;0;0;0000000000
0127;EvilBlade;0001;0200;9338;00;0691;0624;0000;0028;0087;0000;0000;0000;0000;0001;0012;0000;1000;0500;0082;32771;0054;0000;0001;0000;0500;007;016;007;016;016;006;017;1002000;1001040;0000;0000;0000;0000;10000;00;0;0;100;0;0;0;0;0;0;0;0;0;0;0;0;0;0;0;0;0;0;0;0;0;0;0;0;0;0;0000000000
0200;DevilKingL120;0001;0197;65000;00;0800;0800;0000;0019;0075;0000;0000;0000;0000;0001;0010;0000;2000;0500;0120;32771;0036;0000;0001;98054272;0100;009;021;009;021;022;009;021;1002020;1002030;1001;0000;0050;0000;10000;00;0;0;100;0;0;0;0;0;0;0;0;0;0;0;0;0;0;0;0;0;0;0;0;0;0;0;0;0;0;0000000000
0201;DevilKingL122;0001;0197;65000;00;0900;0900;0000;0019;0075;0000;0000;0000;0000;0001;0010;0000;2000;0500;0122;32771;0036;0000;0001;98054331;0100;009;021;009;021;022;009;021;1002020;1002030;1002;0000;0050;0000;10000;00;0;0;100;0;0;0;0;0;0;0;0;0;0;0;0;0;0;0;0;0;0;0;0;0;0;0;0;0;0;0000000000
0900;Guard1;0001;0900;65535;00;99999999;99999999;100000;0050;0085;0000;0000;0000;0000;0015;0015;0000;1000;1000;0500;32815;0000;0000;0001;0000;0500;000;000;000;000;000;000;000;1002020;1001020;8036;0000;0100;0000;0000;00;0;255;100;0;0;0;0;0;0;0;0;0;0;0;0;100000;0;0;0;0;0;0;0;0;0;0;0;0;0;0000000000
0910;Guard2;0001;0910;5000;00;99999999;99999999;50000;0250;0085;0000;0000;0000;0000;0002;0015;0000;1000;1000;0060;32831;0000;0000;0001;0000;0500;000;000;000;000;000;000;000;0000;0000;8036;0000;0100;0000;0000;00;0;0;100;0;0;0;0;0;0;0;0;0;0;0;0;0;0;0;0;0;0;0;0;0;0;0;0;0;0;0000000000
0911;Guard2;0001;0910;5000;00;5000;2000;50000;0250;0085;0000;0000;0000;0000;0002;0015;0000;1000;1000;0060;41018;0000;0000;0001;0000;0500;000;000;000;000;000;000;000;0000;0000;0000;0000;0000;0000;0000;00;0;0;100;0;0;0;0;0;0;0;0;0;0;0;0;0;0;0;0;0;0;0;0;0;0;0;0;0;0;0000000000
1400;HugeSnake;0001;0203;1828;00;0060;0060;0020;0015;0070;0000;0000;0000;0000;0001;0008;0000;2000;0500;0042;32771;0000;0000;0001;98053988;0500;004;007;003;007;007;000;009;1000020;1001020;1000;0000;0100;0000;10000;00;0;0;100;0;0;0;0;0;0;0;0;0;0;0;0;0;0;0;0;0;0;0;0;0;0;0;0;0;0;0000000000
1401;BanditLeader;0001;0201;2643;00;0100;0100;0020;0018;0070;0000;0000;0000;0000;0001;0008;0000;2000;0500;0052;32771;0000;0000;0002;98054011;0500;005;009;005;009;009;002;011;1000020;1001020;1000;0020;0100;0000;10000;00;0;0;100;0;0;0;0;0;0;0;0;0;0;0;0;0;0;0;0;0;0;0;0;0;0;0;0;0;0;0000000000
1402;HugeSpirit;0001;0202;3184;00;0160;0160;0050;0005;0070;0000;0000;0000;0000;0001;0008;0000;2000;0500;0057;32771;0000;0000;0001;98054021;0400;005;011;005;011;011;003;005;1002010;1001020;1000;0020;0100;0000;10000;00;0;0;100;0;0;0;0;0;0;0;0;0;0;0;0;0;0;0;0;0;0;0;0;0;0;0;0;0;0;0000000000
1403;CateranSoldier;0001;0201;4771;00;0220;0220;0050;0003;0070;0000;0000;0000;0000;0001;0008;0000;2000;0500;0062;32771;0000;0000;0001;98054036;0400;006;012;006;012;012;003;005;1002010;1001020;1000;0020;0100;0000;10000;00;0;0;100;0;0;0;0;0;0;0;0;0;0;0;0;0;0;0;0;0;0;0;0;0;0;0;0;0;0;0000000000
1404;SeniorCateran;0001;0201;5760;00;0260;0260;0080;0004;0070;0000;0000;0000;0000;0001;0008;0000;2000;0500;0067;32771;0000;0000;0000;98054046;0400;006;013;006;013;013;004;006;1002010;1001020;1000;0020;0100;0000;10000;00;0;0;100;0;0;0;0;0;0;0;0;0;0;0;0;0;0;0;0;0;0;0;0;0;0;0;0;0;0;0000000000
1405;CateranLeader;0001;0211;7358;00;0300;0300;0080;0003;0070;0000;0000;0000;0000;0001;0008;0000;2000;0500;0072;32771;0000;0000;0001;98054060;0400;006;014;006;014;014;004;006;1002010;1001020;1000;0020;0100;0000;10000;00;0;0;100;0;0;0;0;0;0;0;0;0;0;0;0;0;0;0;0;0;0;0;0;0;0;0;0;0;0;0000000000
1406;ChiefCateran;0001;0211;8459;00;0360;0360;0100;0008;0070;0000;0000;0000;0000;0001;0008;0000;2000;0500;0078;32771;0000;0000;0001;98054098;0400;007;015;006;015;015;005;007;1002010;1001020;1000;0020;0100;0000;10000;00;0;0;100;0;0;0;0;0;0;0;0;0;0;0;0;0;0;0;0;0;0;0;0;0;0;0;0;0;0;0000000000
1407;HugeApe;0001;0156;11673;00;0440;0440;0100;0007;0070;0000;0000;0000;0000;0001;0008;0000;2000;0500;0082;32771;0000;0000;0001;98054109;0400;007;016;007;016;016;006;007;1002020;1001020;1000;0020;0100;0000;10000;00;0;0;100;0;0;0;0;0;0;0;0;0;0;0;0;0;0;0;0;0;0;0;0;0;0;0;0;0;0;0000000000
1408;SeniorApe;0001;0103;13422;00;0500;0500;0150;0011;0070;0000;0000;0000;0000;0009;0008;0000;2000;0500;0088;32771;0000;0000;0001;98054135;0400;008;017;007;017;017;007;008;1002020;1001020;1000;0020;0100;0000;10000;00;0;0;100;0;0;0;0;0;0;0;0;0;0;0;0;0;0;0;0;0;0;0;0;0;0;0;0;0;0;0000000000
1409;AlienApe;0001;0503;15432;00;0600;0600;0150;0011;0070;0000;0000;0000;0000;0001;0010;0000;2000;1000;0092;32771;0000;0000;0001;98054144;0400;008;018;008;018;018;007;008;1002020;1001020;1000;0020;0100;0000;10000;00;0;0;100;0;0;0;0;0;0;0;0;0;0;0;0;0;0;0;0;0;0;0;0;0;0;0;0;0;0;0000000000
1410;SeniorSnakeman;0001;0204;20697;00;0620;0620;0200;0013;0070;0000;0000;0000;0000;0001;0010;0000;2000;1000;0097;32771;0000;0000;0001;98054166;0400;008;019;008;019;019;008;008;1002020;1001020;1000;0020;0100;0000;10000;00;0;0;100;0;0;0;0;0;0;0;0;0;0;0;0;0;0;0;0;0;0;0;0;0;0;0;0;0;0;0000000000
1411;Serpent;0001;0404;24472;00;0700;0700;0200;0013;0070;0000;0000;0000;0000;0001;0010;0000;2000;1000;0102;32771;0000;0000;0001;98054194;0400;008;020;009;020;020;008;009;1002020;1001020;1000;0020;0100;0000;10000;00;0;0;100;0;0;0;0;0;0;0;0;0;0;0;0;0;0;0;0;0;0;0;0;0;0;0;0;0;0;0000000000
1412;SeniorSerpent;0001;0604;28140;00;0800;0800;0250;0013;0070;0000;0000;0000;0000;0001;0010;0000;2000;1000;0107;32771;0000;0000;0001;98054208;0400;009;021;009;021;021;009;009;1002020;1001020;1000;0020;0100;0000;10000;00;0;0;100;0;0;0;0;0;0;0;0;0;0;0;0;0;0;0;0;0;0;0;0;0;0;0;0;0;0;0000000000
1413;AlienSerpent;0001;0204;35050;00;0900;0900;0250;0019;0070;0000;0000;0000;0000;0001;0010;0000;2000;1000;0112;32771;0000;0000;0001;98054231;0400;009;022;009;022;022;009;009;1002020;1001020;1000;0020;0100;0000;10000;00;0;0;100;0;0;0;0;0;0;0;0;0;0;0;0;0;0;0;0;0;0;0;0;0;0;0;0;0;0;0000000000
1414;Basilisk;0001;0204;60460;00;1000;1000;0300;0019;0070;0000;0000;0000;0000;0010;0010;0000;2000;1000;0117;32771;0000;0000;0001;98054248;0400;009;021;009;021;021;009;009;1002020;1001020;1000;0020;0100;0000;10000;00;0;0;100;0;0;0;0;0;0;0;0;0;0;0;0;0;0;0;0;0;0;0;0;0;0;0;0;0;0;0000000000
1610;Goblin;0001;0133;0033;00;0006;0005;0000;0000;0036;0000;0000;0000;0000;0001;0008;0000;1000;0500;0001;32771;0006;0000;0000;98053912;0500;099;099;099;099;099;099;099;1000000;1001000;0000;0000;0000;0000;10000;00;0;0;100;0;0;0;0;0;0;0;0;0;0;0;0;0;0;0;0;0;0;0;0;0;0;0;0;0;0;0000000000
2000;Robot;0001;0214;280000;00;0282;0179;0130;0050;0009;0000;0000;0000;0000;0001;0008;0000;1000;0500;0060;32771;0000;0000;0001;0000;0200;099;099;099;099;099;099;099;1002020;1002030;0000;0034;0000;0000;10000;00;0;0;100;0;0;0;0;0;0;0;0;0;0;0;0;0;0;0;0;0;0;0;0;0;0;0;0;0;0;0000000000
2001;Robot;0001;0214;300000;00;0395;0245;0160;0055;0012;0000;0000;0000;0000;0001;0008;0000;1000;0500;0060;32771;0000;0000;0001;0000;0200;099;099;099;099;099;099;099;1002020;1002030;0000;0045;0000;0000;10000;00;0;0;100;0;0;0;0;0;0;0;0;0;0;0;0;0;0;0;0;0;0;0;0;0;0;0;0;0;0;0000000000
2002;Robot;0001;0214;320000;00;0616;0367;0210;0060;0015;0000;0000;0000;0000;0001;0008;0000;1000;0500;0060;32771;0000;0000;0001;0000;0200;099;099;099;099;099;099;099;1002020;1002030;0000;0053;0000;0000;10000;00;0;0;100;0;0;0;0;0;0;0;0;0;0;0;0;0;0;0;0;0;0;0;0;0;0;0;0;0;0;0000000000
2003;Robot;0001;0214;350000;00;0724;0429;0290;0065;0015;0000;0000;0000;0000;0001;0008;0000;1000;0500;0060;32771;0000;0000;0001;0000;0200;099;099;099;099;099;099;099;1002020;1002030;0000;0053;0000;0000;10000;00;0;0;100;0;0;0;0;0;0;0;0;0;0;0;0;0;0;0;0;0;0;0;0;0;0;0;0;0;0;0000000000
2005;WaterElf;0001;0213;50000;00;0930;0656;0290;0080;0040;0000;0000;0000;0000;0001;0008;0000;0500;1000;0060;32771;0000;0000;0001;0000;0500;099;099;099;099;099;099;099;0000;0000;0000;0045;0000;0000;10000;00;0;0;100;0;0;0;0;0;0;0;0;0;0;0;0;0;0;0;0;0;2000;0;0;0;0;0;0;0;0;0000000000
2006;WaterElf;0001;0213;70000;00;1062;0750;0320;0080;0040;0000;0000;0000;0000;0001;0008;0000;0500;1000;0065;32771;0000;0000;0001;0000;0500;099;099;099;099;099;099;099;0000;0000;0000;0046;0000;0000;10000;00;0;0;100;0;0;0;0;0;0;0;0;0;0;0;0;0;0;0;0;0;2500;0;0;0;0;0;0;0;0;0000000000
2007;WaterElf;0001;0213;80000;00;1292;0910;0510;0080;0040;0000;0000;0000;0000;0001;0008;0000;0500;1000;0070;32771;0000;0000;0001;0000;0500;099;099;099;099;099;099;099;0000;0000;0000;0050;0000;0000;10000;00;0;0;100;0;0;0;0;0;0;0;0;0;0;0;0;0;0;0;0;0;3000;0;0;0;0;0;0;0;0;0000000000
2008;WaterElf;0001;0213;90000;00;1428;1000;0600;0080;0040;0000;0000;0000;0000;0001;0008;0000;0500;1000;0075;32771;0000;0000;0001;0000;0500;099;099;099;099;099;099;099;0000;0000;0000;0053;0000;0000;10000;00;0;0;100;0;0;0;0;0;0;0;0;0;0;0;0;0;0;0;0;0;3500;0;0;0;0;0;0;0;0;0000000000
2009;WaterElf;0001;0213;100000;00;1570;1100;0700;0080;0040;0000;0000;0000;0000;0001;0008;0000;0500;0500;0080;32771;0000;0000;0001;0000;0300;099;099;099;099;099;099;099;0000;0000;0000;0055;0000;0000;10000;00;0;0;100;0;0;0;0;0;0;0;0;0;0;0;0;0;0;0;0;0;4000;0;0;0;0;0;0;0;0;0000000000
2010;Robot;0001;0274;380000;00;1231;0704;0530;0070;0020;0000;0000;0000;0000;0001;0008;0000;1000;0500;0060;32771;0000;0000;0001;0000;0200;099;099;099;099;099;099;099;1002020;1002030;0000;0050;0000;0000;10000;00;0;0;100;0;0;0;0;0;0;0;0;0;0;0;0;0;0;0;0;0;0;0;0;0;0;0;0;0;0;0000000000
2011;Robot;0001;0274;400000;00;1673;0941;0800;0070;0025;0000;0000;0000;0000;0001;0008;0000;1000;0500;0060;32771;0000;0000;0001;0000;0200;099;099;099;099;099;099;099;1002020;1002030;0000;0053;0000;0000;10000;00;0;0;100;0;0;0;0;0;0;0;0;0;0;0;0;0;0;0;0;0;0;0;0;0;0;0;0;0;0;0000000000
2012;Robot;0001;0274;450000;00;1991;1107;0950;0070;0030;0000;0000;0000;0000;0001;0008;0000;1000;0500;0060;32771;0000;0000;0001;0000;0200;099;099;099;099;099;099;099;1002020;1002030;0000;0055;0000;0000;10000;00;0;0;100;0;0;0;0;0;0;0;0;0;0;0;0;0;0;0;0;0;0;0;0;0;0;0;0;0;0;0000000000
2013;Robot;0001;0374;500000;00;2226;1235;1600;0070;0035;0000;0000;0000;0000;0001;0008;0000;1000;0500;0060;32771;0000;0000;0001;0000;0200;099;099;099;099;099;099;099;1002020;1002030;0000;0055;0000;0000;10000;00;0;0;100;0;0;0;0;0;0;0;0;0;0;0;0;0;0;0;0;0;0;0;0;0;0;0;0;0;0;0000000000
2020;DivineHare;0001;0207;50000;00;0182;0122;1300;0100;0035;0000;0000;0000;0000;0001;0008;0000;1000;0500;0055;32803;0000;0000;0001;0000;0200;099;099;099;099;099;099;099;0000;0000;0000;0094;0000;0000;10000;00;0;0;100;0;0;0;0;0;0;0;0;0;0;0;0;0;0;0;0;0;0;0;0;0;0;0;0;0;0;0000000000
2021;DivineHare;0001;0207;60000;00;0200;0134;1400;0100;0040;0000;0000;0000;0000;0001;0008;0000;1000;0500;0065;32803;0000;0000;0001;0000;0200;099;099;099;099;099;099;099;0000;0000;0000;0096;0000;0000;10000;00;0;0;100;0;0;0;0;0;0;0;0;0;0;0;0;0;0;0;0;0;0;0;0;0;0;0;0;0;0;0000000000
2022;DivineHare;0001;0267;70000;00;0240;0160;1500;0100;0045;0000;0000;0000;0000;0001;0008;0000;1000;0500;0075;32803;0000;0000;0001;0000;0200;099;099;099;099;099;099;099;0000;0000;0000;0097;0000;0000;10000;00;0;0;100;0;0;0;0;0;0;0;0;0;0;0;0;0;0;0;0;0;0;0;0;0;0;0;0;0;0;0000000000
2023;DivineHare;0001;0267;80000;00;0258;0172;1600;0100;0050;0000;0000;0000;0000;0001;0008;0000;1000;0500;0085;32803;0000;0000;0001;0000;0200;099;099;099;099;099;099;099;0000;0000;0000;0098;0000;0000;10000;00;0;0;100;0;0;0;0;0;0;0;0;0;0;0;0;0;0;0;0;0;0;0;0;0;0;0;0;0;0;0000000000
2024;DivineHare;0001;0229;100000;00;0300;0200;1900;0100;0055;0000;0000;0000;0000;0001;0008;0000;1000;0500;0095;32803;0000;0000;0001;0000;0200;099;099;099;099;099;099;099;0000;0000;0000;0099;0000;0000;10000;00;0;0;100;0;0;0;0;0;0;0;0;0;0;0;0;0;0;0;0;0;0;0;0;0;0;0;0;0;0;0000000000
2030;NightDevil;0001;0217;100000;00;1215;0610;0100;0100;0030;0000;0000;0000;0000;0007;0008;0000;0500;0100;0080;32771;0000;0000;0007;0000;0200;099;099;099;099;099;099;099;0000;0000;0000;0096;0000;0000;10000;00;0;0;100;0;0;0;0;0;0;0;0;0;0;0;0;0;0;0;0;0;0;0;0;2000;0;0;0;0;0;0000000000
2031;NightDevil;0001;0217;100000;00;1310;0650;0400;0100;0030;0000;0000;0000;0000;0007;0008;0000;0500;0100;0090;32771;0000;0000;0007;0000;0200;099;099;099;099;099;099;099;0000;0000;0000;0097;0000;0000;10000;00;0;0;100;0;0;0;0;0;0;0;0;0;0;0;0;0;0;0;0;0;0;0;0;3000;0;0;0;0;0;0000000000
2032;NightDevil;0001;0277;100000;00;1420;0710;0650;0100;0030;0000;0000;0000;0000;0008;0008;0000;0500;0100;0100;32771;0000;0000;0008;0000;0200;099;099;099;099;099;099;099;0000;0000;0000;0098;0000;0000;10000;00;0;0;100;0;0;0;0;0;0;0;0;0;0;0;0;0;0;0;0;0;0;0;0;4000;0;0;0;0;0;0000000000
2033;NightDevil;0001;0277;100000;00;1555;0780;0720;0110;0030;0000;0000;0000;0000;0009;0008;0000;0500;0100;0110;32771;0000;0000;0009;0000;0200;099;099;099;099;099;099;099;0000;0000;0000;0098;0000;0000;10000;00;0;0;100;0;0;0;0;0;0;0;0;0;0;0;0;0;0;0;0;0;0;0;0;5000;0;0;0;0;0;0000000000
2034;NightDevil;0001;0377;100000;00;1660;0840;1200;0120;0030;0000;0000;0000;0000;0009;0008;0000;0500;0100;0120;32771;0000;0000;0009;0000;0200;099;099;099;099;099;099;099;0000;0000;0000;0099;0000;0000;10000;00;0;0;100;0;0;0;0;0;0;0;0;0;0;0;0;0;0;0;0;0;0;0;0;6000;0;0;0;0;0;0000000000
2040;WaterElf;0001;0273;110000;00;1700;1200;0880;0080;0040;0000;0000;0000;0000;0001;0008;0000;0500;0500;0085;32771;0000;0000;0001;0000;0300;099;099;099;099;099;099;099;0000;0000;0000;0057;0000;0000;10000;00;0;0;100;0;0;0;0;0;0;0;0;0;0;0;0;0;0;0;0;0;5000;0;0;0;0;0;0;0;0;0000000000
2041;WaterElf;0001;0273;120000;00;1900;1300;1540;0080;0040;0000;0000;0000;0000;0001;0008;0000;0500;0500;0095;32771;0000;0000;0001;0000;0300;099;099;099;099;099;099;099;0000;0000;0000;0059;0000;0000;10000;00;0;0;100;0;0;0;0;0;0;0;0;0;0;0;0;0;0;0;0;0;6000;0;0;0;0;0;0;0;0;0000000000
2042;WaterElf;0001;0273;130000;00;2100;1500;1880;0080;0040;0000;0000;0000;0000;0001;0008;0000;0500;0500;0105;32771;0000;0000;0001;0000;0300;099;099;099;099;099;099;099;0000;0000;0000;0061;0000;0000;10000;00;0;0;100;0;0;0;0;0;0;0;0;0;0;0;0;0;0;0;0;0;7000;0;0;0;0;0;0;0;0;0000000000
2043;WaterElf;0001;0373;150000;00;2300;1600;1970;0080;0040;0000;0000;0000;0000;0001;0008;0000;0500;0500;0115;32771;0000;0000;0001;0000;0300;099;099;099;099;099;099;099;0000;0000;0000;0063;0000;0000;10000;00;0;0;100;0;0;0;0;0;0;0;0;0;0;0;0;0;0;0;0;0;8000;0;0;0;0;0;0;0;0;0000000000
2100;Pheasant;0001;0231;0033;00;0006;0005;0000;0000;0036;0000;0000;0000;0000;0001;0006;0000;1000;0500;0001;32771;0006;0000;0000;98053925;0500;099;099;099;099;099;099;099;1000000;1001000;0000;0000;0000;0000;10000;01;0;0;100;0;0;0;0;0;0;0;0;0;0;0;0;0;0;0;0;0;0;0;0;0;0;0;0;0;0;0000000000
2101;Robin;0001;0132;0183;00;0035;0031;0000;0002;0036;0000;0000;0000;0000;0001;0008;0000;1000;0500;0012;32771;0015;0000;0000;0000;0500;000;001;000;001;001;099;003;1000000;1001000;0000;0000;0000;0000;10000;03;6;0;100;0;0;0;0;0;0;0;0;0;0;0;0;0;0;0;0;0;0;0;0;0;0;0;0;0;0;0000000000
2102;Apparition;0001;0233;0183;00;0035;0031;0000;0002;0036;0000;0000;0000;0000;0001;0008;0000;1000;0500;0012;32771;0015;0000;0000;0000;0500;000;001;000;001;001;099;003;1000000;1001000;0000;0000;0000;0000;10000;03;6;0;100;0;0;0;0;0;0;0;0;0;0;0;0;0;0;0;0;0;0;0;0;0;0;0;0;0;0;0000000000
2104;DisGoblin;0001;0326;0300;00;0020;0019;0000;0010;0075;0000;0000;0000;0000;0001;0008;0000;1000;0500;0010;32771;0029;0000;0001;7594200;0500;003;005;002;005;005;099;007;1000010;1001010;0000;0000;0000;0000;10000;07;10;0;100;0;0;0;0;0;0;0;0;0;0;0;0;0;0;0;0;0;0;0;0;0;0;0;0;0;0;0000000000
2105;UndeadPuppet;0001;0160;0300;00;0058;0053;0000;0010;0075;0000;0000;0000;0000;0001;0008;0000;1000;0500;0010;32771;0029;0000;0001;7594200;0500;003;005;002;005;005;099;007;1000010;1001010;0000;0000;0000;0000;10000;07;10;0;100;0;0;0;0;0;0;0;0;0;0;0;0;0;0;0;0;0;0;0;0;0;0;0;0;0;0;0000000000
2106;GhostWolf;0001;0325;0500;00;0092;0082;0000;0010;0075;0000;0000;0000;0000;0001;0008;0000;1000;0500;0020;32771;0029;0000;0001;7594200;0500;003;005;002;005;005;099;007;1000010;1001010;0000;0000;0000;0000;10000;07;10;0;100;0;0;0;0;0;0;0;0;0;0;0;0;0;0;0;0;0;0;0;0;0;0;0;0;0;0;0000000000
2107;DisMessenger;0001;0329;0500;00;0092;0082;0000;0010;0075;0000;0000;0000;0000;0001;0008;0000;1000;0500;0020;32771;0029;0000;0001;7594200;0500;003;005;002;005;005;099;007;1000010;1001010;0000;0000;0000;0000;10000;07;10;0;100;0;0;0;0;0;0;0;0;0;0;0;0;0;0;0;0;0;0;0;0;0;0;0;0;0;0;0000000000
2108;Phantom;0001;0354;1000;00;0092;0082;0000;0010;0075;0000;0000;0000;0000;0001;0008;0000;1000;0500;0030;32771;0029;0000;0001;7594200;0500;003;005;002;005;005;099;007;1000010;1001010;0000;0000;0000;0000;10000;07;10;0;100;0;0;0;0;0;0;0;0;0;0;0;0;0;0;0;0;0;0;0;0;0;0;0;0;0;0;0000000000
2109;FlyingDemon;0001;0357;1000;00;0092;0082;0000;0010;0075;0000;0000;0000;0000;0001;0008;0000;1000;0500;0030;32771;0029;0000;0001;7594200;0500;003;005;002;005;005;099;007;1000010;1001010;0000;0000;0000;0000;10000;07;10;0;100;0;0;0;0;0;0;0;0;0;0;0;0;0;0;0;0;0;0;0;0;0;0;0;0;0;0;0000000000
2131;Bat;0001;0357;0500;00;0100;0020;0100;0046;0090;0000;0000;0000;0000;0003;0020;0000;1000;0500;0120;32771;0174;0000;0002;0000;0500;099;099;099;099;099;099;099;0000;0000;0000;0000;0000;0000;10000;00;0;0;100;0;0;0;0;0;0;0;0;0;0;0;0;0;0;0;0;0;0;0;0;0;0;0;0;0;0;0000000000
2132;Mink;0001;0209;0500;00;0100;0020;0100;0046;0090;0000;0000;0000;0000;0003;0020;0000;1000;0500;0120;32771;0174;0000;0002;0000;0500;099;099;099;099;099;099;099;0000;0000;0000;0000;0000;0000;10000;00;0;0;100;0;0;0;0;0;0;0;0;0;0;0;0;0;0;0;0;0;0;0;0;0;0;0;0;0;0;0000000000
2133;ArenaSentinel1;0001;0900;15000;00;1504;1125;0800;0013;0086;0000;0000;0000;0000;0001;0010;0000;1000;1000;0130;32771;0125;0000;0001;98054374;0400;099;099;099;099;099;099;099;1002020;1002030;0000;0015;0000;0000;10000;00;0;255;100;0;0;0;0;0;0;0;0;0;0;0;0;0;0;0;0;0;0;0;0;0;0;0;0;0;0;0000000000
2134;ArenaSentinel2;0001;0900;15000;00;1504;1125;0800;0013;0086;0000;0000;0000;0000;0001;0010;0000;1000;1000;0130;32771;0125;0000;0001;98054375;0400;099;099;099;099;099;099;099;1002020;1002030;0000;0015;0000;0000;10000;00;0;255;100;0;0;0;0;0;0;0;0;0;0;0;0;0;0;0;0;0;0;0;0;0;0;0;0;0;0;0000000000
2135;ArenaSentinel3;0001;0900;15000;00;1504;1125;0800;0013;0086;0000;0000;0000;0000;0001;0010;0000;1000;1000;0120;32771;0125;0000;0001;98054328;0400;099;099;099;099;099;099;099;1002020;1002030;0000;0015;0000;0000;10000;00;0;225;100;0;0;0;0;0;0;0;0;0;0;0;0;0;0;0;0;0;0;0;0;0;0;0;0;0;0;0000000000
2136;ArenaSentinel4;0001;0900;15000;00;1504;1125;0800;0013;0086;0000;0000;0000;0000;0001;0010;0000;1000;1000;0110;32771;0125;0000;0001;98054225;0400;099;099;099;099;099;099;099;1002020;1002030;0000;0015;0000;0000;10000;00;0;170;100;0;0;0;0;0;0;0;0;0;0;0;0;0;0;0;0;0;0;0;0;0;0;0;0;0;0;0000000000
2137;ArenaSentinel5;0001;0900;15000;00;1504;1125;0800;0013;0086;0000;0000;0000;0000;0001;0010;0000;1000;1000;0110;32771;0125;0000;0001;98054226;0400;099;099;099;099;099;099;099;1002020;1002030;0000;0015;0000;0000;10000;00;0;150;100;0;0;0;0;0;0;0;0;0;0;0;0;0;0;0;0;0;0;0;0;0;0;0;0;0;0;0000000000
2138;ArenaSentinel6;0001;0900;15000;00;1504;1125;0800;0013;0086;0000;0000;0000;0000;0001;0010;0000;1000;1000;0100;32771;0125;0000;0001;98054184;0400;099;099;099;099;099;099;099;1002020;1002030;0000;0015;0000;0000;10000;00;0;120;100;0;0;0;0;0;0;0;0;0;0;0;0;0;0;0;0;0;0;0;0;0;0;0;0;0;0;0000000000
2139;ArenaSentinel7;0001;0900;15000;00;1504;1125;0800;0013;0086;0000;0000;0000;0000;0001;0010;0000;1000;1000;0100;32771;0125;0000;0001;98054185;0400;099;099;099;099;099;099;099;1002020;1002030;0000;0015;0000;0000;10000;00;0;100;100;0;0;0;0;0;0;0;0;0;0;0;0;0;0;0;0;0;0;0;0;0;0;0;0;0;0;0000000000
2140;CastleBandit;0001;0201;0545;00;0015;0013;0000;0000;0075;0000;0000;0000;0000;0001;0008;0000;1000;0500;0022;32771;0023;0000;0001;98053952;0500;003;005;002;005;005;099;007;1000010;1001010;0000;0000;0000;0000;10000;07;0;0;100;0;0;0;0;0;0;0;0;0;0;0;0;0;0;0;0;0;0;0;0;0;0;0;0;0;0;0000000000
2141;CloudtheLustful;0001;0160;1600;00;0100;0091;0000;0010;0075;0000;0000;0000;0000;0001;0008;0000;1000;0500;0032;32771;0023;0000;0001;98053967;0500;003;005;002;005;005;099;007;1000010;1001010;0000;0000;0000;0000;10000;07;10;0;100;0;0;0;0;0;0;0;0;0;0;0;0;0;0;0;0;0;0;0;0;0;0;0;0;0;0;0000000000
2142;Gangster;0001;0201;0817;00;0067;0061;0000;0010;0075;0000;0000;0000;0000;0001;0008;0000;1000;0500;0032;32771;0023;0000;0001;98053968;0500;003;005;002;005;005;099;007;1000010;1001010;0000;0000;0000;0000;10000;07;10;0;100;0;0;0;0;0;0;0;0;0;0;0;0;0;0;0;0;0;0;0;0;0;0;0;0;0;0;0000000000
2143;Vulture;0001;0132;1467;00;0038;0035;0000;0000;0078;0000;0000;0000;0000;0001;0008;0000;1000;0500;0047;32771;0000;0000;0001;98053999;0500;004;008;004;008;008;001;009;1000020;1001020;0000;0000;0000;0000;10000;10;12;0;100;0;0;0;0;0;0;0;0;0;0;0;0;0;0;0;0;0;0;0;0;0;0;0;0;0;0;0000000000
2146;Devil;0001;0240;0033;00;0006;0005;0000;0000;0000;0000;0000;0000;0000;0001;0010;0000;1000;0500;0001;32771;0003;0000;0001;98053917;0500;099;099;099;099;099;099;099;1000000;1001000;0000;0000;0000;0000;10000;00;0;0;100;0;0;0;0;0;0;0;0;0;0;0;0;0;0;0;0;0;0;0;0;0;0;0;0;0;0;0000000000
2147;VenomousApe;0001;0225;3000;00;0217;0195;0050;0000;0000;0000;0000;0000;0000;0001;0018;0000;1000;1000;0050;32771;0018;0000;0001;98054006;0500;099;099;099;099;099;099;099;0000;0000;0000;0000;0000;0000;10000;00;0;0;100;0;0;0;0;0;0;0;0;0;0;0;0;0;0;0;0;0;0;0;0;0;0;0;0;0;0;0000000000
2148;ApeLeader;0001;0556;5000;00;0257;0245;0050;0000;0000;0000;0000;0000;0000;0001;0018;0000;1000;1000;0050;32771;0132;0000;0001;98054007;0500;000;000;000;000;000;000;000;0000;0000;0000;0000;0000;0000;10000;00;0;0;100;0;0;0;0;0;0;0;0;0;0;0;0;0;0;0;0;0;0;0;0;0;0;0;0;0;0;0000000000
2149;JadePhantom;0001;0397;13805;00;0082;0077;0000;0000;0086;0000;0000;0000;0000;0001;0010;0000;1000;1000;0060;32771;0017;0000;0001;98054031;0500;008;099;099;099;099;099;099;1002010;1002030;0000;0000;0000;0000;10000;00;0;0;100;0;0;0;0;0;0;0;0;0;0;0;0;0;0;0;0;0;0;0;0;0;0;0;0;0;0;0000000000
2150;KidCatcher;0001;0130;1500;00;0628;0500;0000;0046;0085;0000;0000;0000;0000;0001;0015;0000;1000;0500;0075;32771;0011;0000;0002;98054072;0500;099;099;099;099;099;099;000;0000;0000;0000;0000;0000;0000;10000;00;0;0;100;0;0;0;0;0;0;0;0;0;0;0;0;0;0;0;0;0;0;0;0;0;0;0;0;0;0;0000000000
2151;KidHunter;0001;0326;5000;00;0900;0800;0000;0018;0078;0000;0000;0000;0000;0001;0008;0000;1000;0500;0075;32771;0011;0000;0001;98054073;0500;004;008;004;008;008;001;009;1000020;1001020;0000;0000;0000;0000;10000;10;12;0;100;0;0;0;0;0;0;0;0;0;0;0;0;0;0;0;0;0;0;0;0;0;0;0;0;0;0;0000000000
2152;KidSiezer;0001;0326;10000;00;0900;0800;0000;0018;0078;0000;0000;0000;0000;0001;0008;0000;1000;0500;0075;32771;0011;0000;0001;98054074;0500;004;008;004;008;008;001;009;1000020;1001020;0000;0000;0000;0000;10000;10;12;0;100;0;0;0;0;0;0;0;0;0;0;0;0;0;0;0;0;0;0;0;0;0;0;0;0;0;0;0000000000
2153;FishElf;0001;0130;1000;00;0100;0500;0000;0050;0085;0000;0000;0000;0000;0015;0015;0000;1000;1000;0075;32783;0000;0000;0001;98054075;0500;000;000;000;000;000;000;000;1000020;1001020;8036;0000;0100;0000;1000;00;0;0;100;0;0;0;0;0;0;0;0;0;0;0;0;0;0;0;0;0;0;0;0;0;0;0;0;0;0;0000000000
2154;MouseElf;0001;0202;1000;00;0100;0500;0000;0050;0085;0000;0000;0000;0000;0015;0015;0000;1000;1000;0075;32783;0000;0000;0001;98054076;0500;000;000;000;000;000;000;000;1000020;1001020;8036;0000;0100;0000;1000;00;0;0;100;0;0;0;0;0;0;0;0;0;0;0;0;0;0;0;0;0;0;0;0;0;0;0;0;0;0;0000000000
2155;KidRipper;0001;0202;1500;00;0628;0500;0000;0046;0085;0000;0000;0000;0000;0001;0015;0000;1000;0500;0075;32771;0011;0000;0002;98054077;0500;099;099;099;099;099;099;000;0000;0000;0000;0000;0000;0000;10000;00;0;0;100;0;0;0;0;0;0;0;0;0;0;0;0;0;0;0;0;0;0;0;0;0;0;0;0;0;0;0000000000
2156;TroutElf;0001;0311;0500;00;0020;0019;0012;0000;0037;0000;0000;0000;0000;0001;0008;0000;1000;1000;0010;32771;0009;0000;0000;98053945;0500;099;000;099;000;000;099;099;1000010;1001000;0000;0070;0000;0000;10000;00;0;0;100;0;0;0;0;0;0;0;0;0;0;0;0;0;0;0;0;0;0;0;0;0;0;0;0;0;0;0000000000
2157;BloodyShawn;0001;0404;30000;00;1334;1001;0000;0000;0000;0000;0000;0000;0000;0003;0020;0000;1000;0500;0095;32771;0012;0000;0002;98054153;0500;099;099;099;099;099;099;099;0000;0000;0000;0000;0050;0000;5000;00;0;0;100;0;0;0;0;0;0;0;0;0;0;0;0;0;0;0;0;0;0;0;0;0;0;0;0;0;0;0000000000
2158;ViciousRat;0001;0219;5484;00;0140;0125;0000;0006;0075;0000;0000;0000;0000;0002;0015;0000;1000;0250;0043;32771;0039;0000;0001;98053993;0100;004;007;003;007;007;000;003;1002000;1001020;0000;0000;0000;0000;10000;10;12;0;100;0;0;0;0;0;0;0;0;0;0;0;0;0;0;0;0;0;0;0;0;0;0;0;0;0;0;0000000000
2159;MausoleumGeneral1;0001;0353;15000;00;2000;1500;0100;0000;0000;0000;0000;0000;0000;0003;0020;0000;1000;0500;0095;32771;0139;0000;0002;98054154;0500;099;099;099;099;099;099;099;0000;0000;0000;0000;0050;0000;6500;00;0;0;100;0;0;0;0;0;0;0;0;0;0;0;0;0;0;0;0;0;0;0;0;0;0;0;0;0;0;0000000000
2160;YangFeng;0001;0160;40000;00;2700;2000;0150;0000;0000;0000;0000;0000;0000;0003;0020;0000;1000;0500;0095;32771;0139;0000;0002;98054155;0500;099;099;099;099;099;099;099;0000;0000;0000;0000;0050;0000;5000;00;0;0;100;0;0;0;0;0;0;0;0;0;0;0;0;0;0;0;0;0;0;0;0;0;0;0;0;0;0;0000000000
2161;MausoleumGeneral2;0001;0354;15000;00;2000;1500;0100;0000;0000;0000;0000;0000;0000;0003;0020;0000;1000;0500;0095;32771;0139;0000;0002;98054156;0500;099;099;099;099;099;099;099;0000;0000;0000;0000;0050;0000;6500;00;0;0;100;0;0;0;0;0;0;0;0;0;0;0;0;0;0;0;0;0;0;0;0;0;0;0;0;0;0;0000000000
2162;MausoleumSentry;0001;0308;5484;00;0368;0331;0000;0003;0083;0000;0000;0000;0000;0002;0015;0000;1000;0250;0043;32771;0066;0000;0001;98053994;0100;006;012;006;012;012;003;005;1002010;1001020;0000;0000;0000;0000;10000;13;16;0;100;0;0;0;0;0;0;0;0;0;0;0;0;0;0;0;0;0;0;0;0;0;0;0;0;0;0;0000000000
2163;CapriceLeader;0001;0604;14113;00;0368;0331;0000;0003;0083;0000;0000;0000;0000;0002;0015;0000;1000;0250;0063;32771;0022;0000;0001;98054041;0100;006;012;006;012;012;003;005;1002010;1001020;0000;0000;0000;0000;10000;13;16;0;100;0;0;0;0;0;0;0;0;0;0;0;0;0;0;0;0;0;0;0;0;0;0;0;0;0;0;0000000000
2164;TombBandit;0001;0201;0817;00;0112;0102;0120;0006;0075;0000;0000;0000;0000;0001;0008;0000;1000;0500;0035;32771;0023;0000;0001;98053974;0400;003;005;002;005;005;099;002;1000030;1001020;0000;0070;0000;0000;10000;00;0;0;100;0;0;0;0;0;0;0;0;0;0;0;0;0;0;0;0;0;0;0;0;0;0;0;0;0;0;0000000000
2165;TombBanditLeader;0001;0400;11673;00;0864;0780;0550;0007;0087;0000;0000;0000;0000;0001;0008;0000;1000;0500;0085;32771;0105;0000;0001;98054122;0400;007;016;007;016;016;006;007;1002020;1001020;0000;0060;0000;0000;10000;02;0;0;100;0;0;0;0;0;0;0;0;0;0;0;0;0;0;0;0;0;0;0;0;0;0;0;0;0;0;0000000000
2166;MausoleumGeneral3;0001;0354;15000;00;2000;1500;0100;0000;0000;0000;0000;0000;0000;0003;0020;0000;1000;0500;0095;32771;0139;0000;0002;98054157;0500;099;099;099;099;099;099;099;0000;0000;0000;0000;0050;0000;6500;00;0;0;100;0;0;0;0;0;0;0;0;0;0;0;0;0;0;0;0;0;0;0;0;0;0;0;0;0;0;0000000000
2167;Viper;0001;0204;14335;00;1832;1620;0050;0000;0000;0000;0000;0000;0000;0001;0018;0000;2000;0500;0095;32771;0015;0000;0001;98054159;0100;099;099;099;099;099;099;099;1002020;1002030;0000;0000;0000;0000;6500;00;0;0;100;0;0;0;0;0;0;0;0;0;0;0;0;0;0;0;0;0;0;0;0;0;0;0;0;0;0;0000000000
2168;Brigand;0001;0201;14335;00;1832;1620;0050;0000;0000;0000;0000;0000;0000;0001;0018;0000;2000;0500;0095;32771;0015;0000;0001;98054160;0100;099;099;099;099;099;099;099;1002020;1002030;0000;0000;0000;0000;6500;00;0;0;100;0;0;0;0;0;0;0;0;0;0;0;0;0;0;0;0;0;0;0;0;0;0;0;0;0;0;0000000000
2169;CrimsonClaw;0001;0910;14335;00;1374;1215;0050;0000;0000;0000;0000;0000;0000;0001;0008;0000;1000;0500;0095;32771;0043;0000;0001;98054161;0500;004;008;004;008;008;001;009;1000020;1001020;0000;0000;0000;0000;6500;10;12;0;100;0;0;0;0;0;0;0;0;0;0;0;0;0;0;0;0;0;0;0;0;0;0;0;0;0;0;0000000000
2170;CrimsonViper;0001;0204;38000;00;2800;2200;0100;0000;0000;0000;0000;0000;0000;0001;0008;0000;1000;0500;0100;32771;0043;0000;0001;98054186;0500;004;008;004;008;008;001;009;1000020;1001020;0000;0000;0000;0000;4000;10;12;0;100;0;0;0;0;0;0;0;0;0;0;0;0;0;0;0;0;0;0;0;0;0;0;0;0;0;0;0000000000
2171;JadeCourtesan;0001;0152;38000;00;2600;2500;0000;0000;0000;0000;0000;0000;0000;0001;0008;0000;1000;0500;0100;32771;0003;0000;0001;98054187;0500;004;008;004;008;008;001;009;1000020;1001020;0000;0000;0000;0000;4000;10;12;0;100;0;0;0;0;0;0;0;0;0;0;0;0;0;0;0;0;0;0;0;0;0;0;0;0;0;0;0000000000
2172;PoemGhost;0001;0277;50000;00;3200;2700;0150;0000;0000;0000;0000;0000;0000;0001;0008;0000;1000;0500;0100;32771;0043;0000;0001;98054188;0500;004;008;004;008;008;001;009;1000020;1001020;0000;0000;0000;0000;4000;10;12;0;100;0;0;0;0;0;0;0;0;0;0;0;0;0;0;0;0;0;0;0;0;0;0;0;0;0;0;0000000000
2173;LyraGhost;0001;0230;50000;00;3000;2600;0150;0000;0000;0000;0000;0000;0000;0001;0008;0000;1000;0500;0100;32771;0043;0000;0001;98054189;0500;004;008;004;008;008;001;009;1000020;1001020;0000;0000;0000;0000;4000;10;12;0;100;0;0;0;0;0;0;0;0;0;0;0;0;0;0;0;0;0;0;0;0;0;0;0;0;0;0;0000000000
2178;MausoleumGeneral4;0001;0353;15000;00;2000;1500;0100;0000;0000;0000;0000;0000;0000;0003;0020;0000;1000;0500;0095;32771;0139;0000;0002;98054158;0500;099;099;099;099;099;099;099;0000;0000;0000;0000;0050;0000;6500;00;0;0;100;0;0;0;0;0;0;0;0;0;0;0;0;0;0;0;0;0;0;0;0;0;0;0;0;0;0;0000000000
2179;DesertCondor;0001;0357;1401;00;0080;0079;0000;0000;0037;0000;0000;0000;0000;0001;0008;0000;1000;1000;0047;32771;0000;0000;0000;98054000;0500;099;000;099;000;000;099;099;1000010;1001000;0000;0000;0000;0000;10000;00;0;0;100;0;0;0;0;0;0;0;0;0;0;0;0;0;0;0;0;0;0;0;0;0;0;0;0;0;0;0000000000
2180;EvilSpirit;0001;0508;2100;00;0120;0119;0012;0000;0037;0000;0000;0000;0000;0001;0008;0000;1000;1000;0047;32771;0009;0000;0000;98054001;0500;099;000;099;000;000;099;099;1000010;1001000;0000;0070;0000;0000;10000;00;0;0;100;0;0;0;0;0;0;0;0;0;0;0;0;0;0;0;0;0;0;0;0;0;0;0;0;0;0;0000000000
2189;JinxTombBat;0001;0348;45000;00;2003;1500;0200;0000;0000;0000;0000;0000;0000;0001;0010;0000;1000;1000;0110;32771;0012;0000;0002;98054227;0400;099;099;099;099;021;099;099;1002020;1001020;0000;0000;0000;0000;3000;00;0;0;100;0;0;0;0;0;0;0;0;0;0;0;0;0;0;0;0;0;0;0;0;0;0;0;0;0;0;0000000000
2224;BanditLeaderL97;0001;0201;26680;00;0802;0600;0000;0030;0086;0000;0000;0000;0000;0001;0010;0000;1000;1000;0097;32771;0011;0000;0001;98054171;0500;099;099;099;099;099;008;099;1002010;1002030;0000;0000;0000;0000;10000;55;21;0;100;0;0;0;0;0;0;0;0;0;0;0;0;0;0;0;0;0;0;0;0;0;0;0;0;0;0;0000000000
2225;BanditCourier;0001;0201;26680;00;0884;0662;0000;0013;0086;0000;0000;0000;0000;0001;0010;1000;1000;0500;0098;32771;0011;0000;0001;98054181;0300;099;099;099;099;019;099;008;1002020;1001020;0000;0060;0000;0000;10000;00;21;0;100;0;0;0;0;0;0;0;0;0;0;0;0;0;0;0;0;0;0;0;0;0;0;0;0;0;0;0000000000
2226;BanditDeliverer;0001;0201;26680;00;1003;0750;0000;0013;0086;0000;0000;0000;0000;0001;0010;0000;1000;1000;0100;32771;0011;0000;0001;98054190;0400;099;099;008;099;099;099;099;1002020;1001020;0000;0060;0000;0000;10000;00;0;0;100;0;0;0;0;0;0;0;0;0;0;0;0;0;0;0;0;0;0;0;0;0;0;0;0;0;0;0000000000
2231;MadBull;0001;0284;35535;00;1974;1365;0000;0019;0086;0000;0000;0000;0000;0001;0018;0000;1000;0500;0113;32771;0013;0000;0002;98054240;0100;099;099;099;099;099;099;009;1002020;1001020;0000;0000;0000;0000;8000;57;4;0;100;0;0;0;0;0;0;0;0;0;0;0;0;0;0;0;0;0;0;0;0;0;0;0;0;0;0;0000000000
2232;BullMaster;0001;0317;45000;00;2350;1625;1200;0000;0000;0000;0000;0000;0000;0001;0010;0000;1000;1000;0115;32771;0013;0000;0002;98054244;0400;009;022;009;022;022;009;009;1002020;1001020;0000;0000;0000;0000;3000;00;4;0;100;0;0;0;0;0;0;0;0;0;0;0;0;0;0;0;0;0;0;0;0;0;0;0;0;0;0;0000000000
2237;WeirdPumpkin;0001;0282;0817;00;0089;0081;0000;0010;0075;0000;0000;0000;0000;0001;0008;0000;1000;0500;0032;32771;0023;0000;0001;9009970;0500;003;005;002;005;005;099;007;1000010;1001010;0000;0000;0000;0000;10000;07;10;0;100;0;0;0;0;0;0;0;0;0;0;0;0;0;0;0;0;0;0;0;0;0;0;0;0;0;0;0000000000
2324;LittleWhirl;0001;0369;0700;00;0496;0448;0000;0025;0083;0000;0000;0000;0000;0001;0008;0000;1000;0500;0022;32771;0079;0000;0002;7701520;0500;006;014;006;014;014;004;015;1000030;1001030;0000;0000;0000;0000;6000;15;17;0;100;0;0;0;0;0;0;0;0;0;0;0;0;0;0;0;0;0;0;0;0;0;0;0;0;0;0;0000000000
2325;BetterLuck;0001;0216;7000;00;0496;0448;0000;0025;0083;0000;0000;0000;0000;0001;0008;0000;1000;0500;0072;32771;0079;0000;0002;7701520;0500;006;014;006;014;014;004;015;1000030;1001030;0000;0000;0000;0000;6000;15;17;0;100;0;0;0;0;0;0;0;0;0;0;0;0;0;0;0;0;0;0;0;0;0;0;0;0;0;0;0000000000
2326;BetterFly;0001;0210;7000;00;0496;0448;0000;0025;0083;0000;0000;0000;0000;0001;0008;0000;1000;0500;0072;32771;0079;0000;0002;7701520;0500;006;014;006;014;014;004;015;1000030;1001030;0000;0000;0000;0000;6000;15;17;0;100;0;0;0;0;0;0;0;0;0;0;0;0;0;0;0;0;0;0;0;0;0;0;0;0;0;0;0000000000
2327;VeryLoud;0001;0203;7000;00;0496;0448;0000;0025;0083;0000;0000;0000;0000;0001;0008;0000;1000;0500;0072;32771;0079;0000;0002;7701520;0500;006;014;006;014;014;004;015;1000030;1001030;0000;0000;0000;0000;6000;15;17;0;100;0;0;0;0;0;0;0;0;0;0;0;0;0;0;0;0;0;0;0;0;0;0;0;0;0;0;0000000000
2328;IronHead;0001;0279;7000;00;0496;0448;0000;0025;0083;0000;0000;0000;0000;0001;0008;0000;1000;0500;0072;32771;0079;0000;0002;7701520;0500;006;014;006;014;014;004;015;1000030;1001030;0000;0000;0000;0000;6000;15;17;0;100;0;0;0;0;0;0;0;0;0;0;0;0;0;0;0;0;0;0;0;0;0;0;0;0;0;0;0000000000
2329;Happy;0001;0213;7000;00;0496;0448;0000;0025;0083;0000;0000;0000;0000;0001;0008;0000;1000;0500;0072;32771;0079;0000;0002;7701520;0500;006;014;006;014;014;004;015;1000030;1001030;0000;0000;0000;0000;6000;15;17;0;100;0;0;0;0;0;0;0;0;0;0;0;0;0;0;0;0;0;0;0;0;0;0;0;0;0;0;0000000000
2340;YellowOxGuard;0001;0317;50000;00;700000;700000;0000;0050;0085;0000;0000;0000;0000;0015;0015;0000;1000;1000;0500;32783;0000;0000;0001;0000;0500;000;000;000;000;000;000;000;1002020;1001020;8036;0000;0100;0000;1000;00;0;255;100;0;0;0;0;0;0;0;0;0;0;0;0;0;0;0;0;0;0;0;0;0;0;0;0;0;0;0000000000
2351;HeavenOx;0001;0285;5000;00;0092;0082;0098;0004;0073;0000;0000;0000;0000;0001;0008;0000;1000;0500;0030;32771;0020;0000;0001;0000;0400;002;004;002;004;004;099;002;1000030;1001020;0000;0070;0000;0000;1000;00;9;0;100;0;0;0;0;0;0;0;0;0;0;0;0;0;0;0;0;0;0;0;0;0;0;0;0;0;0;0000000000
2352;GoldenOx;0001;0317;5000;00;0092;0082;0098;0004;0073;0000;0000;0000;0000;0001;0008;0000;1000;0500;0030;32771;0020;0000;0001;0000;0400;002;004;002;004;004;099;002;1000030;1001020;0000;0070;0000;0000;1000;00;9;0;100;0;0;0;0;0;0;0;0;0;0;0;0;0;0;0;0;0;0;0;0;0;0;0;0;0;0;0000000000
2353;SilverOx;0001;0284;5000;00;0092;0082;0098;0004;0073;0000;0000;0000;0000;0001;0008;0000;1000;0500;0030;32771;0020;0000;0001;0000;0400;002;004;002;004;004;099;002;1000030;1001020;0000;0070;0000;0000;1000;00;9;0;100;0;0;0;0;0;0;0;0;0;0;0;0;0;0;0;0;0;0;0;0;0;0;0;0;0;0;0000000000
2354;RedFox;0001;0296;0500;00;0060;0053;0000;0004;0071;0000;0000;0000;0000;0001;0008;0008;1000;0500;0022;32771;0016;0000;0001;0000;0500;001;003;001;003;003;099;005;1000010;1001010;0000;0000;0000;0000;10000;05;8;0;100;0;0;0;0;0;0;0;0;0;0;0;0;0;0;0;0;0;0;0;0;0;0;0;0;0;0;0000000000
2355;BlueFox;0001;0295;0500;00;0060;0053;0000;0004;0071;0000;0000;0000;0000;0001;0008;0008;1000;0500;0022;32771;0016;0000;0001;0000;0500;001;003;001;003;003;099;005;1000010;1001010;0000;0000;0000;0000;10000;05;8;0;100;0;0;0;0;0;0;0;0;0;0;0;0;0;0;0;0;0;0;0;0;0;0;0;0;0;0;0000000000
2367;Guard2;0001;0900;5000;00;0092;0082;0098;0004;0073;0000;0000;0000;0000;0001;0008;0000;1000;0500;0120;32779;0020;0000;0001;0000;0400;002;004;002;004;004;099;002;1000030;1001020;0000;0070;0000;0000;1000;00;9;0;100;0;0;0;0;0;0;0;0;0;0;0;0;0;0;0;0;0;0;0;0;0;0;0;0;0;0;0000000000
2380;MaleGhost;0001;0364;0033;00;0006;0005;0000;0000;0036;0000;0000;0000;0000;0001;0006;0000;1000;0500;0001;32771;0006;0000;0000;0000;0500;099;099;099;099;099;099;099;1000000;1001000;0000;0000;0000;0000;10000;01;0;0;100;0;0;0;0;0;0;0;0;0;0;0;0;0;0;0;0;0;0;0;0;0;0;0;0;0;0;0000000000
2390;CaveThief;0001;0201;10432;00;0746;0655;0000;0028;0085;0000;0000;0000;0000;0001;0010;0000;1000;1000;0082;32771;0117;0000;0001;98054112;0500;008;018;008;018;018;007;019;1002000;1001040;0000;0000;0000;0000;10000;00;0;0;100;0;0;0;0;0;0;0;0;0;0;0;0;0;0;0;0;0;0;0;0;0;0;0;0;0;0;0000000000
2391;ForestThief;0001;0201;10697;00;0746;0655;0000;0030;0086;0000;0000;0000;0000;0001;0010;0000;1000;1000;0082;32771;0125;0000;0001;98054113;0500;008;019;008;019;019;008;019;1002010;1002030;0000;0000;0000;0000;10000;00;0;0;100;0;0;0;0;0;0;0;0;0;0;0;0;0;0;0;0;0;0;0;0;0;0;0;0;0;0;0000000000
2392;DesertThief;0001;0201;10472;00;0746;0655;0000;0030;0086;0000;0000;0000;0000;0001;0010;0000;1000;1000;0082;32771;0132;0000;0001;98054114;0500;008;020;009;020;020;008;021;1002010;1002030;0000;0000;0000;0000;10000;00;0;0;100;0;0;0;0;0;0;0;0;0;0;0;0;0;0;0;0;0;0;0;0;0;0;0;0;0;0;0000000000
2410;SerpentEnvoy;0001;0155;65535;00;2400;2400;2200;0100;0086;0000;0000;0000;0000;0009;0009;0000;1300;0500;0123;32771;0176;0000;0001;98054341;0500;099;099;099;099;099;099;099;1000040;1002040;1002;0099;0070;0000;10000;60;0;0;100;0;0;0;0;0;0;0;0;0;0;0;0;0;0;0;0;0;0;0;0;0;0;0;0;0;0;0000000000
2411;IcySerpent;0001;0255;65535;00;2400;1650;0000;0035;0086;0000;0000;0000;0000;0001;0010;0000;1000;1000;0122;32771;0105;0000;0001;9979200;0500;009;099;009;099;099;099;099;1000040;1002040;0000;0000;0000;0000;10000;60;0;0;100;0;0;0;0;0;0;0;0;0;0;0;0;0;0;0;0;0;0;0;0;0;0;0;0;0;0;0000000000
2412;SerpentLord;0001;0155;65535;00;2450;2350;4400;0130;0086;0000;0000;0000;0000;0001;0010;0000;1000;0500;0123;32771;0176;0000;0001;98054340;0500;099;099;099;099;099;099;099;1000040;1002040;0000;0050;0000;0000;10000;60;0;0;100;0;0;0;0;0;0;0;0;0;0;0;0;0;0;0;0;0;0;0;0;0;0;0;0;0;0;0000000000
2413;SerpentKing;0001;0255;65535;00;2600;2300;45000;0073;0086;0000;0000;0000;0000;0001;0010;0000;1000;0500;0122;32771;0176;0000;0001;98054337;0500;099;099;099;099;099;099;099;1000040;1002040;0000;0099;0000;0000;1000;60;0;0;100;0;0;0;0;0;0;0;0;0;0;0;0;0;0;0;0;0;0;0;0;0;0;0;0;0;0;0000000000
2414;FrostSerpent;0001;0155;65535;00;2520;1732;0000;0035;0086;0000;0000;0000;0000;0001;0018;0000;1000;0500;0123;32771;0105;0000;0001;98054342;0100;099;099;099;023;099;099;099;1000040;1002040;0000;0000;0000;0000;10000;60;0;0;100;0;0;0;0;0;0;0;0;0;0;0;0;0;0;0;0;0;0;0;0;0;0;0;0;0;0;0000000000
2415;BladeDevilEnvoy;0001;0129;65535;00;2550;2550;2500;0100;0086;0000;0000;0000;0000;0009;0009;0000;1300;0500;0128;32771;0189;0000;0001;98054353;0500;099;099;099;099;099;099;099;1000040;1002040;1002;0099;0070;0000;10000;61;0;0;100;0;0;0;0;0;0;0;0;0;0;0;0;0;0;0;0;0;0;0;0;0;0;0;0;0;0;0000000000
2416;IcyBladeDevil;0001;0329;65535;00;2500;1800;0000;0036;0086;0000;0000;0000;0000;0001;0010;0000;1000;1000;0127;32771;0118;0000;0001;9979210;0500;009;023;099;099;099;099;099;1000040;1002040;0000;0000;0000;0000;10000;61;0;0;100;0;0;0;0;0;0;0;0;0;0;0;0;0;0;0;0;0;0;0;0;0;0;0;0;0;0;0000000000
2417;BladeDevilLord;0001;0129;65535;00;2600;2500;4800;0130;0086;0000;0000;0000;0000;0001;0010;0000;1000;0500;0128;32771;0189;0000;0001;98054354;0500;099;099;099;099;099;099;099;1000040;1002040;0000;0050;0000;0000;10000;61;0;0;100;0;0;0;0;0;0;0;0;0;0;0;0;0;0;0;0;0;0;0;0;0;0;0;0;0;0;0000000000
2418;BladeDevilKing;0001;0329;65535;00;2700;2500;50000;0077;0086;0000;0000;0000;0000;0001;0010;0000;1000;0500;0127;32771;0189;0000;0001;98054348;0500;099;099;099;099;099;099;099;1000040;1002040;0000;0099;0000;0000;1000;61;0;0;100;0;0;0;0;0;0;0;0;0;0;0;0;0;0;0;0;0;0;0;0;0;0;0;0;0;0;0000000000
2419;FrostBladeDevil;0001;0129;65535;00;2625;1890;0000;0036;0086;0000;0000;0000;0000;0001;0018;0000;1000;0500;0128;32771;0118;0000;0001;98054355;0100;099;099;009;023;099;099;099;1000040;1002040;0000;0000;0000;0000;10000;61;0;0;100;0;0;0;0;0;0;0;0;0;0;0;0;0;0;0;0;0;0;0;0;0;0;0;0;0;0;0000000000
2420;Demon;0001;0369;0033;00;0005;0004;0000;0000;0036;0000;0000;0000;0000;0001;0006;0000;1000;0500;0001;32771;0005;0000;0000;98053918;0500;099;099;099;099;099;099;099;1000000;1001000;0000;0000;0000;0000;10000;01;0;0;100;0;0;0;0;0;0;0;0;0;0;0;0;0;0;0;0;0;0;0;0;0;0;0;0;0;0;0000000000
2421;AncientDemon;0001;0156;0033;00;0005;0004;0000;0000;0036;0000;0000;0000;0000;0001;0006;0000;1000;0500;0001;32771;0005;0000;0000;98053919;0500;099;099;099;099;099;099;099;1000000;1001000;0000;0000;0000;0000;10000;01;0;0;100;0;0;0;0;0;0;0;0;0;0;0;0;0;0;0;0;0;0;0;0;0;0;0;0;0;0;0000000000
2422;FloodDemon;0001;0377;0033;00;0005;0004;0000;0000;0036;0000;0000;0000;0000;0001;0006;0000;1000;0500;0001;32771;0005;0000;0000;98053920;0500;099;099;099;099;099;099;099;1000000;1001000;0000;0000;0000;0000;10000;01;0;0;100;0;0;0;0;0;0;0;0;0;0;0;0;0;0;0;0;0;0;0;0;0;0;0;0;0;0;0000000000
2430;MaleGhost1;0001;0364;0033;00;0006;0005;0000;0000;0036;0000;0000;0000;0000;0001;0006;0000;1000;0500;0001;32771;0006;0000;0000;0000;0500;099;099;099;099;099;099;099;1000000;1001000;0000;0000;0000;0000;10000;01;0;0;100;0;0;0;0;0;0;0;0;0;0;0;0;0;0;0;0;0;0;0;0;0;0;0;0;0;0;0000000000
2431;FemaleGhost1;0001;0261;0033;00;0006;0005;0000;0000;0036;0000;0000;0000;0000;0001;0006;0000;1000;0500;0001;32771;0006;0000;0000;0000;0500;099;099;099;099;099;099;099;1000000;1001000;0000;0000;0000;0000;10000;01;0;0;100;0;0;0;0;0;0;0;0;0;0;0;0;0;0;0;0;0;0;0;0;0;0;0;0;0;0;0000000000
2435;HeavenDemon;0001;0165;0033;00;0005;0004;0000;0000;0036;0000;0000;0000;0000;0001;0006;0000;1000;0500;0001;32771;0005;0000;0000;98053926;0500;099;099;099;099;099;099;099;1000000;1001000;0000;0000;0000;0000;10000;01;0;0;100;0;0;0;0;0;0;0;0;0;0;0;0;0;0;0;0;0;0;0;0;0;0;0;0;0;0;0000000000
2436;ChaosDemon;0001;0327;0033;00;0005;0004;0000;0000;0036;0000;0000;0000;0000;0001;0006;0000;1000;0500;0001;32771;0005;0000;0000;98053927;0500;099;099;099;099;099;099;099;1000000;1001000;0000;0000;0000;0000;10000;01;0;0;100;0;0;0;0;0;0;0;0;0;0;0;0;0;0;0;0;0;0;0;0;0;0;0;0;0;0;0000000000
2437;SacredDemon;0001;0168;0033;00;0005;0004;0000;0000;0036;0000;0000;0000;0000;0001;0006;0000;1000;0500;0001;32771;0005;0000;0000;98053928;0500;099;099;099;099;099;099;099;1000000;1001000;0000;0000;0000;0000;10000;01;0;0;100;0;0;0;0;0;0;0;0;0;0;0;0;0;0;0;0;0;0;0;0;0;0;0;0;0;0;0000000000
2438;AuroraDemon;0001;0210;0033;00;0005;0004;0000;0000;0036;0000;0000;0000;0000;0001;0006;0000;1000;0500;0001;32771;0005;0000;0000;98053929;0500;099;099;099;099;099;099;099;1000000;1001000;0000;0000;0000;0000;10000;01;0;0;100;0;0;0;0;0;0;0;0;0;0;0;0;0;0;0;0;0;0;0;0;0;0;0;0;0;0;0000000000
2440;RockBehemoth;0001;0136;3656;00;0146;0119;0000;0006;0075;0000;0000;0000;0000;0001;0010;0000;1000;1000;0042;32771;0039;0000;0002;98053989;1000;004;007;003;007;007;000;009;1002000;1001020;0000;0000;0000;0000;1000;00;0;0;100;0;0;0;0;0;0;0;0;0;0;0;0;0;0;0;0;0;0;0;0;0;0;0;0;0;0;0000000000
2441;RockLeader;0001;0136;3656;00;0146;0119;0000;0006;0075;0000;0000;0000;0000;0001;0010;0000;1000;1000;0042;32771;0039;0000;0002;98053990;1000;004;007;003;007;007;000;009;1002000;1001020;0000;0000;0000;0000;0500;00;0;0;100;0;0;0;0;0;0;0;0;0;0;0;0;0;0;0;0;0;0;0;0;0;0;0;0;0;0;0000000000
2442;RockLackey;0001;0136;3656;00;0146;0119;0000;0006;0075;0000;0000;0000;0000;0001;0010;0000;1000;1000;0042;32771;0039;0000;0002;98053991;1000;004;007;003;007;007;000;009;1002000;1001020;0000;0000;0000;0000;5000;00;0;0;100;0;0;0;0;0;0;0;0;0;0;0;0;0;0;0;0;0;0;0;0;0;0;0;0;0;0;0000000000
2443;GuardPotion;0001;0760;0033;00;0006;0005;0000;0000;0036;0000;0000;0000;0000;0001;0006;0000;1000;0500;0001;172096;0005;0000;0000;9700000;0500;099;099;099;099;099;099;099;1000000;1001000;0000;0000;0000;0000;10000;01;0;0;100;0;0;0;0;0;0;0;0;0;0;0;0;0;0;0;0;0;0;0;0;0;0;0;0;0;0;0000000000
2445;SluggishPotion;0001;0762;0033;00;0006;0005;0000;0000;0036;0000;0000;0000;0000;0001;0006;0000;1000;0500;0001;172096;0005;0000;0000;9700000;0500;099;099;099;099;099;099;099;1000000;1001000;0000;0000;0000;0000;10000;01;0;0;100;0;0;0;0;0;0;0;0;0;0;0;0;0;0;0;0;0;0;0;0;0;0;0;0;0;0;0000000000
2446;DizzyHammer;0001;0763;0033;00;0006;0005;0000;0000;0036;0000;0000;0000;0000;0001;0006;0000;1000;0500;0001;172096;0005;0000;0000;9700000;0500;099;099;099;099;099;099;099;1000000;1001000;0000;0000;0000;0000;10000;01;0;0;100;0;0;0;0;0;0;0;0;0;0;0;0;0;0;0;0;0;0;0;0;0;0;0;0;0;0;0000000000
2447;RestorePotion;0001;0764;0033;00;0006;0005;0000;0000;0036;0000;0000;0000;0000;0001;0006;0000;1000;0500;0001;172096;0005;0000;0000;90000641;0500;099;099;099;099;099;099;099;1000000;1001000;0000;0000;0000;0000;10000;01;0;0;100;0;0;0;0;0;0;0;0;0;0;0;0;0;0;0;0;0;0;0;0;0;0;0;0;0;0;0000000000
2448;ScreamBomb;0001;0765;0033;00;0006;0005;0000;0000;0036;0000;0000;0000;0000;0001;0006;0000;1000;0500;0001;172096;0005;0000;0000;90000621;0500;099;099;099;099;099;099;099;1000000;1001000;0000;0000;0000;0000;10000;01;0;0;100;0;0;0;0;0;0;0;0;0;0;0;0;0;0;0;0;0;0;0;0;0;0;0;0;0;0;0000000000
2449;SuperExclamationMark;0001;0766;0033;00;0006;0005;0000;0000;0036;0000;0000;0000;0000;0001;0006;0000;1000;0500;0001;172096;0005;0000;0000;90000691;0500;099;099;099;099;099;099;099;1000000;1001000;0000;0000;0000;0000;10000;01;0;0;100;0;0;0;0;0;0;0;0;0;0;0;0;0;0;0;0;0;0;0;0;0;0;0;0;0;0;0000000000
2450;SuperQuestionMark;0001;0767;0033;00;0006;0005;0000;0000;0036;0000;0000;0000;0000;0001;0006;0000;1000;0500;0001;172096;0005;0000;0000;90000600;0500;099;099;099;099;099;099;099;1000000;1001000;0000;0000;0000;0000;10000;01;0;0;100;0;0;0;0;0;0;0;0;0;0;0;0;0;0;0;0;0;0;0;0;0;0;0;0;0;0;0000000000
2451;SpiritPotion;0001;0768;0033;00;0006;0005;0000;0000;0036;0000;0000;0000;0000;0001;0006;0000;1000;0500;0001;172096;0005;0000;0000;90000631;0500;099;099;099;099;099;099;099;1000000;1001000;0000;0000;0000;0000;10000;01;0;0;100;0;0;0;0;0;0;0;0;0;0;0;0;0;0;0;0;0;0;0;0;0;0;0;0;0;0;0000000000
2452;ExcitementPotion;0001;0769;0033;00;0006;0005;0000;0000;0036;0000;0000;0000;0000;0001;0006;0000;1000;0500;0001;172096;0005;0000;0000;90000681;0500;099;099;099;099;099;099;099;1000000;1001000;0000;0000;0000;0000;10000;01;0;0;100;0;0;0;0;0;0;0;0;0;0;0;0;0;0;0;0;0;0;0;0;0;0;0;0;0;0;0000000000
2453;ChaosBomb;0001;0770;0033;00;0006;0005;0000;0000;0036;0000;0000;0000;0000;0001;0006;0000;1000;0500;0001;172096;0005;0000;0000;9700000;0500;099;099;099;099;099;099;099;1000000;1001000;0000;0000;0000;0000;10000;01;0;0;100;0;0;0;0;0;0;0;0;0;0;0;0;0;0;0;0;0;0;0;0;0;0;0;0;0;0;0000000000
2454;SuperExcitementPotion;0001;0769;0033;00;0006;0005;0000;0000;0036;0000;0000;0000;0000;0001;0006;0000;1000;0500;0001;172096;0005;0000;0000;90000701;0500;099;099;099;099;099;099;099;1000000;1001000;0000;0000;0000;0000;10000;01;0;0;100;0;0;0;0;0;0;0;0;0;0;0;0;0;0;0;0;0;0;0;0;0;0;0;0;0;0;0000000000
2460;DarkLady;0001;0228;65535;00;2550;2550;2500;0100;0086;0000;0000;0000;0000;0009;0009;0000;1300;0500;0128;32771;0031;0000;0001;98054356;0500;099;099;099;099;099;099;099;1000040;1002040;1002;0099;0070;0000;10000;00;0;0;100;0;0;0;0;0;0;0;0;0;0;0;0;0;0;0;0;0;0;0;0;0;0;0;0;0;0;0000000000
2461;DarkElf;0001;0328;65535;00;2500;1800;0000;0036;0086;0000;0000;0000;0000;0001;0010;0000;1000;1000;0127;32771;0018;0000;0001;98054349;0500;099;099;099;099;022;009;099;1000040;1002040;0000;0000;0000;0000;10000;00;0;0;100;0;0;0;0;0;0;0;0;0;0;0;0;0;0;0;0;0;0;0;0;0;0;0;0;0;0;0000000000
2465;NightmareLady;0001;0230;65535;00;2550;2550;2500;0100;0086;0000;0000;0000;0000;0009;0009;0000;1300;0500;0128;32771;0031;0000;0001;98054357;0500;099;099;099;099;099;099;099;1000040;1002040;1002;0099;0070;0000;10000;00;0;0;100;0;0;0;0;0;0;0;0;0;0;0;0;0;0;0;0;0;0;0;0;0;0;0;0;0;0;0000000000
2466;GrottoLady;0001;0130;65535;00;2500;1800;0000;0036;0086;0000;0000;0000;0000;0001;0010;0000;1000;1000;0127;32771;0018;0000;0001;98054350;0500;099;099;099;099;099;009;023;1000040;1002040;0000;0000;0000;0000;10000;00;0;0;100;0;0;0;0;0;0;0;0;0;0;0;0;0;0;0;0;0;0;0;0;0;0;0;0;0;0;0000000000
2473;SnakeChief;0001;0262;65535;00;2550;2550;2500;0100;0086;0000;0000;0000;0000;0009;0009;0000;1300;0500;0128;32771;0031;0000;0001;98054358;0500;099;099;099;099;099;099;099;1000040;1002040;1002;0099;0070;0000;10000;00;0;0;100;0;0;0;0;0;0;0;0;0;0;0;0;0;0;0;0;0;0;0;0;0;0;0;0;0;0;0000000000
2474;SnakeHubbub;0001;0162;65535;00;2500;1800;0000;0036;0086;0000;0000;0000;0000;0001;0010;0000;1000;1000;0127;32771;0018;0000;0001;98054351;0500;009;023;009;023;022;009;023;1000040;1002040;0000;0000;0000;0000;10000;00;0;0;100;0;0;0;0;0;0;0;0;0;0;0;0;0;0;0;0;0;0;0;0;0;0;0;0;0;0;0000000000
2478;HeadlessGeneral;0001;0151;65535;00;2550;2550;2500;0100;0086;0000;0000;0000;0000;0009;0009;0000;1300;0500;0128;32771;0031;0000;0001;98054359;0500;099;099;099;099;099;099;099;1000040;1002040;1002;0099;0070;0000;10000;00;0;0;100;0;0;0;0;0;0;0;0;0;0;0;0;0;0;0;0;0;0;0;0;0;0;0;0;0;0;0000000000
2479;HeadlessSoldier;0001;0251;65535;00;2500;1800;0000;0036;0086;0000;0000;0000;0000;0001;0010;0000;1000;1000;0127;32771;0018;0000;0001;98054352;0500;009;023;009;023;022;009;023;1000040;1002040;0000;0000;0000;0000;10000;00;0;0;100;0;0;0;0;0;0;0;0;0;0;0;0;0;0;0;0;0;0;0;0;0;0;0;0;0;0;0000000000
2493;Merchant;0001;0361;65535;00;1000;1000;3000;0080;0083;0000;0000;0000;0000;0001;0030;0000;1000;0500;0120;32773;0000;0000;0001;0000;0200;099;099;099;099;099;099;099;0000;0000;0000;0015;0000;0000;10000;00;0;0;0;0;0;0;0;0;0;0;0;0;0;0;0;0;0;0;0;0;0;0;0;0;0;0;0;0;0;0000000000
2494;BanditMinion;0001;0201;40000;00;3500;3500;0900;0013;0086;0000;0000;0000;0000;0001;0010;1000;0700;0500;0120;32771;0000;0000;0001;98054389;0200;099;099;099;099;099;099;099;1002020;1001020;0000;0060;0000;0000;10000;00;0;0;0;0;0;0;0;0;0;0;0;0;0;0;0;0;0;0;0;0;0;0;0;0;0;0;0;0;0;0000000000
2495;MightyBandit;0001;0201;50000;00;4500;4500;0900;0013;0086;0000;0000;0000;0000;0001;0010;1000;0700;0500;0120;32771;0000;0000;0001;98054389;0200;099;099;099;099;099;099;099;1002020;1001020;0000;0060;0000;0000;10000;00;0;0;0;0;0;0;0;0;0;0;0;0;0;0;0;0;0;0;0;0;0;0;0;0;0;0;0;0;0;0000000000
2611;Macaque1;0001;0103;2199;00;0173;0156;0000;0018;0078;0000;0000;0000;0000;0001;0008;0000;1000;0500;0047;32771;0043;0000;0001;0000;0500;004;008;004;008;008;001;009;1000020;1001020;0000;0000;0000;0000;10000;10;0;0;100;0;0;0;0;0;0;0;0;0;0;0;0;0;0;0;0;0;0;0;0;0;0;0;0;0;0;0000000000
2612;GiantApe1;0001;0270;2643;00;0222;0200;0000;0018;0079;0000;0000;0000;0000;0001;0008;0000;1000;0500;0052;32771;0047;0000;0002;0000;0500;005;009;005;009;009;002;011;1000020;1001020;0000;0000;0000;0000;10000;11;0;0;100;0;0;0;0;0;0;0;0;0;0;0;0;0;0;0;0;0;0;0;0;0;0;0;0;0;0;0000000000
2613;SandMonster1;0001;0281;5760;00;0439;0397;0000;0021;0087;0000;0000;0000;0000;0001;0008;0000;1000;0500;0067;32771;0073;0000;0003;0000;0500;006;013;006;013;013;004;013;1000030;1001030;0000;0000;0000;0000;10000;14;0;0;100;0;0;0;0;0;0;0;0;0;0;0;0;0;0;0;0;0;0;0;0;0;0;0;0;0;0;0000000000
2614;RockMonster1;0001;0280;8459;00;0589;0532;0000;0025;0086;0000;0000;0000;0000;0001;0008;0000;1000;0500;0077;32771;0085;0000;0001;0000;0500;007;015;006;015;015;005;015;1000030;1001030;0000;0000;0000;0000;10000;16;0;0;100;0;0;0;0;0;0;0;0;0;0;0;0;0;0;0;0;0;0;0;0;0;0;0;0;0;0;0000000000
2615;EvilMerman;0001;0213;1200;00;0100;0089;65000;0015;0075;0000;0000;0000;0000;0001;0008;0000;1000;0500;0042;32776;0039;0000;0001;7272700;0500;004;007;003;007;007;000;009;1000020;1001020;0000;0000;0000;0000;0001;09;0;0;100;0;0;0;0;0;0;0;0;0;0;0;0;0;0;0;0;0;0;0;0;0;0;0;0;0;0;0000000000
2616;FlyingSnake;0001;0203;1200;00;0100;0089;65000;0015;0075;0000;0000;0000;0000;0001;0008;0000;1000;0500;0042;32776;0039;0000;0001;7272700;0500;004;007;003;007;007;000;009;1000020;1001020;0000;0000;0000;0000;0001;09;0;0;100;0;0;0;0;0;0;0;0;0;0;0;0;0;0;0;0;0;0;0;0;0;0;0;0;0;0;0000000000
2617;MutatedDragon;0001;0155;2000;00;0496;0448;65000;0025;0083;0000;0000;0000;0000;0001;0008;0000;1000;0500;0072;32776;0079;0000;0002;7272710;0500;006;014;006;014;014;004;015;1000030;1001030;0000;0000;0000;0000;0001;15;17;0;100;0;0;0;0;0;0;0;0;0;0;0;0;0;0;0;0;0;0;0;0;0;0;0;0;0;0;0000000000
2618;BattleScorpion;0001;0133;2000;00;0496;0448;65000;0025;0083;0000;0000;0000;0000;0001;0008;0000;1000;0500;0072;32776;0079;0000;0002;7272710;0500;006;014;006;014;014;004;015;1000030;1001030;0000;0000;0000;0000;0001;15;17;0;100;0;0;0;0;0;0;0;0;0;0;0;0;0;0;0;0;0;0;0;0;0;0;0;0;0;0;0000000000
2619;RagingBull;0001;0317;2800;00;1253;1134;65000;0030;0086;0000;0000;0000;0000;0001;0010;0000;1000;1000;0102;32776;0132;0000;0001;7272720;0500;008;020;009;020;020;008;021;1002010;1002030;0000;0000;0000;0000;0001;20;1;0;100;0;0;0;0;0;0;0;0;0;0;0;0;0;0;0;0;0;0;0;0;0;0;0;0;0;0;0000000000
2620;RoseFinch;0001;0231;2800;00;1253;1134;65000;0030;0086;0000;0000;0000;0000;0001;0010;0000;1000;1000;0102;32776;0132;0000;0001;7272720;0500;008;020;009;020;020;008;021;1002010;1002030;0000;0000;0000;0000;0001;20;1;0;100;0;0;0;0;0;0;0;0;0;0;0;0;0;0;0;0;0;0;0;0;0;0;0;0;0;0;0000000000
2621;FreakStalker;0001;0281;3600;00;2572;1732;65000;0019;0086;0000;0000;0000;0000;0001;0020;120000;1000;0500;0120;32776;0223;0000;0003;7272730;0100;009;021;009;021;021;009;009;1002020;1001020;0000;0070;0000;0000;0001;00;0;0;100;0;0;0;0;0;0;0;0;0;0;0;0;0;0;0;0;0;0;0;0;0;0;0;0;0;0;0000000000
2622;GrislyBat;0001;0206;3600;00;2572;1732;65000;0019;0086;0000;0000;0000;0000;0001;0020;120000;1000;0500;0120;32776;0223;0000;0003;7272730;0100;009;021;009;021;021;009;009;1002020;1001020;0000;0070;0000;0000;0001;00;0;0;100;0;0;0;0;0;0;0;0;0;0;0;0;0;0;0;0;0;0;0;0;0;0;0;0;0;0;0000000000
2623;GhostGeneral;0001;0233;2199;00;0173;0156;0000;0018;0078;0000;0000;0000;0000;0001;0010;0000;1000;0500;0047;32771;0043;0000;0001;0000;0500;004;008;004;008;008;001;009;1000020;1001020;0000;0000;0000;0000;10000;10;12;0;100;0;0;0;0;0;0;0;0;0;0;0;0;0;0;0;0;0;0;0;0;0;0;0;0;0;0;0000000000
2624;FrostBanshee;0001;0152;0100;00;0100;0089;65000;0015;0075;0000;0000;0000;0000;0001;0010;0000;1000;0500;0042;32771;0039;0000;0001;0000;0500;004;007;003;007;007;000;009;1000020;1001020;0000;0000;0000;0000;0001;09;0;0;100;0;0;0;0;0;0;0;0;0;0;0;0;0;0;0;0;0;0;0;0;0;0;0;0;0;0;0000000000
2625;ChaoticWizard;0001;0127;0100;00;0496;0448;65000;0025;0083;0000;0000;0000;0000;0001;0010;0000;1000;0500;0072;32771;0079;0000;0002;0000;0500;006;014;006;014;014;004;015;1000030;1001030;0000;0000;0000;0000;0001;15;17;0;100;0;0;0;0;0;0;0;0;0;0;0;0;0;0;0;0;0;0;0;0;0;0;0;0;0;0;0000000000
2626;AvianFighter;0001;0197;0100;00;0496;0448;65000;0025;0083;0000;0000;0000;0000;0001;0010;0000;1000;0500;0072;32771;0079;0000;0002;0000;0500;006;014;006;014;014;004;015;1000030;1001030;0000;0000;0000;0000;0001;15;17;0;100;0;0;0;0;0;0;0;0;0;0;0;0;0;0;0;0;0;0;0;0;0;0;0;0;0;0;0000000000
2627;SoulEater;0001;0105;0020;00;1253;1134;65000;0030;0086;0000;0000;0000;0000;0001;0010;0000;1000;1000;0102;32771;0132;0000;0001;7283600;0500;008;020;009;020;020;008;021;1002010;1002030;0000;0000;0000;0000;0001;20;1;0;100;0;0;0;0;0;0;0;0;0;0;0;0;0;0;0;0;0;0;0;0;0;0;0;0;0;0;0000000000
2628;DreamEater;0001;0317;0200;00;1253;1134;65000;0030;0086;0000;0000;0000;0000;0001;0010;0000;1000;1000;0102;32771;0132;0000;0001;7283610;0500;008;020;009;020;020;008;021;1002010;1002030;0000;0000;0000;0000;0001;20;1;0;100;0;0;0;0;0;0;0;0;0;0;0;0;0;0;0;0;0;0;0;0;0;0;0;0;0;0;0000000000
2629;FallenGiant;0001;0171;2000;00;2572;1732;65000;0019;0086;0000;0000;0000;0000;0001;0020;0000;1000;0500;0120;32771;0223;0000;0003;7283620;0100;009;021;009;021;021;009;009;1002020;1001020;0000;0070;0000;0000;0001;00;0;0;100;0;0;0;0;0;0;0;0;0;0;0;0;0;0;0;0;0;0;0;0;0;0;0;0;0;0;0000000000
2680;Deer;0001;0297;0033;00;0006;0005;0000;0000;0036;0000;0000;0000;0000;0001;0006;0000;1000;0500;0001;32771;0006;0000;0000;0000;0500;099;099;099;099;099;099;099;1000000;1001000;0000;0000;0000;0000;10000;01;0;0;100;0;0;0;0;0;0;0;0;0;0;0;0;0;0;0;0;0;0;0;0;0;0;0;0;0;0;0000000000
2684;Wraith;0001;0523;85000;00;2700;2000;0000;0036;0086;0000;0000;0000;0000;0001;0010;0000;1000;1000;0132;32771;0283;0000;0001;98054376;0500;009;023;009;023;022;009;023;1000040;1002040;0000;0000;0000;0000;10000;61;0;0;100;0;0;0;0;0;0;0;0;0;0;0;0;0;0;0;0;0;0;0;0;0;0;0;0;0;0;0000000000
2685;WraithLord;0001;0523;90000;00;3200;2500;3000;0036;0086;0000;0000;0000;0000;0001;0010;0000;1000;1000;0133;32771;0283;0000;0001;98054377;0500;009;023;009;023;022;009;023;1000040;1002040;0000;0000;0000;0000;10000;61;0;0;100;0;0;0;0;0;0;0;0;0;0;0;0;0;0;0;0;0;0;0;0;0;0;0;0;0;0;0000000000
2686;OceanGhost;0001;0524;98000;00;3000;2300;0000;0036;0086;0000;0000;0000;0000;0001;0010;0000;1000;1000;0137;32771;0283;0000;0001;98054381;0500;009;023;009;023;022;009;023;1000040;1002040;0000;0000;0000;0000;10000;61;0;0;100;0;0;0;0;0;0;0;0;0;0;0;0;0;0;0;0;0;0;0;0;0;0;0;0;0;0;0000000000
2687;DemonGhost;0001;0524;105000;00;3800;3000;3200;0036;0086;0000;0000;0000;0000;0001;0010;0000;1000;1000;0137;32771;0283;0000;0001;98054382;0500;009;023;009;023;022;009;023;1000040;1002040;0000;0000;0000;0000;10000;61;0;0;100;0;0;0;0;0;0;0;0;0;0;0;0;0;0;0;0;0;0;0;0;0;0;0;0;0;0;0000000000
2699;SilverOctopus;0001;0959;0050;00;0002;0001;60000;0019;0086;0000;0000;0000;0000;0001;0018;0000;1000;0500;0010;294915;0000;0000;0005;98053946;0100;000;000;000;000;000;000;000;0000;0000;0000;0000;0000;0000;0000;00;0;0;100;0;0;0;0;0;0;0;0;0;0;0;0;0;0;0;0;0;0;0;0;0;0;0;0;0;0;0000000002
2700;GoldenOctopus;0001;0959;0600;00;0002;0001;60000;0019;0086;0000;0000;0000;0000;0001;0018;0000;1000;0500;0140;819203;9000;0000;0005;98054386;0100;099;099;099;099;099;099;099;0000;0000;0000;0000;0000;0000;0000;00;0;0;100;0;0;0;0;0;0;0;0;0;0;0;0;0;0;0;0;0;0;0;0;0;0;0;0;0;0;0000000002
2712;SuperQuestionMark;0001;0767;0033;00;0006;0005;0000;0000;0036;0000;0000;0000;0000;0001;0006;0000;1000;0500;0001;172096;0005;0000;0000;9700000;0500;099;099;099;099;099;099;099;1000000;1001000;0000;0000;0000;0000;10000;01;0;0;100;0;0;0;0;0;0;0;0;0;0;0;0;0;0;0;0;0;0;0;0;0;0;0;0;0;0;0000000000
2738;PhantomBeast;524291;0384;200000;00;2400;1800;1000;0036;0086;0000;0000;0000;0000;0001;0010;0000;1000;5000;0127;32771;0000;0000;0001;94294350;0500;099;099;099;099;099;099;099;0000;0000;0000;0000;0000;0000;10000;00;0;0;100;0;0;0;0;0;0;0;0;0;0;0;0;0;0;0;0;0;0;0;0;0;0;0;0;0;0;0000000000
2739;VolcanoBeast;524291;0385;200000;00;2400;1800;1000;0036;0086;0000;0000;0000;0000;0001;0010;0000;1000;5000;0127;32771;0000;0000;0001;94294480;0500;099;099;099;099;099;099;099;0000;0000;0000;0000;0000;0000;10000;00;0;0;100;0;0;0;0;0;0;0;0;0;0;0;0;0;0;0;0;0;0;0;0;0;0;0;0;0;0;0000000000
2751;ChaosGuard;0001;0275;999999999;00;1000000;1000000;100000;0050;0085;0000;0000;0000;0000;0015;0015;0000;1000;1000;0500;32807;0000;0000;0001;0000;0500;000;000;000;000;000;000;000;1002020;1001020;8036;0000;0100;0000;1000;00;0;255;100;0;0;0;0;0;0;0;0;0;0;0;0;100000;0;0;0;0;0;0;0;0;0;0;0;0;0;0000000000
2996;ThiefLeader;0001;0201;20459;00;0989;0832;0000;0025;0086;0000;0000;0000;0000;0001;0008;0000;1000;0500;0097;32771;0085;0000;0002;98054170;0500;007;015;006;015;015;005;015;1000030;1001030;0000;0000;0000;0000;8000;00;0;150;100;0;0;0;0;0;0;0;0;0;0;0;0;0;0;0;0;0;0;0;0;0;0;0;0;0;0;0000000000
2997;PlainsThief;0001;0601;15864;00;1000;1000;0000;0100;0033;0000;0000;0000;0000;0009;0010;0000;1300;0500;0089;32771;0390;0000;0001;98054138;0500;099;099;099;099;099;099;099;1000040;1001040;3014;0096;0070;0000;10000;00;0;0;100;0;0;0;0;0;0;0;0;0;0;0;0;0;0;0;0;0;0;0;0;0;0;0;0;0;0;0000000000
3000;OddMonster;0001;0105;18205;00;2466;2166;0712;0058;0100;0000;0000;0000;0000;0001;0018;0000;2000;0500;0118;32771;0012;0000;0001;98054254;0100;099;099;099;099;099;099;099;1002020;1002030;0000;0030;0000;0000;10000;00;0;0;100;0;0;0;0;0;0;0;0;0;0;0;0;0;0;0;0;0;0;0;0;0;0;0;0;0;0;0000000000
3001;NorthMonster;0001;0105;14335;00;2070;1770;0597;0047;0100;0000;0000;0000;0000;0001;0018;0000;2000;0500;0108;32771;0015;0000;0001;98054213;0100;099;099;099;099;099;099;099;1002020;1002030;0000;0030;0000;0000;10000;00;0;0;100;0;0;0;0;0;0;0;0;0;0;0;0;0;0;0;0;0;0;0;0;0;0;0;0;0;0;0000000000
3002;SouthMonster;0001;0105;9937;00;1745;1445;0452;0041;0099;0000;0000;0000;0000;0001;0018;0000;2000;0500;0098;32771;0016;0000;0001;98054174;0100;099;099;099;099;099;099;099;1002020;1002030;0000;0030;0000;0000;10000;00;0;0;100;0;0;0;0;0;0;0;0;0;0;0;0;0;0;0;0;0;0;0;0;0;0;0;0;0;0;0000000000
3003;WestMonster;0001;0105;6813;00;1037;0737;0341;0034;0094;0000;0000;0000;0000;0002;0015;0000;2000;0250;0088;32771;0020;0000;0001;98054130;0100;099;099;099;099;099;099;099;1002010;1001040;0000;0030;0000;0000;10000;00;0;0;100;0;0;0;0;0;0;0;0;0;0;0;0;0;0;0;0;0;0;0;0;0;0;0;0;0;0;0000000000
3004;EastMonster;0001;0105;4545;00;0704;0404;0253;0028;0093;0000;0000;0000;0000;0002;0015;0000;2000;0250;0078;32771;0023;0000;0001;98054093;0100;099;099;099;099;099;099;099;1002010;1001040;0000;0030;0000;0000;10000;00;0;0;100;0;0;0;0;0;0;0;0;0;0;0;0;0;0;0;0;0;0;0;0;0;0;0;0;0;0;0000000000
3005;FuryGhost;0001;0200;4545;00;0754;0354;0253;0028;0093;0000;0000;0000;0000;0002;0015;0000;2000;0250;0078;32771;0023;0000;0001;98054097;0100;099;099;099;099;099;099;099;1002010;1001040;0000;0030;0000;0000;10000;00;0;0;100;0;0;0;0;0;0;0;0;0;0;0;0;0;0;0;0;0;0;0;0;0;0;0;0;0;0;0000000000
3006;CrazyGhost;0001;0200;6813;00;1087;0687;0341;0034;0094;0000;0000;0000;0000;0002;0015;0000;2000;0250;0088;32771;0020;0000;0001;98054134;0100;099;099;099;099;099;099;099;1002010;1001040;0000;0030;0000;0000;10000;00;0;0;100;0;0;0;0;0;0;0;0;0;0;0;0;0;0;0;0;0;0;0;0;0;0;0;0;0;0;0000000000
3007;RoaringGhost;0001;0200;9937;00;1795;1395;0452;0041;0099;0000;0000;0000;0000;0001;0018;0000;2000;0500;0098;32771;0016;0000;0001;98054178;0100;099;099;099;099;099;099;099;1002020;1002030;0000;0030;0000;0000;10000;00;0;0;100;0;0;0;0;0;0;0;0;0;0;0;0;0;0;0;0;0;0;0;0;0;0;0;0;0;0;0000000000
3008;ScaryGhost;0001;0200;14335;00;2120;1720;0597;0047;0100;0000;0000;0000;0000;0001;0018;0000;2000;0500;0108;32771;0015;0000;0001;98054217;0100;099;099;099;099;099;099;099;1002020;1002030;0000;0030;0000;0000;10000;00;0;0;100;0;0;0;0;0;0;0;0;0;0;0;0;0;0;0;0;0;0;0;0;0;0;0;0;0;0;0000000000
3009;BloodGhost;0001;0200;18205;00;2516;2116;0712;0058;0100;0000;0000;0000;0000;0001;0018;0000;2000;0500;0118;32771;0012;0000;0001;98054258;0100;099;099;099;099;099;099;099;1002020;1002030;0000;0030;0000;0000;10000;00;0;0;100;0;0;0;0;0;0;0;0;0;0;0;0;0;0;0;0;0;0;0;0;0;0;0;0;0;0;0000000000
3010;IronBird;0001;0205;4545;00;0804;0304;0253;0028;0093;0000;0000;0000;0000;0002;0015;0000;2000;0250;0078;32771;0023;0000;0001;98054096;0100;099;099;099;099;099;099;099;1002010;1001040;0000;0030;0000;0000;10000;00;0;0;100;0;0;0;0;0;0;0;0;0;0;0;0;0;0;0;0;0;0;0;0;0;0;0;0;0;0;0000000000
3011;CopperBird;0001;0205;6813;00;1137;0637;0341;0034;0094;0000;0000;0000;0000;0002;0015;0000;2000;0250;0088;32771;0020;0000;0001;98054133;0100;099;099;099;099;099;099;099;1002010;1001040;0000;0030;0000;0000;10000;00;0;0;100;0;0;0;0;0;0;0;0;0;0;0;0;0;0;0;0;0;0;0;0;0;0;0;0;0;0;0000000000
3012;SilverBird;0001;0205;9937;00;1845;1345;0452;0041;0099;0000;0000;0000;0000;0001;0018;0000;2000;0500;0098;32771;0016;0000;0001;98054177;0100;099;099;099;099;099;099;099;1002020;1002030;0000;0030;0000;0000;10000;00;0;0;100;0;0;0;0;0;0;0;0;0;0;0;0;0;0;0;0;0;0;0;0;0;0;0;0;0;0;0000000000
3013;GoldenBird;0001;0205;14335;00;2170;1670;0597;0047;0100;0000;0000;0000;0000;0001;0018;0000;2000;0500;0108;32771;0015;0000;0001;98054216;0100;099;099;099;099;099;099;099;1002020;1002030;0000;0030;0000;0000;10000;00;0;0;100;0;0;0;0;0;0;0;0;0;0;0;0;0;0;0;0;0;0;0;0;0;0;0;0;0;0;0000000000
3014;FastBird;0001;0205;18205;00;2566;2066;0712;0058;0100;0000;0000;0000;0000;0001;0018;0000;2000;0500;0118;32771;0014;0000;0001;98054257;0100;099;099;099;099;099;099;099;1002020;1002030;0000;0030;0000;0000;10000;00;0;0;100;0;0;0;0;0;0;0;0;0;0;0;0;0;0;0;0;0;0;0;0;0;0;0;0;0;0;0000000000
3015;BrutalBandit;0001;0201;4545;00;0854;0254;0253;0028;0093;0000;0000;0000;0000;0002;0015;0000;2000;0250;0078;32771;0023;0000;0001;98054095;0100;099;099;099;099;099;099;099;1002010;1001040;0000;0030;0000;0000;10000;00;0;0;100;0;0;0;0;0;0;0;0;0;0;0;0;0;0;0;0;0;0;0;0;0;0;0;0;0;0;0000000000
3016;WildBandit;0001;0201;6813;00;1187;0587;0341;0034;0094;0000;0000;0000;0000;0002;0015;0000;2000;0250;0088;32771;0020;0000;0001;98054132;0100;099;099;099;099;099;099;099;1002010;1001040;0000;0030;0000;0000;10000;00;0;0;100;0;0;0;0;0;0;0;0;0;0;0;0;0;0;0;0;0;0;0;0;0;0;0;0;0;0;0000000000
3017;CruelBandit;0001;0201;9937;00;1895;1295;0452;0041;0099;0000;0000;0000;0000;0001;0018;0000;2000;0500;0098;32771;0016;0000;0001;98054176;0100;099;099;099;099;099;099;099;1002020;1002030;0000;0030;0000;0000;10000;00;0;0;100;0;0;0;0;0;0;0;0;0;0;0;0;0;0;0;0;0;0;0;0;0;0;0;0;0;0;0000000000
3018;SingleEye;0001;0201;14335;00;2220;1620;0597;0047;0100;0000;0000;0000;0000;0001;0018;0000;2000;0500;0108;32771;0015;0000;0001;98054215;0100;099;099;099;099;099;099;099;1002020;1002030;0000;0030;0000;0000;10000;00;0;0;100;0;0;0;0;0;0;0;0;0;0;0;0;0;0;0;0;0;0;0;0;0;0;0;0;0;0;0000000000
3019;TyrantBandit;0001;0201;18205;00;2616;2016;0712;0058;0100;0000;0000;0000;0000;0001;0018;0000;2000;0500;0118;32771;0014;0000;0001;98054256;0100;099;099;099;099;099;099;099;1002020;1002030;0000;0030;0000;0000;10000;00;0;0;100;0;0;0;0;0;0;0;0;0;0;0;0;0;0;0;0;0;0;0;0;0;0;0;0;0;0;0000000000
3020;AberrantEvil;0001;0197;18205;00;3093;1275;0712;0058;0100;0000;0000;0000;0000;0001;0018;0000;2000;0500;0118;32771;0027;0000;0001;98054255;0100;099;099;099;099;099;099;099;1002020;1002030;0000;0030;0000;0000;10000;00;0;0;100;0;0;0;0;0;0;0;0;0;0;0;0;0;0;0;0;0;0;0;0;0;0;0;0;0;0;0000000000
3021;CecropsBoss;0001;0204;14335;00;2651;1082;0597;0047;0100;0000;0000;0000;0000;0001;0018;0000;2000;0500;0108;32771;0039;0000;0001;98054214;0100;099;099;099;099;099;099;099;1002020;1002030;0000;0030;0000;0000;10000;00;0;0;100;0;0;0;0;0;0;0;0;0;0;0;0;0;0;0;0;0;0;0;0;0;0;0;0;0;0;0000000000
3022;Minotaur;0001;0317;9937;00;2243;0907;0451;0042;0099;0000;0000;0000;0000;0001;0018;0000;2000;0500;0098;32771;0043;0000;0001;98054175;0100;099;099;099;099;099;099;099;1002020;1002030;0000;0030;0000;0000;10000;00;0;0;100;0;0;0;0;0;0;0;0;0;0;0;0;0;0;0;0;0;0;0;0;0;0;0;0;0;0;0000000000
3023;Jumpy;0001;0200;6813;00;1324;0449;0341;0034;0094;0000;0000;0000;0000;0002;0015;0000;2000;0250;0088;32771;0047;0000;0001;98054131;0100;099;099;099;099;099;099;099;1002010;1001040;0000;0030;0000;0000;10000;00;0;0;100;0;0;0;0;0;0;0;0;0;0;0;0;0;0;0;0;0;0;0;0;0;0;0;0;0;0;0000000000
3024;EvilMonkey;0001;0156;4545;00;0869;0254;0302;0028;0093;0000;0000;0000;0000;0002;0015;0000;2000;0250;0078;32771;0051;0000;0001;98054094;0100;099;099;099;099;099;099;099;1002010;1001040;0000;0030;0000;0000;10000;00;0;0;100;0;0;0;0;0;0;0;0;0;0;0;0;0;0;0;0;0;0;0;0;0;0;0;0;0;0;0000000000
3025;Pan;0001;0201;1000;00;8000;8000;0000;0070;0100;0000;0000;0000;0000;0005;0010;0000;2000;0500;0001;32835;0000;0000;0001;98053908;0100;099;099;099;099;099;099;099;1002020;1001020;0000;0050;0000;0000;10000;00;0;0;100;0;0;0;0;0;0;0;0;0;0;0;0;0;0;0;0;0;0;0;0;0;0;0;0;0;0;0000000000
3026;EvilHawk;0001;0205;1000;00;8000;8000;30000;0006;0065;0000;0000;0000;0000;0010;0010;0000;8000;0500;0001;32771;0000;0000;0001;98053907;0100;099;099;099;099;099;099;099;1002020;1001020;3000;0000;0100;0000;10000;00;0;0;100;0;0;0;0;0;0;0;0;0;0;0;0;0;0;0;0;0;0;0;0;0;0;0;0;0;0;0000000000
3027;GlumMonster;0001;0105;1000;00;3000;3000;0400;0090;0100;0000;0000;0000;0000;0005;0010;0000;1000;0500;0001;32771;0000;0000;0001;98053906;0100;099;099;099;099;099;099;099;1002020;1001020;0000;0050;0000;0000;10000;00;0;0;100;0;0;0;0;0;0;0;0;0;0;0;0;0;0;0;0;0;0;0;0;0;0;0;0;0;0;0000000000
3028;ShakeMonster;0001;0105;0081;00;0016;0015;0200;0000;0037;0000;0000;0000;0000;0001;0008;0000;1000;0500;0007;32771;0009;0000;0000;0000;0500;099;000;099;000;000;099;001;1000000;1001000;0000;0010;0000;0000;10000;00;0;0;100;0;0;0;0;0;0;0;0;0;0;0;0;0;0;0;0;0;0;0;0;0;0;0;0;0;0;0000000000
3029;IronEagle;0001;0205;1000;00;8000;8000;30000;0006;0065;0000;0000;0000;0000;0010;0010;0000;8000;0500;0001;32835;0000;0000;0001;98053909;0100;099;099;099;099;099;099;099;1002020;1001020;3000;0000;0040;0000;10000;00;0;0;100;0;0;0;0;0;0;0;0;0;0;0;0;0;0;0;0;0;0;0;0;0;0;0;0;0;0;0000000000
3031;Cateran;0001;0211;0545;00;0015;0013;0000;0000;0075;0000;0000;0000;0000;0001;0008;0000;1000;0500;0032;32771;0023;0000;0001;98053961;0500;003;005;002;005;005;099;007;1000010;1001010;0000;0000;0000;0000;8000;00;0;0;100;0;0;0;0;0;0;0;0;0;0;0;0;0;0;0;0;0;0;0;0;0;0;0;0;0;0;0000000000
3032;PoisonousRat;0001;0202;0666;00;0019;0017;0000;0000;0078;0000;0000;0000;0000;0001;0008;0000;1000;0500;0037;32771;0027;0000;0001;98053975;0500;003;006;003;006;006;099;007;1000010;1001010;0000;0000;0000;0000;10000;08;0;0;100;0;0;0;0;0;0;0;0;0;0;0;0;0;0;0;0;0;0;0;0;0;0;0;0;0;0;0000000000
3033;StoneBandit;0001;0105;5642;00;0367;0334;0000;0008;0086;0000;0000;0000;0000;0001;0008;0000;1000;0500;0077;32771;0012;0000;0001;98054078;0500;007;015;006;015;015;005;015;1000030;1001030;0000;0040;0000;0000;10000;00;0;0;100;0;0;0;0;0;0;0;0;0;0;0;0;0;0;0;0;0;0;0;0;0;0;0;0;0;0;0000000000
3037;FowlEmpress;0001;0304;0799;00;0060;0053;0000;0006;0050;0000;0000;0000;0000;0001;0008;0000;1000;0500;0020;32771;0030;0000;0003;0000;0500;000;000;000;000;000;000;000;0000;0000;0000;0000;0000;0000;10000;00;0;0;100;0;0;0;0;0;0;0;0;0;0;0;0;0;0;0;0;0;0;0;0;0;0;0;0;0;0;0000000000
3039;SugarplumFairy;0001;0130;0799;00;0060;0053;0000;0006;0050;0000;0000;0000;0000;0001;0008;0000;1000;0500;0020;32771;0030;0000;0002;7602010;0500;000;000;000;000;000;000;000;0000;0000;0000;0000;0000;0000;10000;00;0;0;100;0;0;0;0;0;0;0;0;0;0;0;0;0;0;0;0;0;0;0;0;0;0;0;0;0;0;0000000000
3042;RatKing1;0001;0218;45000;00;0300;0270;0800;0020;0022;0000;0000;0000;0000;0001;0009;0000;1000;0500;0037;32771;0060;0000;0002;98053979;0500;099;099;099;099;099;099;099;1000040;1001040;0000;0095;0000;0000;10000;08;11;0;100;0;0;0;0;0;0;0;0;0;0;0;0;0;0;0;0;0;0;0;0;0;0;0;0;0;0;0000000000
3043;FireRat1;0001;0219;2997;00;0120;0109;0000;0006;0078;0000;0000;0000;0000;0002;0015;0000;1000;0250;0038;32771;0027;0000;0001;98053982;0100;003;006;003;006;006;099;003;1002000;1001020;0000;0000;0000;0000;10000;08;11;0;100;0;0;0;0;0;0;0;0;0;0;0;0;0;0;0;0;0;0;0;0;0;0;0;0;0;0;0000000000
3044;ToxicRat1;0001;0202;23346;00;0726;0656;0000;0007;0087;0000;0000;0000;0000;0002;0015;0000;1000;0250;0083;32771;0105;0000;0001;0000;0100;007;016;007;016;016;006;007;1002020;1001020;0000;0000;0100;0000;10000;00;0;0;100;0;0;0;0;0;0;0;0;0;0;0;0;0;0;0;0;0;0;0;0;0;0;0;0;0;0;0000000000
3050;HeresySnakeman;0001;0404;3182;00;0077;0070;0000;0000;0083;0000;0000;0000;0000;0001;0008;0000;1000;0500;0062;32771;0009;0000;0001;98054032;0500;006;012;006;012;012;003;013;1000030;1001030;0000;0000;0000;0000;10000;00;0;0;100;0;0;0;0;0;0;0;0;0;0;0;0;0;0;0;0;0;0;0;0;0;0;0;0;0;0;0000000000
3058;PumpkinMonster;0001;0322;0817;00;0089;0081;0000;0010;0075;0000;0000;0000;0000;0001;0008;0000;1000;0500;0032;32771;0023;0000;0001;98053971;0500;099;099;099;099;099;099;099;1000010;1001010;0000;0000;0000;0000;10000;07;10;0;100;0;0;0;0;0;0;0;0;0;0;0;0;0;0;0;0;0;0;0;0;0;0;0;0;0;0;0000000000
3059;PumpkinMonster2;0001;0323;0817;00;0089;0081;0000;0010;0075;0000;0000;0000;0000;0001;0008;0000;1000;0500;0032;32771;0023;0000;0001;98053970;0500;099;099;099;099;099;099;099;1000010;1001010;0000;0000;0000;0000;10000;07;10;0;100;0;0;0;0;0;0;0;0;0;0;0;0;0;0;0;0;0;0;0;0;0;0;0;0;0;0;0000000000
3066;IceGhoul;0000;0160;65535;00;1950;1875;4800;0130;0086;0000;0000;0000;0000;0001;0010;0000;1000;0500;0128;32771;0031;0000;0001;98054360;0500;009;023;009;023;022;009;023;1000040;1002040;0000;0000;0000;0000;10000;00;0;0;100;0;0;0;0;0;0;0;0;0;0;0;0;0;0;0;0;0;0;0;0;0;0;0;0;0;0;0000000000
3067;StoneGhoul;0000;0129;65535;00;1950;1875;4800;0130;0086;0000;0000;0000;0000;0001;0010;0000;1000;0500;0128;32771;0031;0000;0001;98054361;0500;009;023;009;023;022;009;023;1000040;1002040;0000;0000;0000;0000;10000;00;0;0;100;0;0;0;0;0;0;0;0;0;0;0;0;0;0;0;0;0;0;0;0;0;0;0;0;0;0;0000000000
3068;PointGhoul;0000;0230;65535;00;1950;1875;4800;0130;0086;0000;0000;0000;0000;0001;0010;0000;1000;0500;0128;32771;0031;0000;0001;98054362;0500;009;023;009;023;022;009;023;1000040;1002040;0000;0000;0000;0000;10000;00;0;0;100;0;0;0;0;0;0;0;0;0;0;0;0;0;0;0;0;0;0;0;0;0;0;0;0;0;0;0000000000
3069;RayGhoul;0000;0355;65535;00;1950;1875;4800;0130;0086;0000;0000;0000;0000;0001;0010;0000;1000;0500;0128;32771;0031;0000;0001;98054363;0500;009;023;009;023;022;009;023;1000040;1002040;0000;0000;0000;0000;10000;00;0;0;100;0;0;0;0;0;0;0;0;0;0;0;0;0;0;0;0;0;0;0;0;0;0;0;0;0;0;0000000000
3070;GreyGhoul;0000;0362;65535;00;1950;1875;4800;0130;0086;0000;0000;0000;0000;0001;0010;0000;1000;0500;0128;32771;0031;0000;0001;98054364;0500;009;023;009;023;022;009;023;1000040;1002040;0000;0000;0000;0000;10000;00;0;0;100;0;0;0;0;0;0;0;0;0;0;0;0;0;0;0;0;0;0;0;0;0;0;0;0;0;0;0000000000
3071;BloodGhoul;0000;0361;65535;00;1950;1875;4800;0130;0086;0000;0000;0000;0000;0001;0010;0000;1000;0500;0128;32771;0031;0000;0001;98054365;0500;009;023;009;023;022;009;023;1000040;1002040;0000;0000;0000;0000;10000;00;0;0;100;0;0;0;0;0;0;0;0;0;0;0;0;0;0;0;0;0;0;0;0;0;0;0;0;0;0;0000000000
3072;BloomGhoul;0000;0328;65535;00;1950;1875;4800;0130;0086;0000;0000;0000;0000;0001;0010;0000;1000;0500;0128;32771;0031;0000;0001;98054366;0500;009;023;009;023;022;009;023;1000040;1002040;0000;0000;0000;0000;10000;00;0;0;100;0;0;0;0;0;0;0;0;0;0;0;0;0;0;0;0;0;0;0;0;0;0;0;0;0;0;0000000000
3073;IceMinion;0000;0160;65535;00;1950;1875;4800;0130;0086;0000;0000;0000;0000;0001;0010;0000;1000;0500;0128;32771;0450;0000;0001;98054367;0500;009;023;009;023;022;009;023;1000040;1002040;0000;0000;0000;0000;10000;00;0;0;100;0;0;0;0;0;0;0;0;0;0;0;0;0;0;0;0;0;0;0;0;0;0;0;0;0;0;0000000000
3074;StoneMinion;0000;0129;65535;00;1950;1875;4800;0130;0086;0000;0000;0000;0000;0001;0010;0000;1000;0500;0128;32771;0450;0000;0001;98054368;0500;009;023;009;023;022;009;023;1000040;1002040;0000;0000;0000;0000;10000;00;0;0;100;0;0;0;0;0;0;0;0;0;0;0;0;0;0;0;0;0;0;0;0;0;0;0;0;0;0;0000000000
3075;PointMinion;0000;0230;65535;00;1950;1875;4800;0130;0086;0000;0000;0000;0000;0001;0010;0000;1000;0500;0128;32771;0450;0000;0001;98054369;0500;009;023;009;023;022;009;023;1000040;1002040;0000;0000;0000;0000;10000;00;0;0;100;0;0;0;0;0;0;0;0;0;0;0;0;0;0;0;0;0;0;0;0;0;0;0;0;0;0;0000000000
3076;RayMinion;0000;0355;65535;00;1950;1875;4800;0130;0086;0000;0000;0000;0000;0001;0010;0000;1000;0500;0128;32771;0450;0000;0001;98054370;0500;009;023;009;023;022;009;023;1000040;1002040;0000;0000;0000;0000;10000;00;0;0;100;0;0;0;0;0;0;0;0;0;0;0;0;0;0;0;0;0;0;0;0;0;0;0;0;0;0;0000000000
3077;GreyMinion;0000;0362;65535;00;1950;1875;4800;0130;0086;0000;0000;0000;0000;0001;0010;0000;1000;0500;0128;32771;0450;0000;0001;98054371;0500;009;023;009;023;022;009;023;1000040;1002040;0000;0000;0000;0000;10000;00;0;0;100;0;0;0;0;0;0;0;0;0;0;0;0;0;0;0;0;0;0;0;0;0;0;0;0;0;0;0000000000
3078;BloodMinion;0000;0361;65535;00;1950;1875;4800;0130;0086;0000;0000;0000;0000;0001;0010;0000;1000;0500;0128;32771;0450;0000;0001;98054372;0500;009;023;009;023;022;009;023;1000040;1002040;0000;0000;0000;0000;10000;00;0;0;100;0;0;0;0;0;0;0;0;0;0;0;0;0;0;0;0;0;0;0;0;0;0;0;0;0;0;0000000000
3079;BloomMinion;0000;0328;65535;00;1950;1875;4800;0130;0086;0000;0000;0000;0000;0001;0010;0000;1000;0500;0128;32771;0450;0000;0001;98054388;0500;009;023;009;023;022;009;023;1000040;1002040;0000;0000;0000;0000;10000;00;0;0;100;0;0;0;0;0;0;0;0;0;0;0;0;0;0;0;0;0;0;0;0;0;0;0;0;0;0;0000000000
3081;DivineHare;0001;0287;5000;00;0092;0082;0098;0004;0073;0000;0000;0000;0000;0001;0008;0000;1000;0500;0030;32771;0020;0000;0001;0000;0400;002;004;002;004;004;099;002;1000030;1001020;0000;0070;0000;0000;1000;00;9;0;100;0;0;0;0;0;0;0;0;0;0;0;0;0;0;0;0;0;0;0;0;0;0;0;0;0;0;0000000000
3082;GoldenHare;0001;0285;5000;00;0092;0082;0098;0004;0073;0000;0000;0000;0000;0001;0008;0000;1000;0500;0030;32771;0020;0000;0001;0000;0400;002;004;002;004;004;099;002;1000030;1001020;0000;0070;0000;0000;1000;00;9;0;100;0;0;0;0;0;0;0;0;0;0;0;0;0;0;0;0;0;0;0;0;0;0;0;0;0;0;0000000000
3083;SilverHare;0001;0286;5000;00;0092;0082;0098;0004;0073;0000;0000;0000;0000;0001;0008;0000;1000;0500;0030;32771;0020;0000;0001;0000;0400;002;004;002;004;004;099;002;1000030;1001020;0000;0070;0000;0000;1000;00;9;0;100;0;0;0;0;0;0;0;0;0;0;0;0;0;0;0;0;0;0;0;0;0;0;0;0;0;0;0000000000
3084;HareGuard;0001;0287;50000;00;700000;700000;0000;0050;0085;0000;0000;0000;0000;0015;0015;0000;1000;1000;0500;40960;0000;0000;0001;0000;0500;000;000;000;000;000;000;000;1002020;1001020;8036;0000;0100;0000;1000;00;0;255;100;0;0;0;0;0;0;0;0;0;0;0;0;0;0;0;0;0;0;0;0;0;0;0;0;0;0;0000000000
3100;FireSnakeSpirit;0001;0203;0500;00;8000;8000;20000;0069;0100;0000;0000;0000;0000;0005;0005;0000;1000;0250;0001;32835;0000;0000;0001;98053910;0100;099;099;099;099;099;099;099;1002010;1001040;0000;0000;0000;0000;10000;00;0;0;100;0;0;0;0;0;0;0;0;0;0;0;0;0;0;0;0;0;0;0;0;0;0;0;0;0;0;0000000000
3101;ToughSnake;0001;0203;0500;00;1237;1237;0000;0065;0075;0000;0000;0000;0000;0005;0010;0000;2000;0500;0001;32771;0000;0000;0001;98053911;0100;099;099;099;099;099;099;099;1002010;1001040;3000;0099;0050;0000;10000;00;0;0;100;0;0;0;0;0;0;0;0;0;0;0;0;0;0;0;0;0;0;0;0;0;0;0;0;0;0;0000000000
3102;SnakeKing;0001;0404;65535;00;8000;8000;65000;0070;0100;0000;0000;0000;0000;0020;0020;0000;60000;0500;0120;32771;0000;0000;0003;98054265;0100;099;099;099;099;099;099;099;1002020;1001020;3000;0090;0100;0000;10000;00;0;0;100;0;0;0;0;0;0;0;0;0;0;0;0;0;0;0;0;0;0;0;0;0;0;0;0;0;0;0000000000
3103;WaterSnake;0001;0203;47853;00;1704;1390;1000;0070;0070;0000;0000;0000;0000;0015;0015;0000;2000;0250;0080;32835;0000;0000;0001;98054103;0100;099;099;099;099;099;099;099;1002020;1001020;0000;0099;0000;0000;10000;00;0;0;100;0;0;0;0;0;0;0;0;0;0;0;0;0;0;0;0;0;0;0;0;0;0;0;0;0;0;0000000000
3120;GuildBeast;0001;0240;65535;00;5000;5000;60000;0080;0100;0000;0000;0000;0000;0010;0010;0000;3000;0500;0120;32769;0000;0099;0003;98054266;0250;099;099;099;099;099;099;099;0000;0000;0000;0099;0000;0000;10000;00;0;0;100;0;0;0;0;0;0;0;0;0;0;0;0;0;0;0;0;0;0;0;0;0;0;0;0;0;0;0000000000
3130;GanodermaL72;0001;0133;39796;00;0328;0295;0716;0050;0030;0000;0000;0000;0000;0002;0015;0000;1000;0500;0072;32771;0198;0000;0001;98054064;0500;099;099;099;099;099;099;099;1000040;1001040;0000;0000;0000;0000;3000;00;0;0;100;0;0;0;0;0;0;0;0;0;0;0;0;0;0;0;0;0;0;0;0;0;0;0;0;0;0;0000000000
3131;GanodermaL70;0001;0133;26478;00;0382;0344;0724;0050;0030;0000;0000;0000;0000;0002;0015;0000;1000;0500;0072;32771;0198;0000;0001;98054063;0500;099;099;099;099;099;099;099;1000040;1001040;0000;0000;0000;0000;3000;00;0;0;100;0;0;0;0;0;0;0;0;0;0;0;0;0;0;0;0;0;0;0;0;0;0;0;0;0;0;0000000000
3132;GanodermaL74;0001;0133;40000;00;0057;0057;0716;0050;0030;0000;0000;0000;0000;0009;0008;0000;1000;0500;0072;32771;0198;0000;0001;98054062;0500;099;099;099;099;099;099;099;1000040;1001040;1001;0090;0070;0000;3000;00;0;0;100;0;0;0;0;0;0;0;0;0;0;0;0;0;0;0;0;0;0;0;0;0;0;0;0;0;0;0000000000
3133;GanodermaL76;0001;0133;45672;00;0173;0156;0716;0050;0092;0000;0000;0000;0000;0002;0015;0000;1000;0500;0072;32771;0198;0000;0001;98054061;0500;099;099;099;099;099;099;099;1000040;1001040;0000;0000;0000;0000;3000;00;0;0;100;0;0;0;0;0;0;0;0;0;0;0;0;0;0;0;0;0;0;0;0;0;0;0;0;0;0;0000000000
3134;TitanL77;0001;0153;42549;00;0439;0394;0908;0050;0030;0000;0000;0000;0000;0002;0015;0000;1000;0500;0077;32771;0027;0000;0003;98054085;0500;099;099;099;099;099;099;099;1000040;1001040;0000;0000;0000;0000;3000;00;0;0;100;0;0;0;0;0;0;0;0;0;0;0;0;0;0;0;0;0;0;0;0;0;0;0;0;0;0;0000000000
3135;TitanL75;0001;0153;26719;00;0543;0488;0916;0050;0030;0000;0000;0000;0000;0002;0015;0000;1000;0500;0077;32771;0027;0000;0001;98054084;0500;099;099;099;099;099;099;099;1000040;1001040;0000;0000;0000;0000;3000;00;0;0;100;0;0;0;0;0;0;0;0;0;0;0;0;0;0;0;0;0;0;0;0;0;0;0;0;0;0;0000000000
3136;TitanL79;0001;0153;50800;00;0079;0079;0908;0050;0030;0000;0000;0000;0000;0009;0008;0000;1000;0500;0077;32771;0027;0000;0001;98054082;0500;099;099;099;099;099;099;099;1000040;1001040;1001;0090;0070;0000;3000;00;0;0;100;0;0;0;0;0;0;0;0;0;0;0;0;0;0;0;0;0;0;0;0;0;0;0;0;0;0;0000000000
3137;TitanL81;0001;0153;54312;00;0231;0231;0908;0050;0092;0000;0000;0000;0000;0002;0015;0000;1000;0500;0077;32771;0027;0000;0001;98054083;0500;099;099;099;099;099;099;099;1000040;1001040;0000;0000;0000;0000;3000;00;0;0;100;0;0;0;0;0;0;0;0;0;0;0;0;0;0;0;0;0;0;0;0;0;0;0;0;0;0;0000000000
3141;Slinger;0001;0305;30110;00;1353;1234;0100;0030;0086;0000;0000;0000;0000;0001;0008;0000;1000;0500;0105;32771;0139;0000;0001;98054204;0500;000;000;000;000;000;000;000;0000;0000;0000;0000;0000;0000;10000;00;0;0;100;0;0;0;0;0;0;0;0;0;0;0;0;0;0;0;0;0;0;0;0;0;0;0;0;0;0;0000000000
3142;GoldGhost;0001;0308;56180;00;1750;1450;0120;0030;0085;0000;0000;0000;0000;0001;0008;0000;1000;0500;0108;32771;0316;0000;0001;98054218;0500;000;000;000;000;000;000;000;0000;0000;0000;0000;0000;0000;10000;00;0;0;100;0;0;0;0;0;0;0;0;0;0;0;0;0;0;0;0;0;0;0;0;0;0;0;0;0;0;0000000000
3143;Gibbon;0001;0127;65535;00;2350;2250;3500;0050;0084;0000;0000;0000;0000;0001;0008;0000;1000;0500;0110;32771;0436;0999;0001;98054223;0500;000;000;000;000;000;000;000;0000;0000;0000;0099;0000;0000;10000;00;0;0;100;0;0;0;0;0;0;0;0;0;0;0;0;0;0;0;0;0;0;0;0;0;0;0;0;0;0;0000000000
3144;Bladeling;0001;0240;33140;00;1702;1300;0100;0035;0087;0000;0000;0000;0000;0001;0009;0000;1000;0500;0110;32771;0120;0000;0001;98054222;0500;000;000;000;000;000;000;000;0000;0000;0000;0000;0000;0000;10000;00;0;0;100;0;0;0;0;0;0;0;0;0;0;0;0;0;0;0;0;0;0;0;0;0;0;0;0;0;0;0000000000
3145;AgileRat;0001;0219;58110;00;1800;1800;0545;0100;0045;0000;0000;0000;0000;0001;0009;0000;1000;0500;0112;32771;0180;0000;0001;98054232;0500;000;000;000;000;000;000;000;0000;0000;1000;0098;0070;0000;10000;00;0;0;100;0;0;0;0;0;0;0;0;0;0;0;0;0;0;0;0;0;0;0;0;0;0;0;0;0;0;0000000000
3146;NagaLord;0001;0162;65535;00;2550;2450;3600;0052;0086;0000;0000;0000;0000;0001;0009;0000;1000;0500;0115;32771;0240;0999;0001;98054243;0500;000;000;000;000;000;000;000;0000;0000;0000;0099;0000;0000;10000;00;0;0;100;0;0;0;0;0;0;0;0;0;0;0;0;0;0;0;0;0;0;0;0;0;0;0;0;0;0;0000000000
3147;BlueBird;0001;0332;38050;00;1980;1400;0100;0047;0087;0000;0000;0000;0000;0001;0008;0000;1000;1000;0115;32771;0132;0000;0001;98054242;0500;000;000;000;000;000;000;000;0000;0000;0000;0000;0000;0000;10000;00;0;0;100;0;0;0;0;0;0;0;0;0;0;0;0;0;0;0;0;0;0;0;0;0;0;0;0;0;0;0000000000
3148;FiendBat;0001;0606;60460;00;2328;1600;4000;0130;0040;0000;0000;0000;0000;0002;0018;0000;1000;0500;0117;32771;0192;0000;0003;98054249;0100;000;000;000;000;000;000;000;0000;0000;1001;0050;0050;0000;10000;00;0;0;100;0;0;0;0;0;0;0;0;0;0;0;0;0;0;0;0;0;0;0;0;0;0;0;0;0;0;0000000000
3149;Talon;0001;0225;65535;00;2650;2550;3700;0082;0086;0000;0000;0000;0000;0001;0018;0000;1000;1000;0120;32771;0132;0999;0001;98054275;0500;000;000;000;000;000;000;000;0000;0000;0000;0099;0000;0000;10000;00;0;0;100;0;0;0;0;0;0;0;0;0;0;0;0;0;0;0;0;0;0;0;0;0;0;0;0;0;0;0000000000
3155;MinotaurL120;0001;0317;60460;00;2328;1600;0100;0046;0083;0000;0000;0000;0000;0001;0008;0000;1000;0500;0120;32771;0139;0000;0001;98054274;0500;000;000;000;000;000;000;000;0000;0000;0000;0000;0000;0000;10000;00;0;0;100;0;0;0;0;0;0;0;0;0;0;0;0;0;0;0;0;0;0;0;0;0;0;0;0;0;0;0000000000
3156;Howler;0001;0130;65535;00;2550;2500;3800;0084;0079;0000;0000;0000;0000;0001;0008;0000;1000;0500;0125;32771;0316;0999;0001;98054346;0500;000;000;000;000;000;000;000;0000;0000;0000;0099;0000;0000;10000;00;0;0;100;0;0;0;0;0;0;0;0;0;0;0;0;0;0;0;0;0;0;0;0;0;0;0;0;0;0;0000000000
3310;CuteBunny;0001;0222;3000;00;0182;0122;1300;0100;0035;0000;0000;0000;0000;0001;0008;0000;1000;0500;0055;32803;0000;0000;0001;0000;0200;099;099;099;099;099;099;099;0000;0000;0000;0094;0000;0000;10000;00;0;0;100;0;0;0;0;0;0;0;0;0;0;0;0;0;0;0;0;0;0;0;0;0;0;0;0;0;0;0000000000
3311;PlayfulBunny;0001;0225;3000;00;0182;0122;1300;0100;0035;0000;0000;0000;0000;0001;0008;0000;1000;0500;0055;32803;0000;0000;0001;0000;0200;099;099;099;099;099;099;099;0000;0000;0000;0094;0000;0000;10000;00;0;0;100;0;0;0;0;0;0;0;0;0;0;0;0;0;0;0;0;0;0;0;0;0;0;0;0;0;0;0000000000
3312;CuteBunny;0001;0224;3000;00;0182;0122;1300;0100;0035;0000;0000;0000;0000;0001;0008;0000;1000;0500;0055;32803;0000;0000;0001;0000;0200;099;099;099;099;099;099;099;0000;0000;0000;0094;0000;0000;10000;00;0;0;100;0;0;0;0;0;0;0;0;0;0;0;0;0;0;0;0;0;0;0;0;0;0;0;0;0;0;0000000000
3320;KungFuBunny;0001;0222;3000;00;0182;0122;1300;0100;0035;0000;0000;0000;0000;0001;0008;0000;1000;0500;0055;32803;0000;0000;0001;0000;0200;099;099;099;099;099;099;099;0000;0000;0000;0094;0000;0000;10000;00;0;0;100;0;0;0;0;0;0;0;0;0;0;0;0;0;0;0;0;0;0;0;0;0;0;0;0;0;0;0000000000
3321;Piglet;0001;0223;65535;00;0010;0001;60000;0100;0035;0000;0000;0000;0000;0001;0008;0000;1000;0500;0130;32803;0000;0000;0001;0000;0200;099;099;099;099;099;099;099;0000;0000;0000;0094;0000;0000;0001;00;0;0;100;0;0;0;0;0;0;0;0;0;0;0;0;0;0;0;0;0;0;0;0;0;0;0;0;0;0;0000000000
3322;KungFuBunny;0001;0224;3000;00;0182;0122;1300;0100;0035;0000;0000;0000;0000;0001;0008;0000;1000;0500;0055;32803;0000;0000;0001;0000;0200;099;099;099;099;099;099;099;0000;0000;0000;0094;0000;0000;10000;00;0;0;100;0;0;0;0;0;0;0;0;0;0;0;0;0;0;0;0;0;0;0;0;0;0;0;0;0;0;0000000000
3560;StoneMonster;0001;0136;0500;00;0020;0019;0012;0000;0037;0000;0000;0000;0000;0001;0008;0000;1000;1000;0010;32771;0012;0000;0000;0000;0500;099;000;099;000;000;099;099;1000010;1001000;0000;0070;0000;0000;10000;00;0;0;100;0;0;0;0;0;0;0;0;0;0;0;0;0;0;0;0;0;0;0;0;0;0;0;0;0;0;0000000000
3561;Turkey;0001;0304;3500;00;0020;0019;0012;0000;0037;0000;0000;0000;0000;0001;0008;0000;1000;1000;0010;32771;0012;720360;0002;7538460;0500;099;000;099;000;000;099;099;1000010;1001000;0000;0070;0000;0000;10000;00;0;0;100;0;0;0;0;0;0;0;0;0;0;0;0;0;0;0;0;0;0;0;0;0;0;0;0;0;0;0000000000
3562;800poundTurkey;0001;0304;20000;00;0500;0498;0800;0000;0037;0000;0000;0000;0000;0001;0010;0000;2000;1000;0010;32771;0090;720360;0005;7537210;0500;099;000;099;000;000;099;099;1000010;1001000;0000;0200;0000;0000;2000;00;0;0;100;0;0;0;0;0;0;0;0;0;0;0;0;0;0;0;0;0;0;0;0;0;0;0;0;0;0;0000000000
3563;FireSnake;0001;0203;0500;00;0020;0019;0012;0000;0037;0000;0000;0000;0000;0001;0008;0000;1000;1000;0010;32771;0012;0000;0000;0000;0500;099;000;099;000;000;099;099;1000010;1001000;0000;0070;0000;0000;10000;00;0;0;100;0;0;0;0;0;0;0;0;0;0;0;0;0;0;0;0;0;0;0;0;0;0;0;0;0;0;0000000000
3564;SandMonster2;0001;0309;0500;00;0020;0019;0012;0000;0037;0000;0000;0000;0000;0001;0008;0000;1000;1000;0010;32771;0012;0000;0003;0000;0500;099;000;099;000;000;099;099;1000010;1001000;0000;0070;0000;0000;10000;00;0;0;100;0;0;0;0;0;0;0;0;0;0;0;0;0;0;0;0;0;0;0;0;0;0;0;0;0;0;0000000000
3579;FishA;0001;0311;0500;00;0020;0019;0012;0000;0037;0000;0000;0000;0000;0001;0008;0000;1000;1000;0010;32771;0009;0000;0000;0000;0500;099;000;099;000;000;099;099;1000010;1001000;0000;0070;0000;0000;10000;00;0;0;100;0;0;0;0;0;0;0;0;0;0;0;0;0;0;0;0;0;0;0;0;0;0;0;0;0;0;0000000000
3580;MysticLady;0001;0252;0500;00;0020;0019;0012;0000;0037;0000;0000;0000;0000;0001;0008;0000;1000;1000;0010;32771;0009;0000;0000;0000;0500;099;000;099;000;000;099;099;1000010;1001000;0000;0070;0000;0000;10000;00;0;0;100;0;0;0;0;0;0;0;0;0;0;0;0;0;0;0;0;0;0;0;0;0;0;0;0;0;0;0000000000
3582;BlueCock;0001;0231;0500;00;0020;0019;0012;0000;0037;0000;0000;0000;0000;0001;0008;0000;1000;1000;0010;32771;0009;0000;0000;0000;0500;099;000;099;000;000;099;099;1000010;1001000;0000;0070;0000;0000;10000;00;0;0;100;0;0;0;0;0;0;0;0;0;0;0;0;0;0;0;0;0;0;0;0;0;0;0;0;0;0;0000000000
3583;MagentaCock;0001;0231;0500;00;0020;0019;0012;0000;0037;0000;0000;0000;0000;0001;0008;0000;1000;1000;0010;32771;0009;0000;0000;0000;0500;099;000;099;000;000;099;099;1000010;1001000;0000;0070;0000;0000;10000;00;0;0;100;0;0;0;0;0;0;0;0;0;0;0;0;0;0;0;0;0;0;0;0;0;0;0;0;0;0;0000000000
3584;Siren;0001;0252;0500;00;0020;0019;0012;0000;0037;0000;0000;0000;0000;0001;0008;0000;1000;1000;0010;32771;0009;0000;0000;0000;0500;099;000;099;000;000;099;099;1000010;1001000;0000;0070;0000;0000;10000;00;0;0;100;0;0;0;0;0;0;0;0;0;0;0;0;0;0;0;0;0;0;0;0;0;0;0;0;0;0;0000000000
3585;BrownCock;0001;0231;0500;00;0020;0019;0012;0000;0037;0000;0000;0000;0000;0001;0008;0000;1000;1000;0010;32771;0009;0000;0000;0000;0500;099;000;099;000;000;099;099;1000010;1001000;0000;0070;0000;0000;10000;00;0;0;100;0;0;0;0;0;0;0;0;0;0;0;0;0;0;0;0;0;0;0;0;0;0;0;0;0;0;0000000000
3586;FishB;0001;0311;0500;00;0020;0019;0012;0000;0037;0000;0000;0000;0000;0001;0008;0000;1000;1000;0010;32771;0009;0000;0000;0000;0500;099;000;099;000;000;099;099;1000010;1001000;0000;0070;0000;0000;10000;00;0;0;100;0;0;0;0;0;0;0;0;0;0;0;0;0;0;0;0;0;0;0;0;0;0;0;0;0;0;0000000000
3600;ValeDemon;0001;0127;50000;00;1728;1400;0000;0046;0085;0000;0000;0000;0000;0001;0015;3489;1000;0500;0120;32771;0139;0000;0002;98054278;0500;099;099;099;099;099;099;099;0000;0000;0000;0000;0000;0000;10000;00;0;0;100;0;0;0;0;0;0;0;0;0;0;0;0;0;0;0;0;0;0;0;0;0;0;0;0;0;0;0000000000
3601;MudDemon;0001;0227;50000;00;1728;1400;0000;0046;0085;0000;0000;0000;0000;0001;0015;3489;1000;0500;0120;32771;0139;0000;0002;98054279;0500;099;099;099;099;099;099;099;0000;0000;0000;0000;0000;0000;10000;00;0;0;100;0;0;0;0;0;0;0;0;0;0;0;0;0;0;0;0;0;0;0;0;0;0;0;0;0;0;0000000000
3602;AbyssDemon;0001;0327;50000;00;1728;1400;0000;0046;0085;0000;0000;0000;0000;0003;0015;3489;1000;0500;0120;32771;0139;0000;0002;98054280;0500;099;099;099;099;099;099;099;0000;0000;1002;0000;0050;0000;10000;00;0;0;100;0;0;0;0;0;0;0;0;0;0;0;0;0;0;0;0;0;0;0;0;0;0;0;0;0;0;0000000000
3603;ShadowKing;0001;0127;50000;00;2328;1600;0100;0046;0090;0000;0000;0000;0000;0003;0020;0000;1000;0500;0120;32771;0139;0000;0002;98054281;0500;099;099;099;099;099;099;099;0000;0000;1002;0070;0050;0000;10000;00;0;0;100;0;0;0;0;0;0;0;0;0;0;0;0;0;0;0;0;0;0;0;0;0;0;0;0;0;0;0000000000
3604;SingingSerpent;0001;0155;50000;00;1728;1400;0000;0046;0085;0000;0000;0000;0000;0001;0015;3489;1000;0500;0120;32771;0139;0000;0002;98054282;0500;099;099;099;099;099;099;099;0000;0000;0000;0000;0000;0000;10000;00;0;0;100;0;0;0;0;0;0;0;0;0;0;0;0;0;0;0;0;0;0;0;0;0;0;0;0;0;0;0000000000
3605;RoaringSerpent;0001;0355;50000;00;1728;1400;0000;0046;0085;0000;0000;0000;0000;0001;0015;3489;1000;0500;0120;32771;0139;0000;0002;98054283;0500;099;099;099;099;099;099;099;0000;0000;0000;0000;0000;0000;10000;00;0;0;100;0;0;0;0;0;0;0;0;0;0;0;0;0;0;0;0;0;0;0;0;0;0;0;0;0;0;0000000000
3606;CryingSerpent;0001;0255;50000;00;1728;1400;0000;0046;0085;0000;0000;0000;0000;0003;0015;3489;1000;0500;0120;32771;0139;0000;0002;98054284;0500;099;099;099;099;099;099;099;0000;0000;1002;0000;0050;0000;10000;00;0;0;100;0;0;0;0;0;0;0;0;0;0;0;0;0;0;0;0;0;0;0;0;0;0;0;0;0;0;0000000000
3607;SerpentSpirit;0001;0355;50000;00;2328;1600;0100;0046;0090;0000;0000;0000;0000;0003;0020;0000;1000;0500;0120;32771;0139;0000;0002;98054285;0500;099;099;099;099;099;099;099;0000;0000;1002;0050;0100;0000;10000;00;0;0;100;0;0;0;0;0;0;0;0;0;0;0;0;0;0;0;0;0;0;0;0;0;0;0;0;0;0;0000000000
3608;BlueFiend;0001;0326;50000;00;1728;1400;0000;0046;0085;0000;0000;0000;0000;0001;0015;3489;1000;0500;0120;32771;0139;0000;0002;98054286;0500;099;099;099;099;099;099;099;0000;0000;0000;0000;0000;0000;10000;00;0;0;100;0;0;0;0;0;0;0;0;0;0;0;0;0;0;0;0;0;0;0;0;0;0;0;0;0;0;0000000000
3609;RedFiend;0001;0326;50000;00;1728;1400;0000;0046;0085;0000;0000;0000;0000;0001;0015;3489;1000;0500;0120;32771;0139;0000;0002;98054287;0500;099;099;099;099;099;099;099;0000;0000;0000;0000;0000;0000;10000;00;0;0;100;0;0;0;0;0;0;0;0;0;0;0;0;0;0;0;0;0;0;0;0;0;0;0;0;0;0;0000000000
3610;WhiteFiend;0001;0326;50000;00;1728;1400;0000;0046;0085;0000;0000;0000;0000;0003;0015;3489;1000;0500;0120;32771;0139;0000;0002;98054288;0500;099;099;099;099;099;099;099;0000;0000;5040;0000;0050;0000;10000;00;0;0;100;0;0;0;0;0;0;0;0;0;0;0;0;0;0;0;0;0;0;0;0;0;0;0;0;0;0;0000000000
3611;FiendLord;0001;0326;50000;00;2328;1600;0100;0046;0090;0000;0000;0000;0000;0003;0020;0000;1000;0500;0120;32771;0139;0000;0002;98054289;0500;099;099;099;099;099;099;099;0000;0000;1002;0070;0050;0000;10000;00;0;0;100;0;0;0;0;0;0;0;0;0;0;0;0;0;0;0;0;0;0;0;0;0;0;0;0;0;0;0000000000
3612;WindApe;0001;0325;50000;00;1728;1400;0000;0046;0085;0000;0000;0000;0000;0001;0015;3489;1000;0500;0120;32771;0139;0000;0002;98054290;0500;099;099;099;099;099;099;099;0000;0000;0000;0000;0000;0000;10000;00;0;0;100;0;0;0;0;0;0;0;0;0;0;0;0;0;0;0;0;0;0;0;0;0;0;0;0;0;0;0000000000
3613;RainApe;0001;0425;50000;00;1728;1400;0000;0046;0085;0000;0000;0000;0000;0001;0015;3489;1000;0500;0120;32771;0139;0000;0002;98054291;0500;099;099;099;099;099;099;099;0000;0000;0000;0000;0000;0000;10000;00;0;0;100;0;0;0;0;0;0;0;0;0;0;0;0;0;0;0;0;0;0;0;0;0;0;0;0;0;0;0000000000
3614;LightningApe;0001;0225;50000;00;1728;1400;0000;0046;0085;0000;0000;0000;0000;0003;0015;3489;1000;0500;0120;32771;0139;0000;0002;98054292;0500;099;099;099;099;099;099;099;0000;0000;1002;0000;0050;0000;10000;00;0;0;100;0;0;0;0;0;0;0;0;0;0;0;0;0;0;0;0;0;0;0;0;0;0;0;0;0;0;0000000000
3615;FuryApe;0001;0225;50000;00;2328;1600;0100;0046;0090;0000;0000;0000;0000;0003;0020;0000;1000;0500;0120;32771;0139;0000;0002;98054293;0500;099;099;099;099;099;099;099;0000;0000;1002;0070;0050;0000;10000;00;0;0;100;0;0;0;0;0;0;0;0;0;0;0;0;0;0;0;0;0;0;0;0;0;0;0;0;0;0;0000000000
3616;WoodHades;0001;0160;50000;00;1728;1400;0000;0046;0085;0000;0000;0000;0000;0001;0015;3489;1000;0500;0120;32771;0139;0000;0002;98054294;0500;099;099;099;099;099;099;099;0000;0000;0000;0000;0000;0000;10000;00;0;0;100;0;0;0;0;0;0;0;0;0;0;0;0;0;0;0;0;0;0;0;0;0;0;0;0;0;0;0000000000
3617;WaterHades;0001;0160;50000;00;1728;1400;0000;0046;0085;0000;0000;0000;0000;0003;0015;3489;1000;0500;0120;32771;0139;0000;0002;98054295;0500;099;099;099;099;099;099;099;0000;0000;1250;0000;0050;0000;10000;00;0;0;100;0;0;0;0;0;0;0;0;0;0;0;0;0;0;0;0;0;0;0;0;0;0;0;0;0;0;0000000000
3618;EarthHades;0001;0160;50000;00;1728;1400;0000;0046;0085;0000;0000;0000;0000;0001;0015;3489;1000;0500;0120;32771;0139;0000;0002;98054296;0500;099;099;099;099;099;099;099;0000;0000;0000;0000;0000;0000;10000;00;0;0;100;0;0;0;0;0;0;0;0;0;0;0;0;0;0;0;0;0;0;0;0;0;0;0;0;0;0;0000000000
3619;HadesLord;0001;0160;50000;00;2328;1600;0100;0046;0090;0000;0000;0000;0000;0003;0020;0000;1000;0500;0120;32771;0139;0000;0002;98054297;0500;099;099;099;099;099;099;099;0000;0000;1002;0070;0050;0000;10000;00;0;0;100;0;0;0;0;0;0;0;0;0;0;0;0;0;0;0;0;0;0;0;0;0;0;0;0;0;0;0000000000
3620;FuryBat;0001;0357;50000;00;1728;1400;0000;0046;0085;0000;0000;0000;0000;0001;0015;3489;1000;0500;0120;32771;0139;0000;0002;98054298;0500;099;099;099;099;099;099;099;0000;0000;0000;0000;0000;0000;10000;00;0;0;100;0;0;0;0;0;0;0;0;0;0;0;0;0;0;0;0;0;0;0;0;0;0;0;0;0;0;0000000000
3621;CruelBat;0001;0357;50000;00;1728;1400;0000;0046;0085;0000;0000;0000;0000;0001;0015;3489;1000;0500;0120;32771;0139;0000;0002;98054299;0500;099;099;099;099;099;099;099;0000;0000;0000;0000;0000;0000;10000;00;0;0;100;0;0;0;0;0;0;0;0;0;0;0;0;0;0;0;0;0;0;0;0;0;0;0;0;0;0;0000000000
3622;ViciousBat;0001;0357;50000;00;1728;1400;0000;0046;0085;0000;0000;0000;0000;0003;0015;3489;1000;0500;0120;32771;0139;0000;0002;98054300;0500;099;099;099;099;099;099;099;0000;0000;1002;0000;0050;0000;10000;00;0;0;100;0;0;0;0;0;0;0;0;0;0;0;0;0;0;0;0;0;0;0;0;0;0;0;0;0;0;0000000000
3623;DemonBat;0001;0357;50000;00;2328;1600;0100;0046;0090;0000;0000;0000;0000;0003;0020;0000;1000;0500;0120;32771;0139;0000;0002;98054301;0500;099;099;099;099;099;099;099;0000;0000;1002;0070;0050;0000;10000;00;0;0;100;0;0;0;0;0;0;0;0;0;0;0;0;0;0;0;0;0;0;0;0;0;0;0;0;0;0;0000000000
3624;BoneSkeleton;0001;0165;50000;00;1728;1400;0000;0046;0085;0000;0000;0000;0000;0001;0015;3489;1000;0500;0120;32771;0139;0000;0002;98054302;0500;099;099;099;099;099;099;099;0000;0000;0000;0000;0000;0000;10000;00;0;0;100;0;0;0;0;0;0;0;0;0;0;0;0;0;0;0;0;0;0;0;0;0;0;0;0;0;0;0000000000
3625;LameSkeleton;0001;0363;50000;00;1728;1400;0000;0046;0085;0000;0000;0000;0000;0003;0015;3489;1000;0500;0120;32771;0139;0000;0002;98054303;0500;099;099;099;099;099;099;099;0000;0000;7109;0000;0050;0000;10000;00;0;0;100;0;0;0;0;0;0;0;0;0;0;0;0;0;0;0;0;0;0;0;0;0;0;0;0;0;0;0000000000
3626;CarrionSkeleton;0001;0263;50000;00;1728;1400;0000;0046;0085;0000;0000;0000;0000;0001;0015;3489;1000;0500;0120;32771;0139;0000;0002;98054304;0500;099;099;099;099;099;099;099;0000;0000;0000;0000;0000;0000;10000;00;0;0;100;0;0;0;0;0;0;0;0;0;0;0;0;0;0;0;0;0;0;0;0;0;0;0;0;0;0;0000000000
3627;FurySkeleton;0001;0463;50000;00;2328;1600;0100;0046;0090;0000;0000;0000;0000;0003;0020;0000;1000;0500;0120;32771;0139;0000;0002;98054305;0500;099;099;099;099;099;099;099;0000;0000;1002;0070;0050;0000;10000;00;0;0;100;0;0;0;0;0;0;0;0;0;0;0;0;0;0;0;0;0;0;0;0;0;0;0;0;0;0;0000000000
3628;AngryBeast;0001;0154;50000;00;1728;1400;0000;0046;0085;0000;0000;0000;0000;0001;0015;3489;1000;0500;0120;32771;0139;0000;0002;98054306;0500;099;099;099;099;099;099;099;0000;0000;0000;0000;0000;0000;10000;00;0;0;100;0;0;0;0;0;0;0;0;0;0;0;0;0;0;0;0;0;0;0;0;0;0;0;0;0;0;0000000000
3629;SensitiveBeast;0001;0254;50000;00;1728;1400;0000;0046;0085;0000;0000;0000;0000;0001;0015;3489;1000;0500;0120;32771;0139;0000;0002;98054307;0500;099;099;099;099;099;099;099;0000;0000;0000;0000;0000;0000;10000;00;0;0;100;0;0;0;0;0;0;0;0;0;0;0;0;0;0;0;0;0;0;0;0;0;0;0;0;0;0;0000000000
3630;CrazyBeast;0001;0354;50000;00;1728;1400;0000;0046;0085;0000;0000;0000;0000;0003;0015;3489;1000;0500;0120;32771;0139;0000;0002;98054308;0500;099;099;099;099;099;099;099;0000;0000;7010;0000;0050;0000;10000;00;0;0;100;0;0;0;0;0;0;0;0;0;0;0;0;0;0;0;0;0;0;0;0;0;0;0;0;0;0;0000000000
3631;FearlessBeast;0001;0354;50000;00;2328;1600;0100;0046;0090;0000;0000;0000;0000;0003;0020;0000;1000;0500;0120;32771;0139;0000;0002;98054309;0500;099;099;099;099;099;099;099;0000;0000;1002;0070;0050;0000;10000;00;0;0;100;0;0;0;0;0;0;0;0;0;0;0;0;0;0;0;0;0;0;0;0;0;0;0;0;0;0;0000000000
3632;HillSpirit;0001;0153;50000;00;3394;1066;0100;0046;0092;0000;0000;0000;0000;0003;0025;0000;1000;0500;0120;32771;0139;0000;0002;98054310;0500;099;099;099;099;099;099;099;0000;0000;1000;0073;0010;0000;1000;00;0;0;100;0;0;0;0;0;0;0;0;0;0;0;0;0;0;0;0;0;0;0;0;0;0;0;0;0;0;0000000000
3633;SwiftDevil;0001;0133;55000;00;4098;1285;0120;0050;0093;0000;0000;0000;0000;0003;0027;0000;1000;0500;0120;32771;0139;0000;0002;98054311;0500;099;099;099;099;099;099;099;0000;0000;1001;0073;0060;0000;1000;00;0;0;100;0;0;0;0;0;0;0;0;0;0;0;0;0;0;0;0;0;0;0;0;0;0;0;0;0;0;0000000000
3634;Banshee;0001;0252;60460;00;4566;1590;0150;0066;0094;0000;0000;0000;0000;0003;0029;0000;1000;0500;0120;32771;0139;0000;0002;98054312;0500;099;099;099;099;099;099;099;0000;0000;1001;0073;0070;0000;1000;00;0;0;100;0;0;0;0;0;0;0;0;0;0;0;0;0;0;0;0;0;0;0;0;0;0;0;0;0;0;0000000000
3635;CleansingDevil;0001;0168;65535;00;5394;3098;0200;0078;0100;0000;0000;0000;0000;0003;0030;0000;1000;0500;0120;32771;0139;0000;0002;98054313;0500;099;099;099;099;099;099;099;0000;0000;1002;0075;0080;0000;1000;00;0;0;100;0;0;0;0;0;0;0;0;0;0;0;0;0;0;0;0;0;0;0;0;0;0;0;0;0;0;0000000000
3636;Andrew;0001;0361;65535;00;4694;2066;0350;0080;0083;0000;0000;0000;0000;0001;0030;0000;1000;0500;0120;32771;0139;0000;0002;98054314;1000;099;099;099;099;099;099;099;0000;0000;0000;0075;0000;0000;1000;00;0;0;100;0;0;0;0;0;0;0;0;0;0;0;0;0;0;0;0;0;0;0;0;0;0;0;0;0;0;0000000000
3637;Peter;0001;0362;65535;00;4694;2066;0350;0080;0083;0000;0000;0000;0000;0001;0030;0000;1000;0500;0120;32771;0139;0000;0002;98054315;1000;099;099;099;099;099;099;099;0000;0000;0000;0075;0000;0000;1000;00;0;0;100;0;0;0;0;0;0;0;0;0;0;0;0;0;0;0;0;0;0;0;0;0;0;0;0;0;0;0000000000
3638;Philip;0001;0268;65535;00;4694;2066;0350;0080;0083;0000;0000;0000;0000;0001;0030;0000;1000;0500;0120;32771;0139;0000;0002;98054316;1000;099;099;099;099;099;099;099;0000;0000;0000;0075;0000;0000;1000;00;0;0;100;0;0;0;0;0;0;0;0;0;0;0;0;0;0;0;0;0;0;0;0;0;0;0;0;0;0;0000000000
3639;Timothy;0001;0151;65535;00;4694;2066;0350;0080;0083;0000;0000;0000;0000;0001;0030;0000;1000;0500;0120;32771;0139;0000;0002;98054317;1000;099;099;099;099;099;099;099;0000;0000;0000;0075;0000;0000;1000;00;0;0;100;0;0;0;0;0;0;0;0;0;0;0;0;0;0;0;0;0;0;0;0;0;0;0;0;0;0;0000000000
3640;Daphne;0001;0130;65535;00;4694;2066;0350;0080;0083;0000;0000;0000;0000;0001;0030;0000;1000;0500;0120;32771;0139;0000;0002;98054318;1000;099;099;099;099;099;099;099;0000;0000;0000;0075;0000;0000;1000;00;0;0;100;0;0;0;0;0;0;0;0;0;0;0;0;0;0;0;0;0;0;0;0;0;0;0;0;0;0;0000000000
3641;Victoria;0001;0328;65535;00;4694;2066;0350;0080;0083;0000;0000;0000;0000;0001;0030;0000;1000;0500;0120;32771;0139;0000;0002;98054319;1000;099;099;099;099;099;099;099;0000;0000;0000;0075;0000;0000;1000;00;0;0;100;0;0;0;0;0;0;0;0;0;0;0;0;0;0;0;0;0;0;0;0;0;0;0;0;0;0;0000000000
3642;Wayne;0001;0129;65535;00;4694;2066;0350;0080;0083;0000;0000;0000;0000;0001;0030;0000;1000;0500;0120;32771;0139;0000;0002;98054320;1000;099;099;099;099;099;099;099;0000;0000;0000;0075;0000;0000;1000;00;0;0;100;0;0;0;0;0;0;0;0;0;0;0;0;0;0;0;0;0;0;0;0;0;0;0;0;0;0;0000000000
3643;Theodore;0001;0165;65535;00;4694;2066;0350;0080;0083;0000;0000;0000;0000;0001;0030;0000;1000;0500;0120;32771;0139;0000;0002;98054321;1000;099;099;099;099;099;099;099;0000;0000;0000;0075;0000;0000;1000;00;0;0;100;0;0;0;0;0;0;0;0;0;0;0;0;0;0;0;0;0;0;0;0;0;0;0;0;0;0;0000000000
3644;Satan;0001;0166;65535;00;6635;5635;1045;0095;0075;0000;0000;0000;0000;0003;0035;0000;1000;1000;0120;32771;0139;0000;0002;98054322;1000;099;099;099;099;099;099;099;0000;0000;1002;0070;0080;0000;0100;00;0;0;100;0;0;0;0;0;0;0;0;0;0;0;0;0;0;0;0;0;0;0;0;0;0;0;0;0;0;0000000000
3645;BeastSatan;0001;0200;65535;00;6938;5938;2538;0095;0075;0000;0000;0000;0000;0003;0035;0000;1000;1000;0120;32771;0139;0000;0002;98054323;1000;099;099;099;099;099;099;099;0000;0000;1002;0070;0085;0000;0100;00;0;0;100;0;0;0;0;0;0;0;0;0;0;0;0;0;0;0;0;0;0;0;0;0;0;0;0;0;0;0000000000
3646;FurySatan;0001;0231;65535;00;7473;6473;3450;0095;0075;0000;0000;0000;0000;0003;0035;0000;1000;1000;0120;32771;0139;0000;0002;98054324;1000;099;099;099;099;099;099;099;0000;0000;1002;0070;0090;0000;0100;00;0;0;100;0;0;0;0;0;0;0;0;0;0;0;0;0;0;0;0;0;0;0;0;0;0;0;0;0;0;0000000000
3706;PurpleRooster;0001;0304;10000;00;0010;0009;0006;0000;0037;0000;0000;0000;0000;0001;0008;0000;1000;1000;0010;32771;0012;0000;0002;7566400;0500;099;000;099;000;000;099;099;1000010;1001000;0000;0070;0000;0000;3000;00;0;0;100;0;0;0;0;0;0;0;0;0;0;0;0;0;0;0;0;0;0;0;0;0;0;0;0;0;0;0000000000
3707;GreenRooster;0001;0304;10000;00;0015;0014;0008;0000;0037;0000;0000;0000;0000;0001;0008;0000;1000;1000;0010;32771;0012;0000;0002;7566420;0500;099;000;099;000;000;099;099;1000010;1001000;0000;0070;0000;0000;3000;00;0;0;100;0;0;0;0;0;0;0;0;0;0;0;0;0;0;0;0;0;0;0;0;0;0;0;0;0;0;0000000000
3708;BlueRooster;0001;0304;10000;00;0020;0019;0010;0000;0037;0000;0000;0000;0000;0001;0008;0000;1000;1000;0010;32771;0012;0000;0002;7566460;0500;099;000;099;000;000;099;099;1000010;1001000;0000;0070;0000;0000;3000;00;0;0;100;0;0;0;0;0;0;0;0;0;0;0;0;0;0;0;0;0;0;0;0;0;0;0;0;0;0;0000000000
3709;MagentaRooster;0001;0165;10000;00;0025;0024;0012;0000;0037;0000;0000;0000;0000;0001;0008;0000;1000;1000;0010;32771;0012;0000;0002;7566480;0500;099;000;099;000;000;099;099;1000010;1001000;0000;0070;0000;0000;3000;00;0;0;100;0;0;0;0;0;0;0;0;0;0;0;0;0;0;0;0;0;0;0;0;0;0;0;0;0;0;0000000000
4020;CrimeWraith;0001;0240;0033;00;0006;0005;0000;0000;0000;0000;0000;0000;0000;0001;0010;0000;1000;0500;0001;32771;0006;0000;0001;98053913;0500;099;099;099;099;099;099;099;1000000;1001000;0000;0000;0000;0000;10000;01;0;0;100;0;0;0;0;0;0;0;0;0;0;0;0;0;0;0;0;0;0;0;0;0;0;0;0;0;0;0000000000
4021;BloodyPluto;0001;0201;25000;00;0350;0300;0000;0000;0000;0000;0000;0000;0000;0002;0010;0000;1000;0500;0010;32771;0000;0000;0001;7850660;0500;099;099;099;099;099;099;099;1000000;1001000;0000;0000;0000;0000;10000;01;0;0;100;0;0;0;0;0;0;0;0;0;0;0;0;0;0;0;0;0;0;0;0;0;0;0;0;0;0;0000000000
4022;InfernoPluto;0001;0171;25000;00;0350;0300;0000;0000;0000;0000;0000;0000;0000;0002;0010;0000;1000;0500;0010;32771;0000;0000;0002;7850680;0500;099;099;099;099;099;099;099;1000000;1001000;0000;0000;0000;0000;10000;01;0;0;100;0;0;0;0;0;0;0;0;0;0;0;0;0;0;0;0;0;0;0;0;0;0;0;0;0;0;0000000000
4023;StormPluto;0001;0362;25000;00;0350;0300;0000;0000;0000;0000;0000;0000;0000;0002;0010;0000;1000;0500;0010;32771;0000;0000;0003;7850700;0500;099;099;099;099;099;099;099;1000000;1001000;0000;0000;0000;0000;10000;01;0;0;100;0;0;0;0;0;0;0;0;0;0;0;0;0;0;0;0;0;0;0;0;0;0;0;0;0;0;0000000000
4024;VolcanoPluto;0001;0197;25000;00;0350;0300;0000;0000;0000;0000;0000;0000;0000;0002;0010;0000;1000;0500;0010;32771;0000;0000;0002;7850720;0500;099;099;099;099;099;099;099;1000000;1001000;0000;0000;0000;0000;10000;01;0;0;100;0;0;0;0;0;0;0;0;0;0;0;0;0;0;0;0;0;0;0;0;0;0;0;0;0;0;0000000000
4025;CyclonePluto;0001;0205;25000;00;0350;0300;0000;0000;0000;0000;0000;0000;0000;0002;0010;0000;1000;0500;0010;32771;0000;0000;0002;7850740;0500;099;099;099;099;099;099;099;1000000;1001000;0000;0000;0000;0000;10000;01;0;0;100;0;0;0;0;0;0;0;0;0;0;0;0;0;0;0;0;0;0;0;0;0;0;0;0;0;0;0000000000
4026;RockPluto;0001;0353;25000;00;0350;0300;0000;0000;0000;0000;0000;0000;0000;0002;0010;0000;1000;0500;0010;32771;0000;0000;0001;7850760;0500;099;099;099;099;099;099;099;1000000;1001000;0000;0000;0000;0000;10000;01;0;0;100;0;0;0;0;0;0;0;0;0;0;0;0;0;0;0;0;0;0;0;0;0;0;0;0;0;0;0000000000
4027;PhantomPluto;0001;0327;25000;00;0350;0300;0000;0000;0000;0000;0000;0000;0000;0002;0010;0000;1000;0500;0010;32771;0000;0000;0002;7850780;0500;099;099;099;099;099;099;099;1000000;1001000;0000;0000;0000;0000;10000;01;0;0;100;0;0;0;0;0;0;0;0;0;0;0;0;0;0;0;0;0;0;0;0;0;0;0;0;0;0;0000000000
4028;EvilPluto;0001;0308;50000;00;0350;0300;0000;0000;0000;0000;0000;0000;0000;0002;0010;0000;1000;0500;0070;32771;0000;0000;0003;7850800;0500;099;099;099;099;099;099;099;1000000;1001000;0000;0000;0000;0000;5000;01;0;0;100;0;0;0;0;0;0;0;0;0;0;0;0;0;0;0;0;0;0;0;0;0;0;0;0;0;0;0000000000
4030;UltimatePluto;0001;0168;65535;00;3950;2850;7927;0050;0090;0000;0000;0000;0000;0003;0025;0000;1000;0500;0126;32771;0000;0000;0002;0000;0500;099;099;099;099;099;099;099;0000;0000;0000;0090;0000;0000;0500;01;0;0;100;0;0;0;0;0;0;0;0;0;0;0;0;0;0;0;0;0;0;0;0;0;0;0;0;0;0;0000000000
4031;FurySkeleton;0001;0165;50000;00;2328;1600;0100;0046;0090;0000;0000;0000;0000;0003;0020;0000;1000;0500;0120;32771;0174;0000;0002;98054325;0500;099;099;099;099;099;099;099;0000;0000;1002;0070;0050;0000;10000;01;0;0;100;0;0;0;0;0;0;0;0;0;0;0;0;0;0;0;0;0;0;0;0;0;0;0;0;0;0;0000000000
4032;ElfKing1;0001;0202;65535;00;3950;2850;7927;0050;0090;0000;0000;0000;0000;0003;0025;0000;1000;0500;0126;32771;0000;0000;0002;0000;0500;099;099;099;099;099;099;099;0000;0000;0000;0090;0000;0000;0500;00;0;0;100;0;0;0;0;0;0;0;0;0;0;0;0;0;0;0;0;0;0;0;0;0;0;0;0;0;0;0000000000
4033;BloodyBat1;0001;0248;65535;00;3950;2850;7927;0050;0090;0000;0000;0000;0000;0003;0025;0000;1000;0500;0126;32771;0000;0000;0002;0000;0500;099;099;099;099;099;099;099;0000;0000;0000;0090;0000;0000;0500;00;0;0;100;0;0;0;0;0;0;0;0;0;0;0;0;0;0;0;0;0;0;0;0;0;0;0;0;0;0;0000000000
4034;HillMonsterKin;0001;0305;65535;00;3950;2850;7927;0050;0090;0000;0000;0000;0000;0003;0025;0000;1000;0500;0126;32771;0000;0000;0002;0000;0500;099;099;099;099;099;099;099;0000;0000;0000;0090;0000;0000;0500;00;0;0;100;0;0;0;0;0;0;0;0;0;0;0;0;0;0;0;0;0;0;0;0;0;0;0;0;0;0;0000000000
4035;BirdKing1;0001;0250;65535;00;3950;2850;7927;0050;0090;0000;0000;0000;0000;0003;0025;0000;1000;0500;0126;32771;0000;0000;0002;0000;0500;099;099;099;099;099;099;099;0000;0000;0000;0090;0000;0000;0500;00;0;0;100;0;0;0;0;0;0;0;0;0;0;0;0;0;0;0;0;0;0;0;0;0;0;0;0;0;0;0000000000
4036;WingedSnakeKin;0001;0258;65535;00;3950;2850;7927;0050;0090;0000;0000;0000;0000;0003;0025;0000;1000;0500;0126;32771;0000;0000;0002;0000;0500;099;099;099;099;099;099;099;0000;0000;0000;0090;0000;0000;0500;00;0;0;100;0;0;0;0;0;0;0;0;0;0;0;0;0;0;0;0;0;0;0;0;0;0;0;0;0;0;0000000000
4058;PinkPiglet;0001;0215;50000;00;2328;1600;0100;0046;0090;0000;0000;0000;0000;0003;0020;0000;1000;0500;0120;32771;0139;0000;0002;98054326;0500;099;099;099;099;099;099;099;0000;0000;1002;0070;0050;0000;10000;00;0;0;0;0;0;0;0;0;0;0;0;0;0;0;0;0;0;0;0;0;0;0;0;0;0;0;0;0;0;0000000000
4060;PinkPiglet;0001;0215;50000;00;2328;1600;0100;0046;0090;0000;0000;0000;0000;0003;0020;0000;1000;0500;0120;32771;0139;0000;0002;98054327;0500;099;099;099;099;099;099;099;0000;0000;1002;0070;0050;0000;10000;00;0;0;0;0;0;0;0;0;0;0;0;0;0;0;0;0;0;0;0;0;0;0;0;0;0;0;0;0;0;0000000000
4082;Vampire;0001;0111;0999;00;0143;0129;0160;0006;0078;0000;0000;0000;0000;0001;0008;0000;1000;0500;0040;32771;0033;0000;0001;0000;0500;003;005;002;005;005;099;007;1000010;1001010;0000;0000;0000;0000;10000;07;10;0;100;0;0;0;0;0;0;0;0;0;0;0;0;0;0;0;0;0;0;0;0;0;0;0;0;0;0;0000000000
4083;Vampire;0001;0112;0999;00;0143;0129;0160;0006;0078;0000;0000;0000;0000;0001;0008;0000;1000;0500;0040;32771;0033;0000;0001;0000;0500;003;005;002;005;005;099;007;1000010;1001010;0000;0000;0000;0000;10000;07;10;0;100;0;0;0;0;0;0;0;0;0;0;0;0;0;0;0;0;0;0;0;0;0;0;0;0;0;0;0000000000
4084;Vampire;0001;0113;0999;00;0143;0129;0160;0006;0078;0000;0000;0000;0000;0001;0008;0000;1000;0500;0040;32771;0033;0000;0001;0000;0500;003;005;002;005;005;099;007;1000010;1001010;0000;0000;0000;0000;10000;07;10;0;100;0;0;0;0;0;0;0;0;0;0;0;0;0;0;0;0;0;0;0;0;0;0;0;0;0;0;0000000000
4085;Vampire;0001;0114;0999;00;0143;0129;0160;0006;0078;0000;0000;0000;0000;0001;0008;0000;1000;0500;0040;32771;0033;0000;0001;0000;0500;003;005;002;005;005;099;007;1000010;1001010;0000;0000;0000;0000;10000;07;10;0;100;0;0;0;0;0;0;0;0;0;0;0;0;0;0;0;0;0;0;0;0;0;0;0;0;0;0;0000000000
4086;Vampire;0001;0115;0999;00;0143;0129;0160;0006;0078;0000;0000;0000;0000;0001;0008;0000;1000;0500;0040;32771;0033;0000;0001;0000;0500;003;005;002;005;005;099;007;1000010;1001010;0000;0000;0000;0000;10000;07;10;0;100;0;0;0;0;0;0;0;0;0;0;0;0;0;0;0;0;0;0;0;0;0;0;0;0;0;0;0000000000
4087;Vampire;0001;0116;0999;00;0143;0129;0160;0006;0078;0000;0000;0000;0000;0001;0008;0000;1000;0500;0040;32771;0033;0000;0001;0000;0500;003;005;002;005;005;099;007;1000010;1001010;0000;0000;0000;0000;10000;07;10;0;100;0;0;0;0;0;0;0;0;0;0;0;0;0;0;0;0;0;0;0;0;0;0;0;0;0;0;0000000000
4088;Vampire;0001;0357;0999;00;0143;0129;0160;0006;0078;0000;0000;0000;0000;0001;0008;0000;1000;0500;0040;32771;0033;0000;0001;0000;0500;003;005;002;005;005;099;007;1000010;1001010;0000;0000;0000;0000;10000;07;10;0;100;0;0;0;0;0;0;0;0;0;0;0;0;0;0;0;0;0;0;0;0;0;0;0;0;0;0;0000000000
4090;ChickenThief;0001;0166;0183;00;0035;0031;0000;0000;0036;0000;0000;0000;0000;0001;0006;0000;1000;0500;0001;32771;0006;0000;0000;7600350;0500;099;099;099;099;099;099;099;1000000;1001000;0000;0000;0000;0000;10000;01;0;0;100;0;0;0;0;0;0;0;0;0;0;0;0;0;0;0;0;0;0;0;0;0;0;0;0;0;0;0000000000
4091;Locust;0001;0262;0183;00;0035;0031;0000;0002;0036;0000;0000;0000;0000;0001;0008;0000;1000;0500;0012;32771;0015;0000;0000;7600370;0500;000;001;000;001;001;099;003;1000000;1001000;0000;0000;0000;0000;10000;03;6;0;100;0;0;0;0;0;0;0;0;0;0;0;0;0;0;0;0;0;0;0;0;0;0;0;0;0;0;0000000000
4109;DisguisedBandit;0001;0201;40000;00;1500;1420;1552;0130;0030;0000;0000;0000;0000;0001;0009;0000;1000;0500;0097;32771;0021;0000;0001;98054172;0500;099;099;099;099;099;099;099;1000040;1001040;0000;0000;0000;0000;10000;55;21;0;100;0;0;0;0;0;0;0;0;0;0;0;0;0;0;0;0;0;0;0;0;0;0;0;0;0;0;0000000000
4123;ThunderAuk;0000;0132;0045;00;0000;0000;0000;0000;0083;0000;0000;0000;0000;0001;0001;0005;1000;0000;0001;32771;0000;0000;0001;98053934;0000;099;099;099;099;099;099;099;1000000;1001000;0000;0000;0000;0000;0001;00;0;0;100;0;0;0;0;0;0;0;0;0;0;0;0;0;0;0;0;0;0;0;0;0;0;0;0;0;0;0000000002
4124;RockingEvil;0000;0105;0020;00;0000;0000;0000;0000;0083;0000;0000;0000;0000;0001;0001;0005;1000;0000;0001;32771;0000;0000;0001;98053933;0000;099;099;099;099;099;099;099;1000000;1001000;0000;0000;0000;0000;0001;00;0;0;100;0;0;0;0;0;0;0;0;0;0;0;0;0;0;0;0;0;0;0;0;0;0;0;0;0;0;0000000002
4125;RamaSpook;0000;0326;0020;00;0000;0000;0000;0000;0083;0000;0000;0000;0000;0001;0001;0005;1000;0000;0001;32771;0000;0000;0001;98053932;0000;099;099;099;099;099;099;099;1000000;1001000;0000;0000;0000;0000;0001;00;0;0;100;0;0;0;0;0;0;0;0;0;0;0;0;0;0;0;0;0;0;0;0;0;0;0;0;0;0;0000000002
4126;DementedSoul;0000;0127;0020;00;0000;0000;0000;0000;0083;0000;0000;0000;0000;0001;0001;0005;1000;0000;0001;32771;0000;0000;0001;98053931;0000;099;099;099;099;099;099;099;1000000;1001000;0000;0000;0000;0000;0001;00;0;0;100;0;0;0;0;0;0;0;0;0;0;0;0;0;0;0;0;0;0;0;0;0;0;0;0;0;0;0000000002
4127;Executioner;0000;0129;0020;00;0000;0000;0000;0000;0083;0000;0000;0000;0000;0001;0001;0005;1000;0000;0001;32771;0000;0000;0001;98053930;0000;099;099;099;099;099;099;099;1000000;1001000;0000;0000;0000;0000;0001;00;0;0;100;0;0;0;0;0;0;0;0;0;0;0;0;0;0;0;0;0;0;0;0;0;0;0;0;0;0;0000000002
4128;SharpBeast;0000;0179;0020;00;0000;0000;0000;0000;0083;0000;0000;0000;0000;0001;0001;0005;1000;0000;0001;32771;0000;0000;0001;98053923;0000;099;099;099;099;099;099;099;1000000;1001000;0000;0000;0000;0000;0001;00;0;0;100;0;0;0;0;0;0;0;0;0;0;0;0;0;0;0;0;0;0;0;0;0;0;0;0;0;0;0000000002
4129;SoulCrusher;0000;0200;0020;00;0000;0000;0000;0000;0083;0000;0000;0000;0000;0001;0001;0005;1000;0000;0001;32771;0000;0000;0001;98053922;0000;099;099;099;099;099;099;099;1000000;1001000;0000;0000;0000;0000;0001;00;0;0;100;0;0;0;0;0;0;0;0;0;0;0;0;0;0;0;0;0;0;0;0;0;0;0;0;0;0;0000000002
4130;FireHawk;0000;0205;0020;00;0000;0000;0000;0000;0083;0000;0000;0000;0000;0001;0001;0005;1000;0000;0001;32771;0000;0000;0001;98053921;0000;099;099;099;099;099;099;099;1000000;1001000;0000;0000;0000;0000;0001;00;0;0;100;0;0;0;0;0;0;0;0;0;0;0;0;0;0;0;0;0;0;0;0;0;0;0;0;0;0;0000000002
4131;BlazeDevil;0000;0209;0020;00;0000;0000;0000;0000;0083;0000;0000;0000;0000;0001;0001;0005;1000;0000;0001;32771;0000;0000;0001;98053924;0000;099;099;099;099;099;099;099;1000000;1001000;0000;0000;0000;0000;0001;00;0;0;100;0;0;0;0;0;0;0;0;0;0;0;0;0;0;0;0;0;0;0;0;0;0;0;0;0;0;0000000002
4132;SkeletonWarrior;0000;0211;0020;00;0000;0000;0000;0000;0083;0000;0000;0000;0000;0001;0001;0005;1000;0000;0001;32771;0000;0000;0001;98053935;0000;099;099;099;099;099;099;099;1000000;1001000;0000;0000;0000;0000;0001;00;0;0;100;0;0;0;0;0;0;0;0;0;0;0;0;0;0;0;0;0;0;0;0;0;0;0;0;0;0;0000000002
4133;Lucifer;0000;0206;0020;00;0000;0000;0000;0000;0083;0000;0000;0000;0000;0001;0001;0005;1000;0000;0001;32771;0000;0000;0001;98053936;0000;099;099;099;099;099;099;099;1000000;1001000;0000;0000;0000;0000;0001;00;0;0;100;0;0;0;0;0;0;0;0;0;0;0;0;0;0;0;0;0;0;0;0;0;0;0;0;0;0;0000000002
4134;FrostSnake;0000;0255;0020;00;0000;0000;0000;0000;0083;0000;0000;0000;0000;0001;0001;0005;1000;0000;0001;32771;0000;0000;0001;94416550;0000;099;099;099;099;099;099;099;1000000;1001000;0000;0000;0000;0000;0001;00;0;0;100;0;0;0;0;0;0;0;0;0;0;0;0;0;0;0;0;0;0;0;0;0;0;0;0;0;0;0000000002
4135;FireRatKing;0000;0202;0020;00;0000;0000;0000;0000;0083;0000;0000;0000;0000;0001;0001;0005;1000;0000;0001;32771;0000;0000;0001;94416550;0000;099;099;099;099;099;099;099;1000000;1001000;0000;0000;0000;0000;0001;00;0;0;100;0;0;0;0;0;0;0;0;0;0;0;0;0;0;0;0;0;0;0;0;0;0;0;0;0;0;0000000002
4136;SoulDrainer;0000;0171;0020;00;0000;0000;0000;0000;0083;0000;0000;0000;0000;0001;0001;0005;1000;0000;0001;32771;0000;0000;0001;94416550;0000;099;099;099;099;099;099;099;1000000;1001000;0000;0000;0000;0000;0001;00;0;0;100;0;0;0;0;0;0;0;0;0;0;0;0;0;0;0;0;0;0;0;0;0;0;0;0;0;0;0000000002
4137;DreadThunder;0000;0168;0020;00;0000;0000;0000;0000;0083;0000;0000;0000;0000;0001;0001;0005;1000;0000;0001;32771;0000;0000;0001;94416550;0000;099;099;099;099;099;099;099;1000000;1001000;0000;0000;0000;0000;0001;00;0;0;100;0;0;0;0;0;0;0;0;0;0;0;0;0;0;0;0;0;0;0;0;0;0;0;0;0;0;0000000002
4138;BloodyVampire;0000;0197;0020;00;0000;0000;0000;0000;0083;0000;0000;0000;0000;0001;0001;0005;1000;0000;0001;32771;0000;0000;0001;94416550;0000;099;099;099;099;099;099;099;1000000;1001000;0000;0000;0000;0000;0001;00;0;0;100;0;0;0;0;0;0;0;0;0;0;0;0;0;0;0;0;0;0;0;0;0;0;0;0;0;0;0000000002
4139;DarkDelilah;0000;0252;0020;00;0000;0000;0000;0000;0083;0000;0000;0000;0000;0001;0001;0005;1000;0000;0001;32771;0000;0000;0001;94416550;0000;099;099;099;099;099;099;099;1000000;1001000;0000;0000;0000;0000;0001;00;0;0;100;0;0;0;0;0;0;0;0;0;0;0;0;0;0;0;0;0;0;0;0;0;0;0;0;0;0;0000000002
4140;ChaosOx;0000;0317;0020;00;0000;0000;0000;0000;0083;0000;0000;0000;0000;0001;0001;0005;1000;0000;0001;32771;0000;0000;0001;94416550;0000;099;099;099;099;099;099;099;1000000;1001000;0000;0000;0000;0000;0001;00;0;0;100;0;0;0;0;0;0;0;0;0;0;0;0;0;0;0;0;0;0;0;0;0;0;0;0;0;0;0000000002
4141;MoonShade;0000;0377;0020;00;0000;0000;0000;0000;0083;0000;0000;0000;0000;0001;0001;0005;1000;0000;0001;32771;0000;0000;0003;94416550;0000;099;099;099;099;099;099;099;1000000;1001000;0000;0000;0000;0000;0001;100;0;0;100;0;0;0;0;0;0;0;0;0;0;0;0;0;0;0;0;0;0;0;0;0;0;0;0;0;0;0000000002
4144;HeavenTiger;0001;0386;5000;00;0092;0082;0098;0004;0073;0000;0000;0000;0000;0001;0008;0000;1000;0500;0030;32771;0020;0000;0001;0000;0400;002;004;002;004;004;099;002;1000030;1001020;0000;0070;0000;0000;1000;00;9;0;100;0;0;0;0;0;0;0;0;0;0;0;0;0;0;0;0;0;0;0;0;0;0;0;0;0;0;0000000000
4145;GoldenTiger;0001;0385;5000;00;0092;0082;0098;0004;0073;0000;0000;0000;0000;0001;0008;0000;1000;0500;0030;32771;0020;0000;0001;0000;0400;002;004;002;004;004;099;002;1000030;1001020;0000;0070;0000;0000;1000;00;9;0;100;0;0;0;0;0;0;0;0;0;0;0;0;0;0;0;0;0;0;0;0;0;0;0;0;0;0;0000000000
4146;SilverTiger;0001;0384;5000;00;0092;0082;0098;0004;0073;0000;0000;0000;0000;0001;0008;0000;1000;0500;0030;32771;0020;0000;0001;0000;0400;002;004;002;004;004;099;002;1000030;1001020;0000;0070;0000;0000;1000;00;9;0;100;0;0;0;0;0;0;0;0;0;0;0;0;0;0;0;0;0;0;0;0;0;0;0;0;0;0;0000000000
4147;TigerRoarer;0001;0386;50000;00;700000;700000;0000;0050;0085;0000;0000;0000;0000;0015;0015;0000;1000;1000;0500;32783;0000;0000;0001;0000;0500;000;000;000;000;000;000;000;1002020;1001020;8036;0000;0100;0000;1000;00;0;255;100;0;0;0;0;0;0;0;0;0;0;0;0;0;0;0;0;0;0;0;0;0;0;0;0;0;0;0000000000
4151;LavaBeast;0001;0251;15000000;00;3000;2500;9000;0070;0090;0000;0000;0000;0000;0020;0020;0000;1000;0500;0135;819203;7500;0000;0002;98054379;1000;099;099;099;099;099;099;099;0000;0000;0000;0000;0000;0000;10000;00;0;0;100;0;1;0;0;0;0;0;0;0;0;0;0;3000;0;0;0;0;0;0;0;0;0;0;0;0;0;0000000000
4152;TeratoDragon;0001;0950;50000000;00;9300;8500;9000;0070;0090;0000;0000;0000;0000;0020;0020;0000;1000;0500;0138;819203;5250;0000;0002;98054384;1000;099;099;099;099;099;099;099;0000;0000;0000;0000;0000;0000;10000;00;0;0;100;0;1;0;0;0;0;0;900000;0;0;0;0;4000;0;0;0;0;0;0;0;0;0;0;0;0;0;0000000000
4170;SwordMaster;0001;0953;15000000;00;3500;3000;3000;0033;0050;0000;0000;0000;0000;0020;0020;0000;1000;0500;0123;819203;5250;0000;0002;98054343;1000;099;099;099;099;099;099;099;0000;0000;0000;0000;0000;0000;10000;00;0;0;100;0;1;0;0;0;0;0;900000;0;0;0;0;0;0;0;0;0;0;0;0;0;0;0;0;0;0;0000000000
4171;SnowBanshee;0001;0951;60000000;00;9500;8700;9000;0070;0090;0000;0000;0000;0000;0020;0020;0000;1000;0500;0138;819203;7500;0000;0002;94332320;1000;099;099;099;099;099;099;099;0000;0000;0000;0000;0000;0000;10000;00;0;0;100;0;1;0;0;50;0;0;900000;0;0;0;0;5000;0;0;0;0;0;0;0;0;0;0;0;0;0;0000000000
4172;ThrillingSpook;0001;0952;30000000;00;4500;4000;6000;0050;0070;0000;0000;0000;0000;0020;0020;0000;1000;0500;0135;819203;7500;0000;0005;6014800;1000;099;099;099;099;099;099;099;0000;0000;0000;0000;0000;0000;10000;00;0;0;100;0;1;0;0;0;0;0;900000;0;0;0;0;0;0;0;0;0;0;0;0;0;0;0;0;0;0;0000000000
4173;GrislySpecter;0001;0508;1334;00;0022;0020;0000;0000;0071;0000;0000;0000;0000;0001;0009;0000;1000;0500;0022;32771;0036;0000;0001;98053953;0500;099;099;099;099;099;099;099;1000040;1001040;0000;0000;0000;0000;10000;05;0;0;100;0;0;0;0;0;0;0;0;0;0;0;0;0;0;0;0;0;0;0;0;0;0;0;0;0;0;0000000000
4174;EscapedRatling;0001;0202;0100;00;0114;0103;0000;0014;0078;0000;0000;0000;0000;0001;0008;0000;1000;0500;0037;32771;0027;0000;0001;98053981;0500;003;006;003;006;006;099;007;1000010;1001010;0000;0000;0000;0000;10000;08;11;0;100;0;0;0;0;0;0;0;0;0;0;0;0;0;0;0;0;0;0;0;0;0;0;0;0;0;0;0000000000
4175;RatlingKing;0001;0202;1500;00;0120;0109;0000;0006;0078;0000;0000;0000;0000;0002;0015;0000;1000;0250;0037;32771;0027;0000;0001;98053980;0500;003;006;003;006;006;099;007;1000010;1001010;0000;0000;0000;0000;10000;08;11;0;100;0;0;0;0;0;0;0;0;0;0;0;0;0;0;0;0;0;0;0;0;0;0;0;0;0;0;0000000000
4176;ApeTyrant;0001;0103;0100;00;0000;0000;0001;0030;0028;0000;0000;0000;0000;0001;0009;0000;1000;0500;0057;32771;0126;0000;0001;98054024;0500;099;099;099;099;099;099;099;1000040;1001040;0000;0094;0000;0000;10000;12;14;0;100;0;0;0;0;0;0;0;0;0;0;0;0;0;0;0;0;0;0;0;0;0;0;0;0;0;0;0000000000
4177;SnakemanElder;0001;0204;9500;00;0550;0530;1205;0030;0030;0000;0000;0000;0000;0001;0009;0000;1000;0500;0062;32771;0000;0000;0003;98054039;0500;099;099;099;099;099;099;099;1000040;1001040;0000;0095;0000;0000;10000;13;16;0;100;0;0;0;0;0;0;0;0;0;0;0;0;0;0;0;0;0;0;0;0;0;0;0;0;0;0;0000000000
4178;GiantMacaque;0001;0156;2199;00;0173;0156;0000;0018;0078;0000;0000;0000;0000;0001;0008;0000;1000;0500;0047;32771;0043;0000;0001;98054002;0500;004;008;004;008;008;001;009;1000020;1001020;0000;0000;0000;0000;10000;10;12;0;100;0;0;0;0;0;0;0;0;0;0;0;0;0;0;0;0;0;0;0;0;0;0;0;0;0;0;0000000000
4179;HeresyElder;0001;0204;9500;00;0550;0530;1205;0030;0030;0000;0000;0000;0000;0001;0009;0000;1000;0500;0062;32771;0000;0000;0003;98054037;0500;099;099;099;099;099;099;099;1000040;1001040;0000;0095;0000;0000;10000;13;16;0;100;0;0;0;0;0;0;0;0;0;0;0;0;0;0;0;0;0;0;0;0;0;0;0;0;0;0;0000000000
4180;Webster`sApe;0001;0556;7929;00;0234;0210;0000;0003;0079;0000;0000;0000;0000;0002;0015;0000;1000;0250;0053;32771;0009;0000;0002;98054015;0100;005;009;005;009;009;002;004;1002010;1001020;0000;0000;0000;0000;10000;11;13;0;100;0;0;0;0;0;0;0;0;0;0;0;0;0;0;0;0;0;0;0;0;0;0;0;0;0;0;0000000000
4181;WearyApeL58;0001;0503;0001;00;0100;0090;0000;0005;0082;0000;0000;0000;0000;0002;0015;0000;1000;0250;0058;32771;0007;0000;0001;98054026;0100;005;011;005;011;011;003;005;1002010;1001020;0000;0000;0000;0000;10000;12;14;0;100;0;0;0;0;0;0;0;0;0;0;0;0;0;0;0;0;0;0;0;0;0;0;0;0;0;0;0000000000
4182;RagingApe;0001;0103;9000;00;0020;0010;11400;0030;0028;0000;0000;0000;0000;0001;0009;0000;1000;0500;0057;32771;0017;0000;0001;98054023;0500;099;099;099;099;099;099;099;1000040;1001040;0000;0094;0000;0000;10000;12;14;0;100;0;0;0;0;0;0;0;0;0;0;0;0;0;0;0;0;0;0;0;0;0;0;0;0;0;0;0000000000
4183;WearyRagingApe;0001;0103;0001;00;0480;0460;0000;0030;0028;0000;0000;0000;0000;0001;0009;0000;1000;0500;0057;32771;0017;0000;0001;98054022;0500;099;099;099;099;099;099;099;1000040;1001040;0000;0094;0000;0000;10000;12;14;0;100;0;0;0;0;0;0;0;0;0;0;0;0;0;0;0;0;0;0;0;0;0;0;0;0;0;0;0000000000
4185;HeresySnakeman1;0001;0204;4771;00;0350;0315;0000;0003;0083;0000;0000;0000;0000;0001;0008;0000;1000;0500;0062;32771;0066;0000;0001;98054038;0500;006;012;006;012;012;003;013;1000030;1001030;0000;0000;0000;0000;10000;00;0;0;100;0;0;0;0;0;0;0;0;0;0;0;0;0;0;0;0;0;0;0;0;0;0;0;0;0;0;0000000000
4186;WearyGiantApe;0001;0156;0001;00;0002;0001;0001;0018;0079;0000;0000;0000;0000;0001;0008;0000;1000;0500;0052;32771;0009;0000;0002;98054012;0500;005;009;005;009;009;002;011;1000020;1001020;0000;0000;0000;0000;10000;11;13;0;100;0;0;0;0;0;0;0;0;0;0;0;0;0;0;0;0;0;0;0;0;0;0;0;0;0;0;0000000000
4187;RobberLeader;0001;0201;2000;00;0089;0081;0000;0010;0075;0000;0000;0000;0000;0001;0008;0000;1000;0500;0032;32771;0023;0000;0001;98053972;0500;003;005;002;005;005;099;007;1000010;1001010;0000;0000;0000;0000;10000;07;10;0;100;0;0;0;0;0;0;0;0;0;0;0;0;0;0;0;0;0;0;0;0;0;0;0;0;0;0;0000000000
4192;WearyApeL53;0001;0556;0001;00;0002;0001;0001;0003;0079;0000;0000;0000;0000;0002;0015;0000;1000;0250;0053;32771;0009;0000;0002;98054016;0100;005;009;005;009;009;002;004;1002010;1001020;0000;0000;0000;0000;10000;11;13;0;100;0;0;0;0;0;0;0;0;0;0;0;0;0;0;0;0;0;0;0;0;0;0;0;0;0;0;0000000000
4193;WearyApeKing;0001;0156;0001;00;0000;0100;0200;0025;0025;0000;0000;0000;0000;0001;0009;0000;1000;0500;0047;32771;0012;0000;0002;98054003;0500;099;099;099;099;099;099;099;1000040;1001040;0000;0095;0000;0000;10000;10;12;0;100;0;0;0;0;0;0;0;0;0;0;0;0;0;0;0;0;0;0;0;0;0;0;0;0;0;0;0000000000
4194;Yaksa;0001;0377;4000;00;1660;0840;1200;0120;0030;0000;0000;0000;0000;0009;0008;0000;0500;0100;0120;32771;0000;0000;0009;4129650;0200;099;099;099;099;099;099;099;0000;0000;0000;0099;0000;0000;10000;00;0;0;100;0;0;0;0;0;0;0;0;0;0;0;0;0;0;0;0;0;0;0;0;0;0;0;0;0;0;0000000000
4195;AoBing;0001;0273;65000;00;5785;4875;1200;0019;0086;0000;0000;0000;0000;0005;0015;0000;2000;1000;0120;32771;0120;0000;0001;4129660;0400;099;099;099;099;099;099;099;1002020;1001020;0000;0060;0000;0000;10000;00;0;0;100;0;0;0;0;0;0;0;0;0;0;0;0;0;0;0;0;0;0;0;0;0;0;0;0;0;0;0000000000
4196;DragonKing;0001;0950;65000;00;5785;4875;1200;0019;0086;0000;0000;0000;0000;0005;0015;0000;2000;1000;0120;32771;0120;0000;0001;4129670;0400;099;099;099;099;099;099;099;1002020;1001020;0000;0060;0000;0000;10000;00;0;0;100;0;0;0;0;0;0;0;0;0;0;0;0;0;0;0;0;0;0;0;0;0;0;0;0;0;0;0000000000
4197;AngryBladeGhost;0001;0200;0001;00;0001;0001;0000;0028;0087;0000;0000;0000;0000;0001;0012;0000;1000;0500;0082;32771;0000;0000;0001;98054115;0500;099;099;099;099;099;099;099;0000;0000;0000;0000;0000;0000;10000;17;2;0;100;0;0;0;0;0;0;0;0;0;0;0;0;0;0;0;0;0;0;0;0;0;0;0;0;0;0;0000000000
4198;HawkLeader;0001;0605;60000;00;0994;0898;0000;0011;0092;0000;0000;0000;0000;0002;0018;0000;1000;0250;0093;32771;0016;0000;0001;98054151;0100;099;099;099;099;018;099;099;1002020;1001020;0000;0000;0000;0000;10000;19;20;0;100;0;0;0;0;0;0;0;0;0;0;0;0;0;0;0;0;0;0;0;0;0;0;0;0;0;0;0000000000
4199;RagingApe;0001;0503;6666;00;0001;0001;0000;0011;0070;0000;0000;0000;0000;0001;0010;0000;1000;0500;0055;819203;0000;0000;0001;8018295;0500;099;099;099;099;099;099;099;0000;0000;0000;0000;0000;0000;0001;17;2;0;100;0;0;0;0;0;0;0;0;0;0;0;0;0;0;0;0;0;0;0;0;0;0;0;0;0;0;0000000000
4200;SavageApe;0001;0156;2000;00;0001;0001;0000;0002;0036;0000;0000;0000;0000;0001;0012;0000;1000;0500;0010;32771;0000;0000;0001;8018510;0500;099;099;099;099;099;099;099;0000;0000;0000;0000;0000;0000;10000;17;2;0;100;0;0;0;0;0;0;0;0;0;0;0;0;0;0;0;0;0;0;0;0;0;0;0;0;0;0;0000000000
4201;FuriousApe;0001;0103;4000;00;0001;0001;0000;0004;0071;0000;0000;0000;0000;0001;0012;0000;1000;0500;0020;32771;0000;0000;0001;8018520;0500;099;099;099;099;099;099;099;0000;0000;0000;0000;0000;0000;10000;17;2;0;100;0;0;0;0;0;0;0;0;0;0;0;0;0;0;0;0;0;0;0;0;0;0;0;0;0;0;0000000000
4202;RagingMacaque;0001;0156;6000;00;0001;0001;0000;0010;0075;0000;0000;0000;0000;0001;0012;0000;1000;0500;0030;32771;0000;0000;0001;8018530;0500;099;099;099;099;099;099;099;0000;0000;0000;0000;0000;0000;10000;17;2;0;100;0;0;0;0;0;0;0;0;0;0;0;0;0;0;0;0;0;0;0;0;0;0;0;0;0;0;0000000000
4203;SavageMonkey;0001;0356;10000;00;0001;0001;0000;0015;0075;0000;0000;0000;0000;0001;0012;0000;1000;0500;0040;32771;0000;0000;0001;8018540;0500;099;099;099;099;099;099;099;0000;0000;0000;0000;0000;0000;10000;17;2;0;100;0;0;0;0;0;0;0;0;0;0;0;0;0;0;0;0;0;0;0;0;0;0;0;0;0;0;0000000000
4204;FlameApe;0001;0103;20000;00;0001;0001;0000;0018;0079;0000;0000;0000;0000;0001;0012;0000;1000;0500;0050;32771;0000;0000;0001;8018550;0500;099;099;099;099;099;099;099;0000;0000;0000;0000;0000;0000;10000;17;2;0;100;0;0;0;0;0;0;0;0;0;0;0;0;0;0;0;0;0;0;0;0;0;0;0;0;0;0;0000000000
4211;HollowBeast;0001;0953;80000000;00;5000;4000;17000;0050;0070;0000;0000;0000;0000;0015;0015;0000;1000;0500;0135;819203;7500;0000;0005;98054378;1000;099;099;099;099;099;099;099;0000;0000;0000;0000;0000;0000;10000;00;0;0;100;0;1;50;50;50;50;50;900000;0;0;0;0;5000;0;0;0;5000;0;0;0;0;0;0;0;0;0;0000000000
4212;SnowBansheeSoul;0001;0951;60000000;00;9000;8200;12000;0070;0090;0000;0000;0000;0000;0020;0020;0000;1000;0500;0138;819203;7500;0000;0002;94332300;1000;099;099;099;099;099;099;099;0000;0000;0000;0000;0000;0000;10000;00;0;0;100;0;1;30;30;30;30;30;900000;0;0;0;0;6000;0;0;0;0;0;0;0;0;0;0;0;0;0;0000000000
4215;ThrillingSpook;0001;0952;10000000;00;2000;1500;2000;0050;0050;0000;0000;0000;0000;0020;0020;0000;1000;0500;0090;819203;7500;0000;0007;98054391;1000;099;099;099;099;099;099;099;0000;0000;0000;0000;0000;0000;10000;00;0;0;100;0;1;0;0;0;0;0;900000;0;0;0;0;0;0;0;0;0;0;0;0;0;0;0;0;0;0;0000000000
4220;NemesisTyrant;0001;0984;90000000;00;10000;8500;28000;0070;0090;0000;0000;0000;0000;0020;0020;0000;1000;0500;0140;786435;7500;0000;0005;97213330;1000;099;099;099;099;099;099;099;0000;0000;0000;0000;0000;0000;5000;00;0;0;100;0;3;75;75;75;75;75;900000;0;0;0;0;6000;0;0;0;25000;0;0;5000;0;0;0;0;0;0;0000000000
5045;UndeadSoldier;0001;0263;3451;00;2114;1903;4311;0050;0090;0000;0000;0000;0000;0001;0020;0000;2000;0500;0120;32771;0375;0000;0001;98054276;0500;099;099;099;099;099;099;099;1000040;1002040;0000;0000;0000;0000;6000;00;0;0;100;0;0;0;0;0;0;0;0;0;0;0;0;0;0;0;0;0;0;0;0;0;0;0;0;0;0;0000000000
5046;Phantom;0001;0363;3451;00;2114;1903;4311;0050;0090;0000;0000;0000;0000;0001;0020;0000;2000;0500;0120;32771;0375;0000;0001;98054277;0500;099;099;099;099;099;099;099;1000040;1002040;0000;0000;0000;0000;6000;00;0;0;100;0;0;0;0;0;0;0;0;0;0;0;0;0;0;0;0;0;0;0;0;0;0;0;0;0;0;0000000000
5049;UndeadSpearman;0001;0165;5176;00;2114;1903;5174;0050;0090;0000;0000;0000;0000;0003;0025;0000;1200;0500;0121;32771;0375;0000;0001;98054329;0500;099;099;099;099;099;099;099;1000040;1002040;0000;0000;0000;0000;7500;00;0;0;100;0;0;0;0;0;0;0;0;0;0;0;0;0;0;0;0;0;0;0;0;0;0;0;0;0;0;0000000000
5050;Revenant;0001;0265;5136;00;2115;1903;5175;0050;0090;0000;0000;0000;0000;0003;0025;0000;1200;0500;0121;32771;0375;0000;0001;98054330;0500;099;099;099;099;099;099;099;1000040;1002040;0000;0000;0000;0000;7500;00;0;0;100;0;0;0;0;0;0;0;0;0;0;0;0;0;0;0;0;0;0;0;0;0;0;0;0;0;0;0000000000
5051;Eidolon;0001;0165;4108;00;2643;2379;4743;0050;0090;0000;0000;0000;0000;0006;0025;0000;1200;0500;0123;32771;0375;0000;0002;98054338;0500;099;099;099;099;099;099;099;1000040;1002040;0000;0035;0000;0000;5000;00;0;0;100;0;0;0;0;0;0;0;0;0;0;0;0;0;0;0;0;0;0;0;0;0;0;0;0;0;0;0000000000
5053;Temptress;0001;0230;6794;00;2317;2085;4314;0050;0090;0000;0000;0000;0000;0001;0025;0000;0600;0500;0122;32771;0375;0000;0001;98054332;0500;099;099;099;099;099;099;099;1000040;1002040;0000;0000;0000;0000;6000;00;0;0;100;0;0;0;0;0;0;0;0;0;0;0;0;0;0;0;0;0;0;0;0;0;0;0;0;0;0;0000000000
5054;Centicore;0001;0179;6794;00;2317;2085;4314;0050;0090;0000;0000;0000;0000;0001;0025;0000;0500;0500;0122;32771;0375;0000;0002;98054333;0500;099;099;099;099;099;099;099;1000040;1002040;0000;0000;0000;0000;6000;00;0;0;100;0;0;0;0;0;0;0;0;0;0;0;0;0;0;0;0;0;0;0;0;0;0;0;0;0;0;0000000000
5055;HellWraith;0001;0327;3934;00;0569;0569;1724;0050;0060;0000;0000;0000;0000;0005;0025;0000;2500;0500;0122;32771;0375;0000;0001;98054334;0500;099;099;099;099;099;099;099;1000040;1002040;4075;0000;0050;0000;8000;00;0;0;100;0;0;0;0;0;0;0;0;0;0;0;0;0;0;0;0;0;0;0;0;0;0;0;0;0;0;0000000000
5056;HellTroll;0001;0353;20368;00;2316;2085;5175;0050;0090;0000;0000;0000;0000;0002;0025;0000;1000;0500;0123;32771;0375;0000;0002;98054339;0500;099;099;099;099;099;099;099;1000040;1002040;0000;0000;0000;0000;7500;00;0;0;100;0;0;0;0;0;0;0;0;0;0;0;0;0;0;0;0;0;0;0;0;0;0;0;0;0;0;0000000000
5057;Naga;0001;0262;6794;00;2317;2085;4314;0050;0090;0000;0000;0000;0000;0003;0025;0000;1000;0500;0122;32771;0375;0000;0001;98054335;0500;099;099;099;099;099;099;099;1000040;1002040;0000;0000;0000;0000;6000;00;0;0;100;0;0;0;0;0;0;0;0;0;0;0;0;0;0;0;0;0;0;0;0;0;0;0;0;0;0;0000000000
5058;Syren;0001;0152;20707;00;0985;0985;7473;0050;0080;0000;0000;0000;0000;0010;0025;0000;2000;0500;0124;32771;0000;0000;0001;98054344;0500;099;099;099;099;099;099;099;0000;0000;4076;0080;0050;0000;2000;00;0;0;100;0;0;0;0;0;0;0;0;0;0;0;0;0;0;0;0;0;0;0;0;0;0;0;0;0;0;0000000000
5059;UltimatePluto;0001;0168;65535;00;3950;2850;7927;0050;0090;0000;0000;0000;0000;0003;0025;0000;1000;0500;0126;32771;0000;0000;0002;98054347;0500;099;099;099;099;099;099;099;0000;0000;0000;0090;0000;0000;0500;00;0;0;100;0;0;0;0;0;0;0;0;0;0;0;0;0;0;0;0;0;0;0;0;0;0;0;0;0;0;0000000000
5060;HellWraith;0001;0327;3934;00;0569;0569;1724;0050;0060;0000;0000;0000;0000;0005;0025;0000;2000;0500;0124;32771;0375;0000;0001;98054345;0500;099;099;099;099;099;099;099;1000040;1002040;4075;0000;0050;0000;8000;00;0;0;100;0;0;0;0;0;0;0;0;0;0;0;0;0;0;0;0;0;0;0;0;0;0;0;0;0;0;0000000000
6000;ToughHorn;0001;0200;38500;00;1205;0900;0600;0010;0067;0000;0000;0000;0000;0001;0008;0000;1000;0500;0001;32771;0057;0000;0001;98053900;0500;099;099;099;099;099;099;099;1002000;1001020;0000;0025;0000;0000;10000;00;0;0;100;0;0;0;0;0;0;0;0;0;0;0;0;0;0;0;0;0;0;0;0;0;0;0;0;0;0;0000000000
6001;ToughHorn;0001;0200;38500;00;1505;1100;0750;0012;0067;0000;0000;0000;0000;0001;0008;0000;1000;0500;0001;32771;0030;0000;0001;98053901;0500;099;099;099;099;099;099;099;1002010;1001030;0000;0025;0000;0000;10000;00;0;0;100;0;0;0;0;0;0;0;0;0;0;0;0;0;0;0;0;0;0;0;0;0;0;0;0;0;0;0000000000
6002;ToughHorn;0001;0200;38500;00;1205;0900;0600;0010;0067;0000;0000;0000;0000;0001;0008;0000;1000;0500;0001;32771;0045;0000;0001;98053902;0500;099;099;099;099;099;099;099;1002010;1001040;0000;0025;0000;0000;10000;00;0;0;100;0;0;0;0;0;0;0;0;0;0;0;0;0;0;0;0;0;0;0;0;0;0;0;0;0;0;0000000000
6003;ToughHorn;0001;0200;38500;00;1205;0900;0600;0010;0067;0000;0000;0000;0000;0001;0008;0000;1000;0500;0001;32771;0015;0000;0001;98053903;0500;099;099;099;099;099;099;099;1002020;1001020;0000;0025;0000;0000;10000;00;0;0;100;0;0;0;0;0;0;0;0;0;0;0;0;0;0;0;0;0;0;0;0;0;0;0;0;0;0;0000000000
6004;ToughHorn;0001;0200;38500;00;1205;0900;0600;0010;0067;0000;0000;0000;0000;0001;0008;0000;1000;0500;0001;32771;0048;0000;0001;98053904;0500;099;099;099;099;099;099;099;1002010;1001040;0000;0025;0000;0000;10000;00;0;0;100;0;0;0;0;0;0;0;0;0;0;0;0;0;0;0;0;0;0;0;0;0;0;0;0;0;0;0000000000
6005;ToughHorn;0001;0200;38500;00;1205;0900;0600;0010;0067;0000;0000;0000;0000;0001;0008;0000;1000;0500;0001;32771;0036;0000;0001;98053905;0500;099;099;099;099;099;099;099;1002000;1001040;0000;0025;0000;0000;10000;00;0;0;100;0;0;0;0;0;0;0;0;0;0;0;0;0;0;0;0;0;0;0;0;0;0;0;0;0;0;0000000000
6006;ToughHorn;0001;0200;38500;00;3800;3000;0600;0015;0067;0000;0000;0000;0000;0001;0008;0000;1000;0500;0100;32771;0105;0000;0001;98054183;0500;099;099;099;099;099;099;099;1002020;1002030;3001;0015;0100;0000;10000;00;0;0;100;0;0;0;0;0;0;0;0;0;0;0;0;0;0;0;0;0;0;0;0;0;0;0;0;0;0;0000000000
6010;LonelyTyrant;0001;0201;2100;00;0155;0125;0000;0006;0075;0000;0000;0000;0000;0001;0008;0000;1000;0500;0045;32771;0039;0000;0001;98053995;0500;099;099;099;099;099;099;099;1000020;1001020;0000;0000;0000;0000;10000;00;0;0;100;0;0;0;0;0;0;0;0;0;0;0;0;0;0;0;0;0;0;0;0;0;0;0;0;0;0;0000000000
6011;Ghost;0001;0200;13789;00;0461;0416;0000;0007;0087;0000;0000;0000;0000;0001;0012;0000;1000;0500;0082;32771;0015;0000;0001;98054105;0500;007;016;007;016;016;006;017;1002000;1001040;1045;0015;0100;0000;10000;00;0;0;100;0;0;0;0;0;0;0;0;0;0;0;0;0;0;0;0;0;0;0;0;0;0;0;0;0;0;0000000000
6015;MonkeyMonster;0064;0156;10200;00;0480;0430;0900;0015;0067;0000;0000;0000;0000;0006;0006;0000;1000;0500;0060;32771;0105;0000;0001;98054028;0500;099;099;099;099;099;099;099;0000;0000;0000;0005;0000;0000;10000;00;0;0;100;0;0;0;0;0;0;0;0;0;0;0;0;0;0;0;0;0;0;0;0;0;0;0;0;0;0;0000000000
6016;Cecrops;0064;0204;10200;00;0450;0400;0300;0015;0067;0000;0000;0000;0000;0001;0001;0000;1000;0500;0060;32771;0105;0000;0001;98054029;0500;099;099;099;099;099;099;099;0000;0000;0000;0090;0000;0000;10000;00;0;0;100;0;0;0;0;0;0;0;0;0;0;0;0;0;0;0;0;0;0;0;0;0;0;0;0;0;0;0000000000
6017;ApeMonster;0001;0103;10200;00;0450;0410;0500;0015;0067;0000;0000;0000;0000;0001;0003;0000;1000;0500;0060;32771;0105;0000;0001;98054030;0500;099;099;099;099;099;099;099;0000;0000;0000;0052;0000;0000;10000;00;0;0;100;0;0;0;0;0;0;0;0;0;0;0;0;0;0;0;0;0;0;0;0;0;0;0;0;0;0;0000000000
6018;Python;0001;0204;30200;00;0450;0410;0720;0015;0067;0000;0000;0000;0000;0001;0003;0000;1000;0500;0070;32771;0105;0000;0002;98054048;0500;099;099;099;099;099;099;099;0000;0000;0000;0081;0000;0000;10000;00;0;0;100;0;0;0;0;0;0;0;0;0;0;0;0;0;0;0;0;0;0;0;0;0;0;0;0;0;0;0000000000
6030;DemonicFlagman;0001;0463;0033;00;0005;0004;0000;0000;0036;0000;0000;0000;0000;0001;0006;0000;1000;0500;0001;32771;0005;0000;0000;7296000;0500;099;099;099;099;099;099;099;1000000;1001000;0000;0000;0000;0000;10000;01;0;0;100;0;0;0;0;0;0;0;0;0;0;0;0;0;0;0;0;0;0;0;0;0;0;0;0;0;0;0000000000
6031;WolfPackLord;0001;0325;0033;00;0005;0004;0000;0000;0036;0000;0000;0000;0000;0001;0006;0000;1000;0500;0001;32771;0005;0000;0000;7296050;0500;099;099;099;099;099;099;099;1000000;1001000;0000;0000;0000;0000;10000;01;0;0;100;0;0;0;0;0;0;0;0;0;0;0;0;0;0;0;0;0;0;0;0;0;0;0;0;0;0;0000000000
6032;FallenOrnithoid;0001;0210;0033;00;0005;0004;0000;0000;0036;0000;0000;0000;0000;0001;0006;0000;1000;0500;0001;32771;0005;0000;0000;7296100;0500;099;099;099;099;099;099;099;1000000;1001000;0000;0000;0000;0000;10000;01;0;0;100;0;0;0;0;0;0;0;0;0;0;0;0;0;0;0;0;0;0;0;0;0;0;0;0;0;0;0000000000
7000;DevilSentry;0001;0250;6590;00;4800;5150;0000;0250;0070;0000;0000;0000;0000;0008;0008;0000;4000;0500;0130;32771;0000;0000;0001;98054373;0500;099;099;099;099;099;099;099;0000;0000;0000;0070;0000;0000;10000;00;0;0;100;0;0;0;0;0;0;0;0;0;0;0;0;0;0;0;0;0;0;0;0;0;0;0;0;0;0;0000000000
7001;WarriorDevil;0001;0205;23588;00;0650;0700;0700;0050;0070;0000;0000;0000;0000;0001;0008;0000;1000;0500;0070;32771;0000;0000;0001;98054053;0500;099;099;099;099;099;099;099;0000;0000;0000;0095;0000;0000;10000;00;0;0;100;0;0;0;0;0;0;0;0;0;0;0;0;0;0;0;0;0;0;0;0;0;0;0;0;0;0;0000000000
7002;TrojanDevil;0001;0205;9436;00;0396;0420;0700;0050;0070;0000;0000;0000;0000;0001;0008;0000;1000;0500;0070;32771;0000;0000;0001;98054052;0500;099;099;099;099;099;099;099;0000;0000;0000;0095;0000;0000;10000;00;0;0;100;0;0;0;0;0;0;0;0;0;0;0;0;0;0;0;0;0;0;0;0;0;0;0;0;0;0;0000000000
7003;ArcherDevil;0001;0205;33964;00;0470;0500;65000;0050;0070;0000;0000;0000;0000;0001;0008;0000;1000;0500;0070;32771;0000;0000;0001;98054051;0500;099;099;099;099;099;099;099;0000;0000;0000;0095;0000;0000;10000;00;0;0;100;0;0;0;0;0;0;0;0;0;0;0;0;0;0;0;0;0;0;0;0;0;0;0;0;0;0;0000000000
7004;FireDevil;0001;0205;38550;00;0182;0182;65000;0050;0095;0000;0000;0000;0000;0008;0008;0000;1000;0500;0070;32771;0000;0000;0001;98054050;0500;099;099;099;099;099;099;099;0000;0000;1000;0060;0100;0000;10000;00;0;0;100;0;0;0;0;0;0;0;0;0;0;0;0;0;0;0;0;0;0;0;0;0;0;0;0;0;0;0000000000
7005;WaterDevil;0001;0205;38550;00;0091;0091;65000;0050;0095;0000;0000;0000;0000;0008;0008;0000;1000;0500;0070;32771;0000;0000;0001;98054049;0500;099;099;099;099;099;099;099;0000;0000;1000;0060;0100;0000;10000;00;0;0;100;0;0;0;0;0;0;0;0;0;0;0;0;0;0;0;0;0;0;0;0;0;0;0;0;0;0;0000000000
7022;CoinsStealer;0001;0519;38930;00;0461;0416;0000;0028;0087;0000;0000;0000;0000;0001;0012;0000;1000;0500;0102;32771;0000;0000;0001;98054116;0500;000;000;000;000;000;000;000;0000;0000;0000;0000;0000;0000;10000;17;2;0;100;0;0;0;0;0;0;0;0;0;0;0;0;0;0;0;0;0;0;0;0;0;0;0;0;0;0;0000000000
7026;RedFox;0001;0296;0500;00;0060;0053;0000;0004;0071;0000;0000;0000;0000;0001;0008;0008;1000;0500;0022;32771;0016;0000;0001;0000;0500;001;003;001;003;003;099;005;1000010;1001010;0000;0000;0000;0000;10000;05;8;0;100;0;0;0;0;0;0;0;0;0;0;0;0;0;0;0;0;0;0;0;0;0;0;0;0;0;0;0000000000
7030;AlienBat;0000;0606;0500;00;0001;0001;0000;0000;0000;0000;0000;0000;0000;0002;0000;0000;0000;0000;0000;819203;0000;0000;0002;94045130;0000;000;000;000;000;000;000;000;0000;0000;0000;0000;0100;0000;0001;00;0;0;0;0;0;0;0;0;0;0;0;0;0;0;0;0;0;0;0;0;0;0;0;0;0;0;0;0;0;0000000000
7031;BloodyRat;0001;0202;0666;00;0019;0017;0000;0000;0078;0000;0000;0000;0000;0001;0008;0000;1000;0500;0037;32771;0000;0000;0000;94045300;0500;099;099;099;099;099;099;099;0000;0000;0000;0000;0000;0000;10000;08;11;0;100;0;0;0;0;0;0;0;0;0;0;0;0;0;0;0;0;0;0;0;0;0;0;0;0;0;0;0000000000
7032;CyanBat;0001;0206;1467;00;0038;0035;0000;0000;0078;0000;0000;0000;0000;0001;0008;0000;1000;0500;0047;32771;0000;0000;0000;94045305;0500;099;099;099;099;099;099;099;0000;0000;0000;0000;0000;0000;10000;10;12;0;100;0;0;0;0;0;0;0;0;0;0;0;0;0;0;0;0;0;0;0;0;0;0;0;0;0;0;0000000000
7043;Macaque(E);0001;0156;1467;00;0038;0035;0000;0000;0078;0000;0000;0000;0000;0001;0008;0000;1000;0500;0047;32771;0043;0000;0001;94056980;0500;004;008;004;008;008;001;009;1000020;1001020;0000;0000;0000;0000;10000;10;12;0;100;0;0;0;0;0;0;0;0;0;0;0;0;0;0;0;0;0;0;0;0;0;0;0;0;0;0;0000000000
7045;SandMonster(E);0001;0281;3842;00;0293;0265;0000;0021;0087;0000;0000;0000;0000;0001;0008;0000;1000;0500;0067;32771;0073;0000;0003;94056990;0500;006;013;006;013;013;004;013;1000030;1001030;0000;0000;0000;0000;10000;14;15;0;100;0;0;0;0;0;0;0;0;0;0;0;0;0;0;0;0;0;0;0;0;0;0;0;0;0;0;0000000000
7047;Birdman(E);0001;0205;8952;00;0540;0488;0000;0028;0085;0000;0000;0000;0000;0001;0008;0000;1000;0500;0087;32771;0111;0000;0001;94057000;0500;008;017;007;017;017;007;017;1002000;1001040;0000;0000;0000;0000;10000;18;19;0;100;0;0;0;0;0;0;0;0;0;0;0;0;0;0;0;0;0;0;0;0;0;0;0;0;0;0;0000000000
7049;TombBat(E);0001;0206;24472;00;1253;1134;0000;0030;0086;0000;0000;0000;0000;0001;0010;0000;1000;1000;0102;32771;0132;0000;0003;94057010;0500;008;020;009;020;020;008;021;1002010;1002030;0000;0000;0000;0000;10000;20;1;0;100;0;0;0;0;0;0;0;0;0;0;0;0;0;0;0;0;0;0;0;0;0;0;0;0;0;0;0000000000
7055;Macaque(E);0001;0156;1467;00;0038;0035;0000;0000;0078;0000;0000;0000;0000;0001;0008;0000;1000;0500;0047;32771;0043;0000;0001;94056980;0500;004;008;004;008;008;001;009;1000020;1001020;0000;0000;0000;0000;10000;10;12;0;100;0;0;0;0;0;0;0;0;0;0;0;0;0;0;0;0;0;0;0;0;0;0;0;0;0;0;0000000000
7056;Macaque(E);0001;0156;1467;00;0038;0035;0000;0000;0078;0000;0000;0000;0000;0001;0008;0000;1000;0500;0047;32771;0043;0000;0001;94056980;0500;004;008;004;008;008;001;009;1000020;1001020;0000;0000;0000;0000;10000;10;12;0;100;0;0;0;0;0;0;0;0;0;0;0;0;0;0;0;0;0;0;0;0;0;0;0;0;0;0;0000000000
7057;Macaque(E);0001;0156;1467;00;0038;0035;0000;0000;0078;0000;0000;0000;0000;0001;0008;0000;1000;0500;0047;32771;0043;0000;0001;94056980;0500;004;008;004;008;008;001;009;1000020;1001020;0000;0000;0000;0000;10000;10;12;0;100;0;0;0;0;0;0;0;0;0;0;0;0;0;0;0;0;0;0;0;0;0;0;0;0;0;0;0000000000
7058;Macaque(E);0001;0156;1467;00;0038;0035;0000;0000;0078;0000;0000;0000;0000;0001;0008;0000;1000;0500;0047;32771;0043;0000;0001;94056980;0500;004;008;004;008;008;001;009;1000020;1001020;0000;0000;0000;0000;10000;10;12;0;100;0;0;0;0;0;0;0;0;0;0;0;0;0;0;0;0;0;0;0;0;0;0;0;0;0;0;0000000000
7063;SandMonster(E);0001;0281;3842;00;0293;0265;0000;0021;0087;0000;0000;0000;0000;0001;0008;0000;1000;0500;0067;32771;0073;0000;0003;94056990;0500;006;013;006;013;013;004;013;1000030;1001030;0000;0000;0000;0000;10000;14;15;0;100;0;0;0;0;0;0;0;0;0;0;0;0;0;0;0;0;0;0;0;0;0;0;0;0;0;0;0000000000
7064;SandMonster(E);0001;0281;3842;00;0293;0265;0000;0021;0087;0000;0000;0000;0000;0001;0008;0000;1000;0500;0067;32771;0073;0000;0003;94056990;0500;006;013;006;013;013;004;013;1000030;1001030;0000;0000;0000;0000;10000;14;15;0;100;0;0;0;0;0;0;0;0;0;0;0;0;0;0;0;0;0;0;0;0;0;0;0;0;0;0;0000000000
7065;SandMonster(E);0001;0281;3842;00;0293;0265;0000;0021;0087;0000;0000;0000;0000;0001;0008;0000;1000;0500;0067;32771;0073;0000;0003;94056990;0500;006;013;006;013;013;004;013;1000030;1001030;0000;0000;0000;0000;10000;14;15;0;100;0;0;0;0;0;0;0;0;0;0;0;0;0;0;0;0;0;0;0;0;0;0;0;0;0;0;0000000000
7066;SandMonster(E);0001;0281;3842;00;0293;0265;0000;0021;0087;0000;0000;0000;0000;0001;0008;0000;1000;0500;0067;32771;0073;0000;0003;94056990;0500;006;013;006;013;013;004;013;1000030;1001030;0000;0000;0000;0000;10000;14;15;0;100;0;0;0;0;0;0;0;0;0;0;0;0;0;0;0;0;0;0;0;0;0;0;0;0;0;0;0000000000
7071;Birdman(E);0001;0205;8952;00;0540;0488;0000;0028;0085;0000;0000;0000;0000;0001;0008;0000;1000;0500;0087;32771;0111;0000;0001;94057000;0500;008;017;007;017;017;007;017;1002000;1001040;0000;0000;0000;0000;10000;18;19;0;100;0;0;0;0;0;0;0;0;0;0;0;0;0;0;0;0;0;0;0;0;0;0;0;0;0;0;0000000000
7072;Birdman(E);0001;0205;8952;00;0540;0488;0000;0028;0085;0000;0000;0000;0000;0001;0008;0000;1000;0500;0087;32771;0111;0000;0001;94057000;0500;008;017;007;017;017;007;017;1002000;1001040;0000;0000;0000;0000;10000;18;19;0;100;0;0;0;0;0;0;0;0;0;0;0;0;0;0;0;0;0;0;0;0;0;0;0;0;0;0;0000000000
7073;Birdman(E);0001;0205;8952;00;0540;0488;0000;0028;0085;0000;0000;0000;0000;0001;0008;0000;1000;0500;0087;32771;0111;0000;0001;94057000;0500;008;017;007;017;017;007;017;1002000;1001040;0000;0000;0000;0000;10000;18;19;0;100;0;0;0;0;0;0;0;0;0;0;0;0;0;0;0;0;0;0;0;0;0;0;0;0;0;0;0000000000
7074;Birdman(E);0001;0205;8952;00;0540;0488;0000;0028;0085;0000;0000;0000;0000;0001;0008;0000;1000;0500;0087;32771;0111;0000;0001;94057000;0500;008;017;007;017;017;007;017;1002000;1001040;0000;0000;0000;0000;10000;18;19;0;100;0;0;0;0;0;0;0;0;0;0;0;0;0;0;0;0;0;0;0;0;0;0;0;0;0;0;0000000000
7079;TombBat(E);0001;0206;24472;00;1253;1134;0000;0030;0086;0000;0000;0000;0000;0001;0010;0000;1000;1000;0102;32771;0132;0000;0003;94057010;0500;008;020;009;020;020;008;021;1002010;1002030;0000;0000;0000;0000;10000;20;1;0;100;0;0;0;0;0;0;0;0;0;0;0;0;0;0;0;0;0;0;0;0;0;0;0;0;0;0;0000000000
7080;TombBat(E);0001;0206;24472;00;1253;1134;0000;0030;0086;0000;0000;0000;0000;0001;0010;0000;1000;1000;0102;32771;0132;0000;0003;94057010;0500;008;020;009;020;020;008;021;1002010;1002030;0000;0000;0000;0000;10000;20;1;0;100;0;0;0;0;0;0;0;0;0;0;0;0;0;0;0;0;0;0;0;0;0;0;0;0;0;0;0000000000
7081;TombBat(E);0001;0206;24472;00;1253;1134;0000;0030;0086;0000;0000;0000;0000;0001;0010;0000;1000;1000;0102;32771;0132;0000;0003;94057010;0500;008;020;009;020;020;008;021;1002010;1002030;0000;0000;0000;0000;10000;20;1;0;100;0;0;0;0;0;0;0;0;0;0;0;0;0;0;0;0;0;0;0;0;0;0;0;0;0;0;0000000000
7082;TombBat(E);0001;0206;24472;00;1253;1134;0000;0030;0086;0000;0000;0000;0000;0001;0010;0000;1000;1000;0102;32771;0132;0000;0003;94057010;0500;008;020;009;020;020;008;021;1002010;1002030;0000;0000;0000;0000;10000;20;1;0;100;0;0;0;0;0;0;0;0;0;0;0;0;0;0;0;0;0;0;0;0;0;0;0;0;0;0;0000000000
7103;GoldGhost.Lv108;0001;0308;56180;00;1750;1450;0120;0030;0085;0000;0000;0000;0000;0001;0008;0000;1000;0500;0108;32771;0316;0000;0001;3593080;0500;000;000;000;000;000;000;000;0000;0000;0000;0000;0000;0000;10000;00;0;0;100;0;0;0;0;0;0;0;0;0;0;0;0;0;0;0;0;0;0;0;0;0;0;0;0;0;0;0000000000
7104;Slinger.Lv101;0001;0305;30110;00;1353;1234;0100;0030;0086;0000;0000;0000;0000;0001;0008;0000;1000;0500;0105;32771;0139;0000;0001;9006600;0500;000;000;000;000;000;000;000;0000;0000;0000;0000;0000;0000;10000;00;0;0;100;0;0;0;0;0;0;0;0;0;0;0;0;0;0;0;0;0;0;0;0;0;0;0;0;0;0;0000000000
7105;Bladeling.Lv110;0001;0240;33140;00;1702;1300;0100;0035;0087;0000;0000;0000;0000;0001;0009;0000;1000;0500;0110;32771;0120;0000;0001;9006650;0500;000;000;000;000;000;000;000;0000;0000;0000;0000;0000;0000;10000;00;0;0;100;0;0;0;0;0;0;0;0;0;0;0;0;0;0;0;0;0;0;0;0;0;0;0;0;0;0;0000000000
7106;AgileRat.Lv112;0001;0219;58110;00;1800;1800;0545;0100;0045;0000;0000;0000;0000;0001;0009;0000;1000;0500;0112;32771;0180;0000;0001;9556580;0500;000;000;000;000;000;000;000;0000;0000;1000;0098;0070;0000;10000;00;0;0;100;0;0;0;0;0;0;0;0;0;0;0;0;0;0;0;0;0;0;0;0;0;0;0;0;0;0;0000000000
7107;BlueBird.Lv115;0001;0332;38050;00;1980;1400;0100;0047;0087;0000;0000;0000;0000;0001;0008;0000;1000;1000;0115;32771;0132;0000;0001;9006690;0500;000;000;000;000;000;000;000;0000;0000;0000;0000;0000;0000;10000;00;0;0;100;0;0;0;0;0;0;0;0;0;0;0;0;0;0;0;0;0;0;0;0;0;0;0;0;0;0;0000000000
7108;FiendBat.Lv117;0001;0606;60460;00;2328;1600;4000;0130;0040;0000;0000;0000;0000;0002;0018;0000;1000;0500;0117;32771;0192;0000;0003;9556690;0100;000;000;000;000;000;000;000;0000;0000;1001;0050;0050;0000;10000;00;0;0;100;0;0;0;0;0;0;0;0;0;0;0;0;0;0;0;0;0;0;0;0;0;0;0;0;0;0;0000000000
7109;Minotaur.Lv120;0001;0317;60460;00;2328;1600;0100;0046;0083;0000;0000;0000;0000;0001;0008;0000;1000;0500;0120;32771;0139;0000;0001;9006740;0500;000;000;000;000;000;000;000;0000;0000;0000;0000;0000;0000;10000;00;0;0;100;0;0;0;0;0;0;0;0;0;0;0;0;0;0;0;0;0;0;0;0;0;0;0;0;0;0;0000000000
7110;FurySerpent;0001;0162;0050;00;0100;0100;10000;0036;0086;0000;0000;0000;0000;0001;0010;0015;1000;1000;0127;32771;0000;0000;0001;94070800;0500;000;000;000;000;000;000;000;0000;0000;0000;0000;0000;0000;0001;00;0;0;0;0;0;0;0;0;0;0;0;0;0;0;0;0;0;0;0;0;0;0;0;0;0;0;0;0;0;0000000000
7115;L93Brigand;0001;0165;15000;00;0001;0001;0000;0000;0000;0000;0000;0000;0000;0001;0008;0000;1000;0500;0093;32771;0000;0000;0002;94080450;0500;099;099;099;099;099;099;099;0000;0000;0000;0000;0000;0000;10000;08;0;0;100;0;0;0;0;0;0;0;0;0;0;0;0;0;0;0;0;0;0;0;0;0;0;0;0;0;0;0000000000
7116;L98Robber;0001;0463;25000;00;0001;0001;0000;0000;0000;0000;0000;0000;0000;0001;0008;0000;1000;0500;0098;32771;0000;0000;0002;94080450;0500;099;099;099;099;099;099;099;0000;0000;0000;0000;0000;0000;10000;10;0;0;100;0;0;0;0;0;0;0;0;0;0;0;0;0;0;0;0;0;0;0;0;0;0;0;0;0;0;0000000000
7117;L103Aggressor;0001;0327;35000;00;0001;0001;0000;0000;0000;0000;0000;0000;0000;0001;0008;0000;1000;0500;0103;32771;0000;0000;0002;94080455;0500;099;099;099;099;099;099;099;0000;0000;0000;0000;0000;0000;10000;08;0;0;100;0;0;0;0;0;0;0;0;0;0;0;0;0;0;0;0;0;0;0;0;0;0;0;0;0;0;0000000000
7118;L108Robot;0001;0127;45000;00;0001;0001;0000;0000;0000;0000;0000;0000;0000;0001;0008;0000;1000;0500;0108;32771;0000;0000;0002;94080455;0500;099;099;099;099;099;099;099;0000;0000;0000;0000;0000;0000;10000;10;0;0;100;0;0;0;0;0;0;0;0;0;0;0;0;0;0;0;0;0;0;0;0;0;0;0;0;0;0;0000000000
7119;L113BloodPirate;0001;0165;55000;00;0001;0001;0000;0000;0000;0000;0000;0000;0000;0001;0008;0000;1000;0500;0113;32771;0000;0000;0002;94080456;0500;099;099;099;099;099;099;099;0000;0000;0000;0000;0000;0000;10000;08;0;0;100;0;0;0;0;0;0;0;0;0;0;0;0;0;0;0;0;0;0;0;0;0;0;0;0;0;0;0000000000
7120;L118CruelPirate;0001;0166;70000;00;0001;0001;0000;0000;0000;0000;0000;0000;0000;0001;0008;0000;1000;0500;0118;32771;0000;0000;0002;94080456;0500;099;099;099;099;099;099;099;0000;0000;0000;0000;0000;0000;10000;10;0;0;100;0;0;0;0;0;0;0;0;0;0;0;0;0;0;0;0;0;0;0;0;0;0;0;0;0;0;0000000000
7121;L123FierceRonin;0001;0265;85000;00;0001;0001;0000;0000;0000;0000;0000;0000;0000;0001;0008;0000;1000;0500;0123;32771;0000;0000;0002;94080457;0500;099;099;099;099;099;099;099;0000;0000;0000;0000;0000;0000;10000;08;0;0;100;0;0;0;0;0;0;0;0;0;0;0;0;0;0;0;0;0;0;0;0;0;0;0;0;0;0;0000000000
7122;L128FuryRonin;0001;0165;105000;00;0001;0001;0000;0000;0000;0000;0000;0000;0000;0001;0008;0000;1000;0500;0128;32771;0000;0000;0002;94080457;0500;099;099;099;099;099;099;099;0000;0000;0000;0000;0000;0000;10000;10;0;0;100;0;0;0;0;0;0;0;0;0;0;0;0;0;0;0;0;0;0;0;0;0;0;0;0;0;0;0000000000
7123;L132Puppet;0001;0160;125000;00;0001;0001;0000;0000;0000;0000;0000;0000;0000;0001;0008;0000;1000;0500;0132;32771;0000;0000;0002;94080458;0500;099;099;099;099;099;099;099;0000;0000;0000;0000;0000;0000;10000;08;0;0;100;0;0;0;0;0;0;0;0;0;0;0;0;0;0;0;0;0;0;0;0;0;0;0;0;0;0;0000000000
7124;L135SoulWarrior;0001;0160;150000;00;0001;0001;0000;0000;0000;0000;0000;0000;0000;0001;0008;0000;1000;0500;0135;32771;0000;0000;0002;94080460;0500;099;099;099;099;099;099;099;0000;0000;0000;0000;0000;0000;10000;10;0;0;100;0;0;0;0;0;0;0;0;0;0;0;0;0;0;0;0;0;0;0;0;0;0;0;0;0;0;0000000000
7152;Demon1;0001;0369;0033;00;0005;0004;0000;0000;0036;0000;0000;0000;0000;0001;0006;0000;1000;0500;0001;32771;0005;0000;0000;94111000;0500;099;099;099;099;099;099;099;1000000;1001000;0000;0000;0000;0000;10000;01;0;0;100;0;0;0;0;0;0;0;0;0;0;0;0;0;0;0;0;0;0;0;0;0;0;0;0;0;0;0000000000
7153;AncientDemon;0001;0156;0033;00;0005;0004;0000;0000;0036;0000;0000;0000;0000;0001;0006;0000;1000;0500;0001;32771;0005;0000;0000;94111010;0500;099;099;099;099;099;099;099;1000000;1001000;0000;0000;0000;0000;10000;01;0;0;100;0;0;0;0;0;0;0;0;0;0;0;0;0;0;0;0;0;0;0;0;0;0;0;0;0;0;0000000000
7154;FloodDemon;0001;0377;0033;00;0005;0004;0000;0000;0036;0000;0000;0000;0000;0001;0006;0000;1000;0500;0001;32771;0005;0000;0000;94111020;0500;099;099;099;099;099;099;099;1000000;1001000;0000;0000;0000;0000;10000;01;0;0;100;0;0;0;0;0;0;0;0;0;0;0;0;0;0;0;0;0;0;0;0;0;0;0;0;0;0;0000000000
7155;HeavenDemon;0001;0165;0033;00;0005;0004;0000;0000;0036;0000;0000;0000;0000;0001;0006;0000;1000;0500;0001;32771;0005;0000;0000;94111030;0500;099;099;099;099;099;099;099;1000000;1001000;0000;0000;0000;0000;10000;01;0;0;100;0;0;0;0;0;0;0;0;0;0;0;0;0;0;0;0;0;0;0;0;0;0;0;0;0;0;0000000000
7156;ChaosDemon;0001;0327;0033;00;0005;0004;0000;0000;0036;0000;0000;0000;0000;0001;0006;0000;1000;0500;0001;32771;0005;0000;0000;94111040;0500;099;099;099;099;099;099;099;1000000;1001000;0000;0000;0000;0000;10000;01;0;0;100;0;0;0;0;0;0;0;0;0;0;0;0;0;0;0;0;0;0;0;0;0;0;0;0;0;0;0000000000
7224;NaughtyMonkey;0001;0103;6371;00;0065;0059;0000;0000;0082;0000;0000;0000;0000;0002;0015;0000;1000;0250;0058;32771;0051;0000;0001;98054025;0100;005;011;005;011;011;003;005;1002010;1001020;0000;0000;0000;0000;10000;12;14;0;100;0;0;0;0;0;0;0;0;0;0;0;0;0;0;0;0;0;0;0;0;0;0;0;0;0;0;0000000000
7750;CommonIronChest(Normal);0001;0464;120000;00;0000;0000;0000;0030;0086;0000;0000;0000;0000;0001;0010;0000;1000;0500;0135;819265;0000;0000;0002;94416550;0000;000;000;000;000;000;000;000;0000;0000;0000;0000;0100;0000;10000;00;0;0;0;0;0;0;0;0;0;0;0;0;0;0;0;0;0;0;0;0;0;0;0;0;0;0;0;0;0;0000000000
7751;EliteIronChest(Normal);0001;0464;140000;00;0000;0000;0000;0030;0086;0000;0000;0000;0000;0001;0010;0000;1000;0500;0135;819265;0000;0000;0002;94416550;0000;000;000;000;000;000;000;000;0000;0000;0000;0000;0100;0000;10000;00;0;0;0;0;0;0;0;0;0;0;0;0;0;0;0;0;0;0;0;0;0;0;0;0;0;0;0;0;0;0000000000
7285;JoyFox;0001;0296;0300;00;0001;0001;10000;0000;0000;0000;0000;0000;0000;0002;0000;0000;0000;0000;0001;819201;0000;0000;0001;94193620;0000;000;000;000;000;000;000;000;0000;0000;0000;0000;0100;0000;0001;00;0;0;0;0;0;0;0;0;0;0;0;0;0;0;0;0;0;0;0;0;0;0;0;0;0;0;0;0;0;0000000000
7286;TreasureFox;0001;0296;0300;00;0001;0001;10000;0000;0000;0000;0000;0000;0000;0002;0000;0000;0000;0000;0001;819201;0000;0000;0001;94193650;0000;000;000;000;000;000;000;000;0000;0000;0000;0000;0100;0000;0001;00;0;0;0;0;0;0;0;0;0;0;0;0;0;0;0;0;0;0;0;0;0;0;0;0;0;0;0;0;0;0000000000
7288;SandMonsterS1;0001;0309;3842;00;0293;0265;0000;0021;0087;0000;0000;0000;0000;0001;0008;0000;1000;0500;0067;32771;0073;0000;0003;9593350;0500;006;013;006;013;013;004;013;1000030;1001030;0000;0000;0000;0000;10000;14;15;0;100;0;0;0;0;0;0;0;0;0;0;0;0;0;0;0;0;0;0;0;0;0;0;0;0;0;0;0000000000
7289;BloodyDevilS1;0001;0197;60000;00;2455;1653;0900;0019;0086;0000;0000;0000;0000;0001;0010;2000;1000;0500;0118;32771;0223;0000;0001;98054252;0300;009;021;009;021;021;009;009;1002020;1001020;0000;0060;0000;0000;10000;58;0;0;100;0;0;0;0;0;0;0;0;0;0;0;0;0;0;0;0;0;0;0;0;0;0;0;0;0;0;0000000000
7316;HawkDefender;0000;0205;35000;00;0576;0576;1605;0100;0065;0000;0000;0000;0000;0004;0004;0000;1000;0050;0110;32807;0000;0000;0001;0000;0050;099;099;099;099;099;099;099;0000;0000;1001;0000;0100;0001;10000;00;0;0;100;0;0;0;0;0;0;0;0;0;0;0;0;0;0;0;0;0;0;0;0;0;0;0;0;0;0;0000000000
7483;GhostReaver;0001;0917;1000000;00;1600;1500;0000;0028;0085;0000;0000;0000;0000;0010;0010;0000;1000;0500;0090;32771;0000;0000;0001;97203020;0500;000;000;000;000;000;000;000;0000;0000;0000;0000;0000;0000;10000;00;0;0;0;0;0;0;0;0;0;0;0;0;0;0;0;0;0;0;0;0;0;0;0;0;0;0;0;0;0;0000000000
7484;EvilMonkMisery;0001;0978;2000000;00;2000;1800;0000;0028;0085;0000;0000;0000;0000;0001;0008;0000;1000;0500;0120;32771;0000;0000;0001;97203040;0500;000;000;000;000;000;000;000;0000;0000;0000;0000;0000;0000;10000;00;0;0;0;0;0;0;0;0;0;0;0;0;0;0;0;0;0;0;0;0;0;0;0;0;0;0;0;0;0;0000000000
7485;FlameDevastator;0001;0981;5000000;00;2500;2000;0000;0050;0050;0000;0000;0000;0000;0010;0020;0000;1000;0500;0120;819203;0000;0000;0007;97203100;1000;000;000;000;000;000;000;000;0000;0000;0000;0000;0100;0000;10000;00;0;0;0;0;0;0;0;0;0;0;0;0;0;0;0;0;0;0;0;0;0;0;0;0;0;0;0;0;0;0000000000
7486;AwakeFlameDevastator;0001;0983;10000000;00;3000;2500;0000;0050;0050;0000;0000;0000;0000;0010;0020;0000;1000;0500;0130;819203;0000;0000;0007;97203120;1000;000;000;000;000;000;000;000;0000;0000;0000;0000;0100;0000;10000;00;0;0;0;0;0;0;0;0;0;0;0;0;0;0;0;0;0;0;0;0;0;0;0;0;0;0;0;0;0;0000000000
7487;FuriousFlameDevastator;0001;0979;20000000;00;3500;3000;0000;0050;0050;0000;0000;0000;0000;0010;0020;0000;1000;0500;0140;819203;0000;0000;0007;97203140;1000;000;000;000;000;000;000;000;0000;0000;0000;0000;0100;0000;10000;00;0;0;0;0;0;0;0;0;0;0;0;0;0;0;0;0;0;0;0;0;0;0;0;0;0;0;0;0;0;0000000000
7488;CitySoldier;0001;0900;50000;00;99999999;99999999;0900;0050;0085;0000;0000;0000;0000;0003;0010;0000;1000;1000;0500;32815;0000;0000;0001;0000;0500;000;000;000;000;000;000;000;1002020;1001020;8036;0000;0100;0000;1000;00;0;255;100;0;0;0;0;0;0;0;0;0;0;0;0;100000;0;0;0;0;0;0;0;0;0;0;0;0;0;0000000000
7554;LoveFox;0001;0296;9999;00;0003;0002;99999;0000;0036;0000;0000;0000;0000;0001;0006;0000;1000;0500;0001;32780;0000;0000;0000;0000;0500;099;099;099;099;099;099;099;1000000;1001000;0000;0000;0000;0000;0001;01;0;0;100;0;0;0;0;0;0;0;0;0;0;0;0;0;0;0;0;0;0;0;0;0;0;0;0;0;0;0000000000
7555;CranePrincess;0001;0846;9999;00;0003;0002;99999;0000;0036;0000;0000;0000;0000;0001;0006;0000;1000;0500;0001;32780;0000;0000;0000;0000;0500;099;099;099;099;099;099;099;1000000;1001000;0000;0000;0000;0000;0001;01;0;0;100;0;0;0;0;0;0;0;0;0;0;0;0;0;0;0;0;0;0;0;0;0;0;0;0;0;0;0000000000
7556;FairySorceress;0001;0847;9999;00;0003;0002;99999;0000;0036;0000;0000;0000;0000;0001;0006;0000;1000;0500;0001;32780;0000;0000;0000;0000;0500;099;099;099;099;099;099;099;1000000;1001000;0000;0000;0000;0000;0001;01;0;0;100;0;0;0;0;0;0;0;0;0;0;0;0;0;0;0;0;0;0;0;0;0;0;0;0;0;0;0000000000
7557;WarPanda;0001;0849;9999;00;0003;0002;99999;0000;0036;0000;0000;0000;0000;0001;0006;0000;1000;0500;0001;32780;0000;0000;0000;0000;0500;099;099;099;099;099;099;099;1000000;1001000;0000;0000;0000;0000;0001;01;0;0;100;0;0;0;0;0;0;0;0;0;0;0;0;0;0;0;0;0;0;0;0;0;0;0;0;0;0;0000000000
7558;PandaBattlemaster;0001;0848;9999;00;0003;0002;99999;0000;0036;0000;0000;0000;0000;0001;0006;0000;1000;0500;0001;32780;0000;0000;0000;0000;0500;099;099;099;099;099;099;099;1000000;1001000;0000;0000;0000;0000;0001;01;0;0;100;0;0;0;0;0;0;0;0;0;0;0;0;0;0;0;0;0;0;0;0;0;0;0;0;0;0;0000000000
7559;VoltaicWarg;0001;0850;9999;00;0003;0002;99999;0000;0036;0000;0000;0000;0000;0001;0006;0000;1000;0500;0001;32772;0000;0000;0000;0000;0500;099;099;099;099;099;099;099;1000000;1001000;0000;0000;0000;0000;0001;01;0;0;100;0;0;0;0;0;0;0;0;0;0;0;0;0;0;0;0;0;0;0;0;0;0;0;0;0;0;0000000000
7560;LavaTiger;0001;0386;0030;00;0003;0002;60000;0019;0086;0000;0000;0000;0000;0003;0006;0000;1000;0500;0001;786435;0000;0000;0003;94305520;0500;099;099;099;099;099;099;099;0000;0000;0000;0000;0000;0000;0000;00;0;0;100;0;0;0;0;0;0;0;0;0;0;0;0;0;0;0;0;0;0;0;0;0;0;0;0;0;0;0000000000
7562;GoldBox;0001;0141;0005;00;0001;0001;90000;0070;0090;0000;0000;0000;0000;0020;0020;0000;1000;0500;0140;786464;7500;0000;0010;97216650;1000;099;099;099;099;099;099;099;0000;0000;0000;0000;0000;0000;0001;00;0;0;100;0;3;75;75;75;75;75;900000;0;0;0;0;5000;0;0;0;160;0;0;2000;0;0;0;0;0;0;0000000002
7563;NightmareCaptain;0001;0516;150000;00;3600;3000;3600;0036;0086;0000;0000;0000;0000;0001;0010;0000;1000;1000;0140;32771;0283;0000;0001;97216600;0500;099;099;099;099;099;099;099;1000040;1002040;0000;0000;0000;0000;5000;61;0;0;100;0;0;0;0;0;0;0;0;0;0;0;0;0;0;0;0;0;0;0;0;0;0;0;0;0;0;0000000000
7570;ShadowClone;0000;0900;0001;00;0000;0000;0000;0100;0000;0000;0000;0000;0000;0004;0004;0000;1000;0050;0000;32807;0000;0000;0001;0000;0050;000;000;000;000;000;000;000;0000;0000;0000;0000;0000;0001;10000;00;0;0;100;0;0;0;0;0;0;0;0;0;0;0;0;0;0;0;0;0;0;0;0;0;0;0;0;0;0;0000000000
7608;AxeApparition;0001;0233;50000;00;0010;0009;0000;0080;0100;0000;0000;0000;0000;0010;0010;0000;3000;3000;0080;819203;0000;0000;0006;94384000;3000;000;000;000;000;000;000;000;1000000;1001000;0000;0000;0000;0000;8000;00;0;0;100;0;0;0;0;0;0;0;0;0;0;0;0;0;0;0;0;0;0;0;0;0;0;0;0;0;0;0000000000
7609;IronChariot;0001;0160;80000;00;0019;0017;0000;0080;0100;0000;0000;0000;0000;0010;0010;0000;3000;3000;0085;819203;0000;0000;0006;94384050;3000;000;000;000;000;000;000;000;1000000;1001000;0000;0000;0000;0000;8000;00;0;0;100;0;0;0;0;0;0;0;0;0;0;0;0;0;0;0;0;0;0;0;0;0;0;0;0;0;0;0000000000
7610;Horse-facedHead;0001;0154;100000;00;0077;0070;0000;0080;0100;0000;0000;0000;0000;0010;0010;0000;3000;3000;0090;819203;0000;0000;0006;94384100;3000;000;000;000;000;000;000;000;1000000;1001000;0000;0000;0000;0000;8000;00;0;0;100;0;0;0;0;0;0;0;0;0;0;0;0;0;0;0;0;0;0;0;0;0;0;0;0;0;0;0000000000
7611;UndeadWarrior;0001;0165;130000;00;0293;0265;0000;0080;0100;0000;0000;0000;0000;0010;0010;0000;3000;3000;0095;819203;0000;0000;0006;94384150;3000;000;000;000;000;000;000;000;1000000;1001000;0000;0000;0000;0000;8000;00;0;0;100;0;0;0;0;0;0;0;0;0;0;0;0;0;0;0;0;0;0;0;0;0;0;0;0;0;0;0000000000
7612;UndeadSpearman;0001;0165;150000;00;0461;0416;0000;0080;0100;0000;0000;0000;0000;0010;0010;0000;3000;3000;0100;819203;0000;0000;0006;94384200;3000;000;000;000;000;000;000;000;1000000;1001000;0000;0000;0000;0000;8000;00;0;0;100;0;0;0;0;0;0;0;0;0;0;0;0;0;0;0;0;0;0;0;0;0;0;0;0;0;0;0000000000
7613;UndeadCommander;0001;0166;180000;00;0631;0570;0000;0080;0100;0000;0000;0000;0000;0010;0010;0000;3000;3000;0105;819203;0000;0000;0006;94384250;3000;000;000;000;000;000;000;000;1000000;1001000;0000;0000;0000;0000;8000;00;0;0;100;0;0;0;0;0;0;0;0;0;0;0;0;0;0;0;0;0;0;0;0;0;0;0;0;0;0;0000000000
7614;GiantAxeDemon;0001;0153;200000;00;0802;0600;0000;0080;0100;0000;0000;0000;0000;0010;0010;0000;3000;3000;0110;819203;0000;0000;0006;94384300;3000;000;000;000;000;000;000;000;1000000;1001000;0000;0000;0000;0000;8000;00;0;0;100;0;0;0;0;0;0;0;0;0;0;0;0;0;0;0;0;0;0;0;0;0;0;0;0;0;0;0000000000
7615;TwinAxeBeast;0001;0168;400000;00;2400;1650;0000;0080;0100;0000;0000;0000;0000;0010;0010;0000;3000;3000;0115;819203;0000;0000;0006;94384350;3000;000;000;000;000;000;000;000;1000000;1001000;0000;0000;0000;0000;6000;00;0;0;100;0;0;0;0;0;0;0;0;0;0;0;0;0;0;0;0;0;0;0;0;0;0;0;0;0;0;0000000000
7616;DarkSerpentKing;0001;0162;500000;00;3800;3000;3200;0080;0100;0000;0000;0000;0000;0010;0010;0000;3000;3000;0120;819203;0000;0000;0006;94384400;3000;000;000;000;000;000;000;000;1000000;1001000;0000;0000;0000;0000;6000;00;0;0;100;0;0;0;0;0;0;0;0;0;0;0;0;0;0;0;0;0;0;0;0;0;0;0;0;0;0;0000000000
7617;PsychicChest;0001;0141;500000;00;0001;0001;0001;0080;0100;0000;0000;0000;0000;0010;0010;0000;3000;3000;0130;819203;0000;0000;0006;94384450;3000;000;000;000;000;000;000;000;1000000;1001000;0000;0000;0000;0000;8000;00;0;0;100;0;0;0;0;0;0;0;0;0;0;0;0;0;0;0;0;0;0;0;0;0;0;0;0;0;0;0000000000
7714;Ripper;0001;0276;9999;00;0003;0002;99999;0000;0036;0000;0000;0000;0000;0001;0006;0000;1000;0500;0001;32772;0000;0000;0000;0000;0500;099;099;099;099;099;099;099;1000000;1001000;0000;0000;0000;0000;0001;01;0;0;100;0;0;0;0;0;0;0;0;0;0;0;0;0;0;0;0;0;0;0;0;0;0;0;0;0;0;0000000000
7715;ChaosRipper;0001;0275;150000;00;0003;0002;30000;0000;0036;0000;0000;0000;0000;0002;0006;0000;1000;0500;0001;32;0000;0000;0000;0000;0500;099;099;099;099;099;099;099;1000000;1001000;0000;0000;0000;0000;10000;01;0;350;100;0;0;0;0;0;0;0;0;0;0;0;0;0;0;0;0;2500;0;0;0;0;0;0;0;0;0;0000000000
7722;SuperChaosDefender;0000;0275;120000;00;4000;3800;7000;0100;0075;0000;0000;0000;0000;0015;0015;0000;1000;0050;0140;294951;0000;0000;0001;0000;0050;099;099;099;099;099;099;099;0000;0000;1165;0000;0100;0001;10000;00;0;0;100;0;0;0;0;0;0;0;0;0;0;0;0;0;0;0;0;0;0;0;0;0;0;0;0;0;0;0000000000
7731;ChaosIncarnation;0001;0275;90000000;00;10000;8500;28000;0070;0090;0000;0000;0000;0000;0020;0020;0000;1000;0500;0140;786435;7500;0000;0005;94459320;1000;099;099;099;099;099;099;099;0000;0000;0000;0000;0000;0000;10000;00;0;0;100;0;3;75;75;75;75;75;900000;0;0;0;0;6000;0;0;0;25000;0;0;5000;0;0;0;0;0;0;0000000000
8100;HumanMessenger;0001;0233;0734;00;0007;0007;0000;0000;0009;0000;0000;0000;0000;0009;0010;0000;1300;0500;0022;32771;0036;0000;0001;98053949;0500;099;099;099;099;099;099;099;1000040;1001040;3000;0000;0070;0000;10000;05;0;0;100;0;0;0;0;0;0;0;0;0;0;0;0;0;0;0;0;0;0;0;0;0;0;0;0;0;0;0000000000
8101;WingedSnakeMsgr;0001;0203;0800;00;0008;0008;0000;0000;0010;0000;0000;0000;0000;0009;0010;0000;1300;0500;0027;32771;0045;0000;0001;98053957;0500;099;099;099;099;099;099;099;1000040;1001040;3001;0000;0070;0000;10000;06;0;0;100;0;0;0;0;0;0;0;0;0;0;0;0;0;0;0;0;0;0;0;0;0;0;0;0;0;0;0000000000
8102;BanditMessenger;0001;0201;1067;00;0010;0010;0000;0000;0012;0000;0000;0000;0000;0009;0010;0000;1300;0500;0032;32771;0051;0000;0001;98053962;0500;099;099;099;099;099;099;099;1000040;1001040;3002;0000;0070;0000;10000;07;0;0;100;0;0;0;0;0;0;0;0;0;0;0;0;0;0;0;0;0;0;0;0;0;0;0;0;0;0;0000000000
8103;RatMessenger;0001;0202;1334;00;0013;0013;0000;0000;0013;0000;0000;0000;0000;0009;0010;0000;1300;0500;0037;32771;0060;0000;0001;98053977;0500;099;099;099;099;099;099;099;1000040;1001040;3003;0000;0070;0000;10000;08;0;0;100;0;0;0;0;0;0;0;0;0;0;0;0;0;0;0;0;0;0;0;0;0;0;0;0;0;0;0000000000
8104;EidolonEnvoy;0001;0202;2401;00;0014;0014;0000;0000;0015;0000;0000;0000;0000;0009;0010;0000;1300;0500;0042;32771;0072;0000;0001;98053985;0500;099;099;099;099;099;099;099;1000040;1001040;3004;0000;0070;0000;10000;09;0;0;100;0;0;0;0;0;0;0;0;0;0;0;0;0;0;0;0;0;0;0;0;0;0;0;0;0;0;0000000000
8105;MonkeyMessenger;0001;0156;2935;00;0020;0020;0000;0000;0016;0000;0000;0000;0000;0009;0010;0000;1300;0500;0047;32771;0012;0000;0001;98053997;0500;099;099;099;099;099;099;099;1000040;1001040;3005;0000;0070;0000;10000;10;0;0;100;0;0;0;0;0;0;0;0;0;0;0;0;0;0;0;0;0;0;0;0;0;0;0;0;0;0;0000000000
8106;GiantApeMsgr;0001;0156;3535;00;0022;0022;0000;0000;0018;0000;0000;0000;0000;0009;0010;0000;1300;0500;0052;32771;0015;0000;0001;98054010;0500;099;099;099;099;099;099;099;1000040;1001040;3006;0087;0070;0000;10000;11;0;0;100;0;0;0;0;0;0;0;0;0;0;0;0;0;0;0;0;0;0;0;0;0;0;0;0;0;0;0000000000
8107;ThunderApeMsgr;0001;0103;4202;00;0025;0025;0000;0000;0019;0000;0000;0000;0000;0009;0010;0000;1300;0500;0057;32771;0017;0000;0001;98054019;0500;099;099;099;099;099;099;099;1000040;1001040;3007;0089;0070;0000;10000;12;0;0;100;0;0;0;0;0;0;0;0;0;0;0;0;0;0;0;0;0;0;0;0;0;0;0;0;0;0;0000000000
8108;SnakemanMsgr;0001;0204;6337;00;0030;0030;0000;0000;0021;0000;0000;0000;0000;0009;0010;0000;1300;0500;0062;32771;0021;0000;0001;98054033;0500;099;099;099;099;099;099;099;1000040;1001040;3008;0091;0070;0000;10000;13;0;0;100;0;0;0;0;0;0;0;0;0;0;0;0;0;0;0;0;0;0;0;0;0;0;0;0;0;0;0000000000
8109;SandMonsterMsgr;0001;0171;7337;00;0360;0360;0000;0100;0022;0000;0000;0000;0000;0009;0010;0000;1300;0500;0067;32771;0025;0000;0003;98054043;0500;099;099;099;099;099;099;099;1000040;1001040;3009;0092;0070;0000;10000;14;0;0;100;0;0;0;0;0;0;0;0;0;0;0;0;0;0;0;0;0;0;0;0;0;0;0;0;0;0;0000000000
8110;HillMonsterMsgr;0001;0305;9338;00;0394;0394;0000;0100;0024;0000;0000;0000;0000;0009;0010;0000;1300;0500;0072;32771;0027;0000;0001;98054058;0500;099;099;099;099;099;099;099;1000040;1001040;3010;0094;0070;0000;10000;15;0;0;100;0;0;0;0;0;0;0;0;0;0;0;0;0;0;0;0;0;0;0;0;0;0;0;0;0;0;0000000000
8111;RockMonsterMsgr;0001;0305;11339;00;0454;0454;0000;0100;0025;0000;0000;0000;0000;0009;0010;0000;1300;0500;0077;32771;0030;0000;0001;98054079;0500;099;099;099;099;099;099;099;1000040;1001040;3011;0094;0070;0000;10000;16;0;0;100;0;0;0;0;0;0;0;0;0;0;0;0;0;0;0;0;0;0;0;0;0;0;0;0;0;0;0000000000
8112;BladeGhostMsgr;0001;0240;14674;00;0507;0507;0000;0100;0027;0000;0000;0000;0000;0009;0010;0000;1300;0500;0082;32771;0033;0000;0001;98054106;0500;099;099;099;099;099;099;099;1000040;1001040;3012;0095;0070;0000;10000;17;0;0;100;0;0;0;0;0;0;0;0;0;0;0;0;0;0;0;0;0;0;0;0;0;0;0;0;0;0;0000000000
8113;BirdmanMsgr;0001;0205;17342;00;0520;0520;0000;0100;0028;0000;0000;0000;0000;0009;0010;0000;1300;0500;0087;32771;0017;0000;0001;98054126;0500;099;099;099;099;099;099;099;1000040;1001040;3013;0096;0070;0000;10000;18;0;0;100;0;0;0;0;0;0;0;0;0;0;0;0;0;0;0;0;0;0;0;0;0;0;0;0;0;0;0000000000
8114;HawkMessenger;0001;0205;20010;00;0594;0594;0000;0100;0030;0000;0000;0000;0000;0009;0010;0000;1000;0500;0092;32771;0018;0000;0001;98054142;0500;099;099;099;099;099;099;099;1000040;1001040;3014;0096;0070;0000;10000;19;0;0;100;0;0;0;0;0;0;0;0;0;0;0;0;0;0;0;0;0;0;0;0;0;0;0;0;0;0;0000000000
8115;RobberMessenger;0001;0201;26680;00;0700;0700;0000;0100;0030;0000;0000;0000;0000;0009;0010;0000;1300;0500;0097;32771;0021;0000;0001;98054163;0500;099;099;099;099;099;099;099;1000040;1001040;3015;0097;0070;0000;10000;55;0;0;100;0;0;0;0;0;0;0;0;0;0;0;0;0;0;0;0;0;0;0;0;0;0;0;0;0;0;0000000000
8116;BatMessenger;0001;0206;45000;00;1200;1200;0435;0100;0033;0000;0000;0000;0000;0009;0010;0000;1300;0500;0102;32771;0021;0000;0003;98054191;0500;099;099;099;099;099;099;099;1000040;1001040;3016;0097;0070;0000;10000;20;0;0;100;0;0;0;0;0;0;0;0;0;0;0;0;0;0;0;0;0;0;0;0;0;0;0;0;0;0;0000000000
8117;BloodyBatMsgr;0001;0148;50000;00;1600;1600;0440;0100;0033;0000;0000;0000;0000;0009;0010;0000;1300;0500;0107;32771;0022;0000;0001;98054207;0500;099;099;099;099;099;099;099;1000040;1001040;3017;0097;0070;0000;10000;56;0;0;100;0;0;0;0;0;0;0;0;0;0;0;0;0;0;0;0;0;0;0;0;0;0;0;0;0;0;0000000000
8118;BullMessenger;0001;0317;55000;00;1800;1800;0445;0100;0035;0000;0000;0000;0000;0009;0010;0000;1300;0500;0112;32771;0024;0000;0001;98054229;0500;099;099;099;099;099;099;099;1000040;1001040;3018;0098;0070;0000;10000;57;0;0;100;0;0;0;0;0;0;0;0;0;0;0;0;0;0;0;0;0;0;0;0;0;0;0;0;0;0;0000000000
8119;DevilMessenger;0001;0197;60460;00;2150;2150;2000;0100;0037;0000;0000;0000;0000;0009;0010;0000;1000;0500;0117;32771;0027;0000;0001;98054246;0500;099;099;099;099;099;099;099;1000040;1001040;3019;0099;0070;0000;10000;58;0;0;100;0;0;0;0;0;0;0;0;0;0;0;0;0;0;0;0;0;0;0;0;0;0;0;0;0;0;0000000000
8200;HumanAide;0001;0233;0734;00;0025;0017;0000;0000;0009;0000;0000;0000;0000;0001;0009;0000;1000;0500;0022;32771;0036;0000;0001;98053951;0500;099;099;099;099;099;099;099;1000040;1001040;0000;0000;0000;0000;10000;05;0;0;100;0;0;0;0;0;0;0;0;0;0;0;0;0;0;0;0;0;0;0;0;0;0;0;0;0;0;0000000000
8201;WingedSnakeAide;0001;0203;0800;00;0027;0025;0000;0000;0010;0000;0000;0000;0000;0001;0009;0000;1000;0500;0027;32771;0045;0000;0001;98053959;0500;099;099;099;099;099;099;099;1000040;1001040;0000;0000;0000;0000;10000;06;0;0;100;0;0;0;0;0;0;0;0;0;0;0;0;0;0;0;0;0;0;0;0;0;0;0;0;0;0;0000000000
8202;BanditAide;0001;0201;1067;00;0037;0031;0000;0000;0012;0000;0000;0000;0000;0001;0009;0000;1000;0500;0032;32771;0051;0000;0001;98053963;0500;099;099;099;099;099;099;099;1000040;1001040;0000;0000;0000;0000;10000;07;0;0;100;0;0;0;0;0;0;0;0;0;0;0;0;0;0;0;0;0;0;0;0;0;0;0;0;0;0;0000000000
8203;RatAide;0001;0202;1334;00;0041;0040;0000;0000;0013;0000;0000;0000;0000;0001;0009;0000;1000;0500;0037;32771;0060;0000;0001;98053976;0500;099;099;099;099;099;099;099;1000040;1001040;0000;0000;0000;0000;10000;08;0;0;100;0;0;0;0;0;0;0;0;0;0;0;0;0;0;0;0;0;0;0;0;0;0;0;0;0;0;0000000000
8204;EidolonWarden;0001;0202;2401;00;0047;0041;0000;0000;0015;0000;0000;0000;0000;0001;0009;0000;1000;0500;0042;32771;0072;0000;0001;98053987;0500;099;099;099;099;099;099;099;1000040;1001040;0000;0000;0000;0000;10000;09;0;0;100;0;0;0;0;0;0;0;0;0;0;0;0;0;0;0;0;0;0;0;0;0;0;0;0;0;0;0000000000
8205;MonkeyAide;0001;0156;2935;00;0071;0062;0000;0000;0016;0000;0000;0000;0000;0001;0009;0000;1000;0500;0047;32771;0012;0000;0001;98053998;0500;099;099;099;099;099;099;099;1000040;1001040;0000;0000;0000;0000;10000;10;0;0;100;0;0;0;0;0;0;0;0;0;0;0;0;0;0;0;0;0;0;0;0;0;0;0;0;0;0;0000000000
8206;GiantApeAide;0001;0156;3535;00;0077;0069;0000;0000;0018;0000;0000;0000;0000;0001;0009;0000;1000;0500;0052;32771;0015;0000;0001;98054009;0500;099;099;099;099;099;099;099;1000040;1001040;0000;0000;0000;0000;10000;11;0;0;100;0;0;0;0;0;0;0;0;0;0;0;0;0;0;0;0;0;0;0;0;0;0;0;0;0;0;0000000000
8207;ThunderApeAide;0001;0103;4202;00;0089;0080;0000;0000;0019;0000;0000;0000;0000;0001;0009;0000;1000;0500;0057;32771;0017;0000;0001;98054020;0500;099;099;099;099;099;099;099;1000040;1001040;0000;0000;0000;0000;10000;12;0;0;100;0;0;0;0;0;0;0;0;0;0;0;0;0;0;0;0;0;0;0;0;0;0;0;0;0;0;0000000000
8208;SnakemanAide;0001;0204;6337;00;0104;0095;0000;0000;0021;0000;0000;0000;0000;0001;0009;0000;1000;0500;0062;32771;0021;0000;0001;98054034;0500;099;099;099;099;099;099;099;1000040;1001040;0000;0000;0000;0000;10000;13;0;0;100;0;0;0;0;0;0;0;0;0;0;0;0;0;0;0;0;0;0;0;0;0;0;0;0;0;0;0000000000
8209;SandMonsterAide;0001;0171;7337;00;0367;0347;0000;0130;0022;0000;0000;0000;0000;0001;0009;0000;1000;0500;0067;32771;0025;0000;0003;98054044;0500;099;099;099;099;099;099;099;1000040;1001040;0000;0000;0000;0000;10000;14;0;0;100;0;0;0;0;0;0;0;0;0;0;0;0;0;0;0;0;0;0;0;0;0;0;0;0;0;0;0000000000
8210;HillMonsterAide;0001;0305;9338;00;0407;0380;0000;0130;0024;0000;0000;0000;0000;0001;0009;0000;1000;0500;0072;32771;0027;0000;0001;98054059;0500;099;099;099;099;099;099;099;1000040;1001040;0000;0000;0000;0000;10000;15;0;0;100;0;0;0;0;0;0;0;0;0;0;0;0;0;0;0;0;0;0;0;0;0;0;0;0;0;0;0000000000
8211;RockMonsterAide;0001;0305;11339;00;0467;0440;0000;0130;0025;0000;0000;0000;0000;0001;0009;0000;1000;0500;0077;32771;0030;0000;0001;98054081;0500;099;099;099;099;099;099;099;1000040;1001040;0000;0000;0000;0000;10000;16;0;0;100;0;0;0;0;0;0;0;0;0;0;0;0;0;0;0;0;0;0;0;0;0;0;0;0;0;0;0000000000
8212;BladeGhostAide;0001;0240;14674;00;0520;0494;0000;0130;0027;0000;0000;0000;0000;0001;0009;0000;1000;0500;0082;32771;0033;0000;0001;98054108;0500;099;099;099;099;099;099;099;1000040;1001040;0000;0000;0000;0000;10000;17;0;0;100;0;0;0;0;0;0;0;0;0;0;0;0;0;0;0;0;0;0;0;0;0;0;0;0;0;0;0000000000
8213;BirdmanAide;0001;0205;17342;00;0534;0514;0000;0130;0028;0000;0000;0000;0000;0001;0009;0000;1000;0500;0087;32771;0017;0000;0001;98054124;0500;099;099;099;099;099;099;099;1000040;1001040;0000;0000;0000;0000;10000;18;0;0;100;0;0;0;0;0;0;0;0;0;0;0;0;0;0;0;0;0;0;0;0;0;0;0;0;0;0;0000000000
8214;HawkAide;0001;0205;20010;00;0607;0580;0000;0130;0030;0000;0000;0000;0000;0001;0009;0000;1000;0500;0092;32771;0018;0000;0001;98054143;0500;099;099;099;099;099;099;099;1000040;1001040;0000;0000;0000;0000;10000;19;0;0;100;0;0;0;0;0;0;0;0;0;0;0;0;0;0;0;0;0;0;0;0;0;0;0;0;0;0;0000000000
8215;RobberAide;0001;0201;26680;00;0734;0680;0000;0130;0030;0000;0000;0000;0000;0001;0009;0000;1000;0500;0097;32771;0021;0000;0001;98054165;0500;099;099;099;099;099;099;099;1000040;1001040;0000;0000;0000;0000;10000;55;0;0;100;0;0;0;0;0;0;0;0;0;0;0;0;0;0;0;0;0;0;0;0;0;0;0;0;0;0;0000000000
8216;BatAide;0001;0206;45000;00;1250;1150;1375;0035;0033;0000;0000;0000;0000;0001;0009;0000;1000;0500;0102;32771;0021;0000;0003;98054192;0500;099;099;099;099;099;099;099;1000040;1001040;0000;0000;0000;0000;10000;20;0;0;100;0;0;0;0;0;0;0;0;0;0;0;0;0;0;0;0;0;0;0;0;0;0;0;0;0;0;0000000000
8217;BloodyBatAide;0001;0148;50000;00;1650;1550;1630;0130;0033;0000;0000;0000;0000;0001;0009;0000;1000;0500;0107;32771;0022;0000;0001;98054205;0500;099;099;099;099;099;099;099;1000040;1001040;0000;0000;0000;0000;10000;56;0;0;100;0;0;0;0;0;0;0;0;0;0;0;0;0;0;0;0;0;0;0;0;0;0;0;0;0;0;0000000000
8218;BullAide;0001;0317;55000;00;1900;1700;1979;0130;0035;0000;0000;0000;0000;0001;0009;0000;1000;0500;0112;32771;0024;0000;0001;98054230;0500;099;099;099;099;099;099;099;1000040;1001040;0000;0000;0000;0000;10000;57;0;0;100;0;0;0;0;0;0;0;0;0;0;0;0;0;0;0;0;0;0;0;0;0;0;0;0;0;0;0000000000
8219;DevilAide;0001;0197;60460;00;2250;2050;4000;0130;0037;0000;0000;0000;0000;0001;0009;0000;0700;0500;0117;32771;0027;0000;0001;98054245;0500;099;099;099;099;099;099;099;1000040;1001040;0000;0050;0000;0000;10000;58;0;0;100;0;0;0;0;0;0;0;0;0;0;0;0;0;0;0;0;0;0;0;0;0;0;0;0;0;0;0000000000
8300;GhostKing;0001;0233;1334;00;0027;0025;0000;0000;0018;0000;0000;0000;0000;0001;0009;0000;1000;0500;0022;32771;0036;0000;0001;98053950;0500;099;099;099;099;099;099;099;1000040;1001040;0000;0000;0000;0000;10000;05;0;0;100;0;0;0;0;0;0;0;0;0;0;0;0;0;0;0;0;0;0;0;0;0;0;0;0;0;0;0000000000
8301;WingedSnakeKing;0001;0258;26680;00;0033;0030;0000;0000;0019;0000;0000;0000;0000;0001;0009;0000;1000;0500;0027;32771;0045;0000;0001;98053958;0500;099;099;099;099;099;099;099;1000040;1001040;0000;0000;0000;0000;10000;06;0;0;100;0;0;0;0;0;0;0;0;0;0;0;0;0;0;0;0;0;0;0;0;0;0;0;0;0;0;0000000000
8302;BanditKing;0001;0201;30015;00;0040;0033;0000;0000;0021;0000;0000;0000;0000;0001;0009;0000;1000;0500;0032;32771;0051;0000;0001;98053964;0500;099;099;099;099;099;099;099;1000040;1001040;0000;0000;0000;0000;10000;07;0;0;100;0;0;0;0;0;0;0;0;0;0;0;0;0;0;0;0;0;0;0;0;0;0;0;0;0;0;0000000000
8303;RatKing;0001;0219;30015;00;0050;0045;0000;0000;0022;0000;0000;0000;0000;0001;0009;0000;1000;0500;0037;32771;0060;0000;0001;98053978;0500;099;099;099;099;099;099;099;1000040;1001040;0000;0000;0000;0000;10000;08;0;0;100;0;0;0;0;0;0;0;0;0;0;0;0;0;0;0;0;0;0;0;0;0;0;0;0;0;0;0000000000
8304;EidolonKing;0001;0219;3002;00;0055;0050;0000;0000;0024;0000;0000;0000;0000;0001;0009;0000;1000;0500;0042;32771;0072;0000;0001;98053986;0500;099;099;099;099;099;099;099;1000040;1001040;0000;0000;0000;0000;10000;09;0;0;100;0;0;0;0;0;0;0;0;0;0;0;0;0;0;0;0;0;0;0;0;0;0;0;0;0;0;0000000000
8305;MonkeyKing;0001;0156;30015;00;0082;0077;0000;0000;0025;0000;0000;0000;0000;0001;0009;0000;1000;0500;0047;32771;0012;0000;0001;98053996;0500;099;099;099;099;099;099;099;1000040;1001040;0000;0000;0000;0000;10000;10;0;0;100;0;0;0;0;0;0;0;0;0;0;0;0;0;0;0;0;0;0;0;0;0;0;0;0;0;0;0000000000
8306;GiantApeKing;0001;0156;30015;00;0093;0089;0000;0000;0027;0000;0000;0000;0000;0001;0009;0000;1000;0500;0052;32771;0015;0000;0001;98054008;0500;099;099;099;099;099;099;099;1000040;1001040;0000;0094;0000;0000;10000;11;0;0;100;0;0;0;0;0;0;0;0;0;0;0;0;0;0;0;0;0;0;0;0;0;0;0;0;0;0;0000000000
8307;ThunderApeKing;0001;0103;30015;00;0107;0102;0000;0000;0028;0000;0000;0000;0000;0001;0009;0000;1000;0500;0057;32771;0017;0000;0001;98054018;0500;099;099;099;099;099;099;099;1000040;1001040;0000;0094;0000;0000;10000;12;0;0;100;0;0;0;0;0;0;0;0;0;0;0;0;0;0;0;0;0;0;0;0;0;0;0;0;0;0;0000000000
8308;SnakemanKing;0001;0204;30682;00;0122;0117;0000;0000;0030;0000;0000;0000;0000;0001;0009;0000;1000;0500;0062;32771;0021;0000;0003;98054035;0500;099;099;099;099;099;099;099;1000040;1001040;0000;0095;0000;0000;10000;13;0;0;100;0;0;0;0;0;0;0;0;0;0;0;0;0;0;0;0;0;0;0;0;0;0;0;0;0;0;0000000000
8309;SandMonsterKing;0001;0171;31349;00;0420;0407;0000;0035;0030;0000;0000;0000;0000;0001;0009;0000;1000;0500;0067;32771;0025;0000;0005;98054045;0500;099;099;099;099;099;099;099;1000040;1001040;0000;0093;0000;0000;10000;14;0;0;100;0;0;0;0;0;0;0;0;0;0;0;0;0;0;0;0;0;0;0;0;0;0;0;0;0;0;0000000000
8310;HillMonsterKing;0001;0305;31349;00;0460;0447;0000;0035;0033;0000;0000;0000;0000;0001;0009;0000;1000;0500;0072;32771;0027;0000;0003;98054057;0500;099;099;099;099;099;099;099;1000040;1001040;0000;0093;0000;0000;10000;15;0;0;100;0;0;0;0;0;0;0;0;0;0;0;0;0;0;0;0;0;0;0;0;0;0;0;0;0;0;0000000000
8311;RockMonsterKing;0001;0305;32016;00;0520;0507;0000;0040;0033;0000;0000;0000;0000;0001;0009;0000;1000;0500;0077;32771;0030;0000;0003;98054080;0500;099;099;099;099;099;099;099;1000040;1001040;0000;0093;0000;0000;10000;16;0;0;100;0;0;0;0;0;0;0;0;0;0;0;0;0;0;0;0;0;0;0;0;0;0;0;0;0;0;0000000000
8312;BladeGhostKing;0001;0240;33350;00;0574;0560;0000;0040;0035;0000;0000;0000;0000;0001;0009;0000;1000;0500;0082;32771;0033;0000;0001;98054107;0500;099;099;099;099;099;099;099;1000040;1001040;0000;0092;0000;0000;10000;17;0;0;100;0;0;0;0;0;0;0;0;0;0;0;0;0;0;0;0;0;0;0;0;0;0;0;0;0;0;0000000000
8313;BirdmanKing;0001;0205;40327;00;0587;0587;0000;0050;0037;0000;0000;0000;0000;0001;0009;0000;1000;0500;0087;32771;0017;0000;0001;98054125;0500;099;099;099;099;099;099;099;1000040;1001040;0000;0090;0000;0000;10000;18;0;0;100;0;0;0;0;0;0;0;0;0;0;0;0;0;0;0;0;0;0;0;0;0;0;0;0;0;0;0000000000
8314;HawkBoss;0001;0205;43712;00;0660;0660;0000;0050;0037;0000;0000;0000;0000;0001;0009;0000;1000;0500;0092;32771;0018;0000;0001;98054141;0500;099;099;099;099;099;099;099;1000040;1001040;0000;0091;0000;0000;10000;19;0;0;100;0;0;0;0;0;0;0;0;0;0;0;0;0;0;0;0;0;0;0;0;0;0;0;0;0;0;0000000000
8315;RobberKing;0001;0201;43712;00;0767;0767;0000;0053;0039;0000;0000;0000;0000;0001;0009;0000;1000;0500;0097;32771;0021;0000;0001;98054164;0500;099;099;099;099;099;099;099;1000040;1001040;0000;0091;0000;0000;10000;55;0;0;100;0;0;0;0;0;0;0;0;0;0;0;0;0;0;0;0;0;0;0;0;0;0;0;0;0;0;0000000000
8316;BatKing;0001;0206;65535;00;1350;1350;30000;0055;0041;0000;0000;0000;0000;0001;0009;0000;1000;0500;0102;32771;0021;0000;0003;98054193;0500;099;099;099;099;099;099;099;1000040;1001040;0000;0091;0000;0000;10000;20;0;0;100;0;0;0;0;0;0;0;0;0;0;0;0;0;0;0;0;0;0;0;0;0;0;0;0;0;0;0000000000
8317;BloodyWing;0001;0148;65535;00;1750;1750;30000;0063;0043;0000;0000;0000;0000;0001;0009;0000;1000;0500;0107;32771;0022;0000;0001;98054206;0500;099;099;099;099;099;099;099;1000040;1001040;0000;0092;0000;0000;10000;56;0;0;100;0;0;0;0;0;0;0;0;0;0;0;0;0;0;0;0;0;0;0;0;0;0;0;0;0;0;0000000000
8318;BullKing;0001;0317;65535;00;2000;2000;30000;0070;0045;0000;0000;0000;0000;0001;0009;0000;1000;0500;0112;32771;0024;0000;0003;98054228;0500;099;099;099;099;099;099;099;1000040;1001040;0000;0092;0000;0000;10000;57;0;0;100;0;0;0;0;0;0;0;0;0;0;0;0;0;0;0;0;0;0;0;0;0;0;0;0;0;0;0000000000
8319;EvilLord;0001;0197;65535;00;2400;2250;40000;0070;0047;0000;0000;0000;0000;0001;0009;0000;0600;0500;0117;32771;0027;0000;0001;98054247;0500;099;099;099;099;099;099;099;1000040;1001040;0000;0092;0000;0000;10000;58;0;0;100;0;0;0;0;0;0;0;0;0;0;0;0;0;0;0;0;0;0;0;0;0;0;0;0;0;0;0000000000
8415;MeteorDove;0001;0304;10000;00;2000;2000;0000;0010;0075;0000;0000;0000;0000;0005;0008;0000;1000;0500;0032;32771;0000;0000;0001;98053965;0500;099;099;099;099;099;099;099;1000010;1001010;1000;0010;0100;0000;1000;00;0;0;100;0;0;0;0;0;0;0;0;0;0;0;0;0;0;0;0;0;0;0;0;0;0;0;0;0;0;0000000000
8416;MeteorDove;0001;0304;10000;00;0089;0081;0000;0010;0075;0000;0000;0000;0000;0001;0008;0000;1000;0500;0032;32771;0000;0000;0001;98053966;0500;099;099;099;099;099;099;099;1000010;1001010;1000;0020;0100;0000;10000;00;0;0;100;0;0;0;0;0;0;0;0;0;0;0;0;0;0;0;0;0;0;0;0;0;0;0;0;0;0;0000000000
8417;EvilGhost;0001;0274;48944;00;0500;0500;1000;0013;0086;0000;0000;0000;0000;0002;0018;0000;1000;0500;0103;32771;0150;0000;0001;98054200;0100;004;009;004;009;010;001;005;1002020;1001020;1000;0020;0050;0000;10000;00;0;0;100;0;0;0;0;0;0;0;0;0;0;0;0;0;0;0;0;0;0;0;0;0;0;0;0;0;0;0000000000
8418;NightDevil;0001;0277;60460;00;2000;2000;3000;0019;0086;0000;0000;0000;0000;0001;0010;0000;1000;1000;0120;32771;0150;0000;0001;98054267;0400;004;009;004;009;010;001;005;1002020;1001020;1000;0020;0050;0000;10000;00;0;0;100;0;0;0;0;0;0;0;0;0;0;0;0;0;0;0;0;0;0;0;0;0;0;0;0;0;0;0000000000
8419;WaterDevil;0001;0273;30000;00;0700;0700;1200;0019;0086;0000;0000;0000;0000;0001;0010;0000;1000;1000;0120;32771;0000;0000;0001;98054268;0400;099;099;099;099;099;099;099;1002020;1001020;1000;0020;0100;0000;10000;00;0;0;100;0;0;0;0;0;0;0;0;0;0;0;0;0;0;0;0;0;0;0;0;0;0;0;0;0;0;0000000000
8420;WaterDevil;0001;0273;30000;00;4000;3000;0000;0019;0086;0000;0000;0000;0000;0001;0010;0000;1000;1000;0120;32771;0000;0000;0001;98054269;0400;099;099;099;099;099;099;099;1002020;1001020;0000;0000;0000;0000;1000;00;0;0;100;0;0;0;0;0;0;0;0;0;0;0;0;0;0;0;0;0;0;0;0;0;0;0;0;0;0;0000000000
8421;WaterDevil;0001;0273;30000;00;60000;60000;1200;0019;0086;0000;0000;0000;0000;0010;0015;0000;1000;1000;0120;32771;0180;0000;0001;98054270;0400;009;021;009;021;021;009;009;1002020;1001020;1000;0060;0100;0000;10000;00;0;0;100;0;0;0;0;0;0;0;0;0;0;0;0;0;0;0;0;0;0;0;0;0;0;0;0;0;0;0000000000
8422;WaterDevil;0001;0273;30000;00;5785;4875;1200;0019;0086;0000;0000;0000;0000;0005;0015;0000;2000;1000;0120;32771;0120;0000;0001;98054271;0400;099;099;099;099;099;099;099;1002020;1001020;0000;0060;0000;0000;10000;00;0;0;100;0;0;0;0;0;0;0;0;0;0;0;0;0;0;0;0;0;0;0;0;0;0;0;0;0;0;0000000000
8500;WaterLord;0001;0273;60000;00;1400;1400;2400;0019;0086;0000;0000;0000;0000;0001;0010;0000;1000;1000;0120;32771;0000;0000;0001;98054273;0400;099;099;099;099;099;099;099;1002020;1001020;1000;0040;0100;0000;1000;00;0;200;100;2000;0;0;0;0;0;0;0;0;0;0;0;0;0;0;0;0;0;0;0;0;0;0;0;0;0;0000000000
9000;IronEscort;0000;0900;10000;00;0741;0741;0405;0100;0045;0000;0000;0000;0000;0008;0015;0000;1000;0050;0070;32807;0000;0000;0001;0000;0050;099;099;099;099;099;099;099;0000;0000;1000;0000;0100;0001;10000;00;0;0;100;0;0;0;0;0;0;0;0;0;0;0;0;0;0;0;0;0;0;0;0;0;0;0;0;0;0;0000000000
9001;CopperEscort;0000;0900;20000;00;1347;1347;0707;0100;0055;0000;0000;0000;0000;0008;0015;0000;1000;0050;0090;32807;0000;0000;0001;0000;0050;099;099;099;099;099;099;099;0000;0000;1001;0000;0100;0001;10000;00;0;0;100;0;0;0;0;0;0;0;0;0;0;0;0;0;0;0;0;0;0;0;0;0;0;0;0;0;0;0000000000
9002;SilverEscort;0000;0900;35000;00;2384;2384;1505;0100;0065;0000;0000;0000;0000;0008;0015;0000;1000;0050;0110;32807;0000;0000;0001;0000;0050;099;099;099;099;099;099;099;0000;0000;1001;0000;0100;0001;10000;00;0;0;100;0;0;0;0;0;0;0;0;0;0;0;0;0;0;0;0;0;0;0;0;0;0;0;0;0;0;0000000000
9003;GoldEscort;0000;0900;60000;00;3231;3231;1680;0100;0075;0000;0000;0000;0000;0008;0015;0000;1000;0050;0120;32807;0000;0000;0001;0000;0050;099;099;099;099;099;099;099;0000;0000;1002;0000;0100;0001;10000;00;0;0;100;0;0;0;0;0;0;0;0;0;0;0;0;0;0;0;0;0;0;0;0;0;0;0;0;0;0;0000000000
9005;GhostBat;0000;0148;3000;00;0028;0028;0050;0100;0000;0000;0000;0000;0000;0005;0015;0000;2000;0050;0015;32807;0000;0000;0001;0000;0050;099;099;099;099;099;099;099;0000;0000;4030;0050;0000;0002;10000;00;0;0;100;0;0;0;0;0;0;0;0;0;0;0;0;0;0;0;0;0;0;0;0;0;0;0;0;0;0;0000000000
9006;FastBat;0000;0148;6000;00;0066;0066;0200;0100;0000;0000;0000;0000;0000;0005;0015;0000;2000;0050;0040;32807;0000;0000;0001;0000;0050;099;099;099;099;099;099;099;0000;0000;4030;0060;0000;0002;10000;00;0;0;100;0;0;0;0;0;0;0;0;0;0;0;0;0;0;0;0;0;0;0;0;0;0;0;0;0;0;0000000000
9007;SwiftBat;0000;0148;15000;00;0195;0195;0800;0100;0000;0000;0000;0000;0000;0005;0015;0000;2000;0050;0070;32807;0000;0000;0001;0000;0050;099;099;099;099;099;099;099;0000;0000;4030;0070;0000;0002;10000;00;0;0;100;0;0;0;0;0;0;0;0;0;0;0;0;0;0;0;0;0;0;0;0;0;0;0;0;0;0;0000000000
9008;MagicBat;0000;0148;30000;00;0448;0448;1500;0100;0000;0000;0000;0000;0000;0005;0015;0000;2000;0050;0100;32807;0000;0000;0001;0000;0050;099;099;099;099;099;099;099;0000;0000;4030;0070;0000;0002;10000;00;0;0;100;0;0;0;0;0;0;0;0;0;0;0;0;0;0;0;0;0;0;0;0;0;0;0;0;0;0;0000000000
9010;GhostBatBoss;0000;0248;10000;00;0028;0028;0050;0100;0000;0000;0000;0000;0000;0005;0015;0000;2000;0050;0015;32807;0000;0000;0001;0000;0050;099;099;099;099;099;099;099;0000;0000;4030;0050;0000;0002;10000;00;0;0;100;0;0;0;0;0;0;0;0;0;0;0;0;0;0;0;0;0;0;0;0;0;0;0;0;0;0;0000000000
9011;FastBatBoss;0000;0248;20000;00;0066;0066;0200;0100;0000;0000;0000;0000;0000;0005;0015;0000;2000;0050;0040;32807;0000;0000;0001;0000;0050;099;099;099;099;099;099;099;0000;0000;4030;0060;0000;0002;10000;00;0;0;100;0;0;0;0;0;0;0;0;0;0;0;0;0;0;0;0;0;0;0;0;0;0;0;0;0;0;0000000000
9012;SwiftBatBoss;0000;0248;35000;00;0195;0195;0800;0100;0000;0000;0000;0000;0000;0005;0015;0000;2000;0050;0070;32807;0000;0000;0001;0000;0050;099;099;099;099;099;099;099;0000;0000;4030;0070;0000;0002;10000;00;0;0;100;0;0;0;0;0;0;0;0;0;0;0;0;0;0;0;0;0;0;0;0;0;0;0;0;0;0;0000000000
9013;MagicBatBoss;0000;0248;60000;00;0448;0448;1500;0100;0000;0000;0000;0000;0000;0005;0015;0000;2000;0050;0100;32807;0000;0000;0001;0000;0050;099;099;099;099;099;099;099;0000;0000;4030;0070;0000;0002;10000;00;0;0;100;0;0;0;0;0;0;0;0;0;0;0;0;0;0;0;0;0;0;0;0;0;0;0;0;0;0;0000000000
9015;EvilBatA;0000;0206;3000;00;0014;0014;0050;0100;0030;0000;0000;0000;0000;0001;0015;0000;2000;0050;0015;32807;0000;0000;0003;0000;0050;099;099;099;099;099;099;099;0000;0000;4040;0000;0000;0001;10000;00;0;0;100;0;0;0;0;0;0;0;0;0;0;0;0;0;0;0;0;0;0;0;0;0;0;0;0;0;0;0000000000
9016;EvilBatB;0000;0206;6000;00;0050;0030;0200;0100;0040;0000;0000;0000;0000;0001;0015;0000;2000;0050;0040;32807;0000;0000;0003;0000;0050;099;099;099;099;099;099;099;0000;0000;4040;0000;0000;0001;10000;00;0;0;100;0;0;0;0;0;0;0;0;0;0;0;0;0;0;0;0;0;0;0;0;0;0;0;0;0;0;0000000000
9017;EvilBatC;0000;0206;15000;00;0090;0050;0800;0100;0050;0000;0000;0000;0000;0001;0015;0000;2000;0050;0070;32807;0000;0000;0003;0000;0050;099;099;099;099;099;099;099;0000;0000;4040;0000;0000;0001;10000;00;0;0;100;0;0;0;0;0;0;0;0;0;0;0;0;0;0;0;0;0;0;0;0;0;0;0;0;0;0;0000000000
9018;EvilBatD;0000;0206;30000;00;0130;0070;1500;0100;0060;0000;0000;0000;0000;0001;0015;0000;2000;0050;0100;32807;0000;0000;0003;0000;0050;099;099;099;099;099;099;099;0000;0000;4040;0000;0000;0001;10000;00;0;0;100;0;0;0;0;0;0;0;0;0;0;0;0;0;0;0;0;0;0;0;0;0;0;0;0;0;0;0000000000
9020;FireRatA;0000;0209;3000;00;0016;0016;0050;0100;0050;0000;0000;0000;0000;0008;0015;0000;0700;0050;0015;32807;0000;0000;0001;0000;0050;099;099;099;099;099;099;099;0000;0000;1150;0000;0100;0004;10000;00;0;0;100;0;0;0;0;0;0;0;0;0;0;0;0;0;0;0;0;0;0;0;0;0;0;0;0;0;0;0000000000
9021;FireRatB;0000;0209;6000;00;0060;0060;0300;0100;0060;0000;0000;0000;0000;0008;0015;0000;0700;0050;0040;32807;0000;0000;0001;0000;0050;099;099;099;099;099;099;099;0000;0000;1150;0000;0100;0004;10000;00;0;0;100;0;0;0;0;0;0;0;0;0;0;0;0;0;0;0;0;0;0;0;0;0;0;0;0;0;0;0000000000
9022;FireRatC;0000;0209;15000;00;0130;0130;1000;0100;0070;0000;0000;0000;0000;0008;0015;0000;0700;0050;0070;32807;0000;0000;0001;0000;0050;099;099;099;099;099;099;099;0000;0000;1150;0000;0100;0004;10000;00;0;0;100;0;0;0;0;0;0;0;0;0;0;0;0;0;0;0;0;0;0;0;0;0;0;0;0;0;0;0000000000
9023;FireRatD;0000;0209;30000;00;0400;0400;2000;0100;0080;0000;0000;0000;0000;0008;0015;0000;0700;0050;0100;32807;0000;0000;0001;0000;0050;099;099;099;099;099;099;099;0000;0000;1150;0000;0100;0004;10000;00;0;0;100;0;0;0;0;0;0;0;0;0;0;0;0;0;0;0;0;0;0;0;0;0;0;0;0;0;0;0000000000
9025;SkeletonA;0000;0211;10000;00;0014;0014;0050;0100;0050;0000;0000;0000;0000;0003;0015;0000;1500;0050;0015;32807;0000;0000;0001;0000;0050;099;099;099;099;099;099;099;0000;0000;0000;0000;0100;0005;10000;00;0;0;100;0;0;0;0;0;0;0;0;0;0;0;0;0;0;0;0;0;0;0;0;0;0;0;0;0;0;0000000000
9026;SkeletonB;0000;0211;20000;00;0050;0030;0300;0100;0060;0000;0000;0000;0000;0003;0015;0000;1500;0050;0040;32807;0000;0000;0001;0000;0050;099;099;099;099;099;099;099;0000;0000;0000;0000;0100;0005;10000;00;0;0;100;0;0;0;0;0;0;0;0;0;0;0;0;0;0;0;0;0;0;0;0;0;0;0;0;0;0;0000000000
9027;SkeletonC;0000;0211;35000;00;0090;0050;1500;0100;0070;0000;0000;0000;0000;0003;0015;0000;1500;0050;0070;32807;0000;0000;0001;0000;0050;099;099;099;099;099;099;099;0000;0000;0000;0000;0100;0005;10000;00;0;0;100;0;0;0;0;0;0;0;0;0;0;0;0;0;0;0;0;0;0;0;0;0;0;0;0;0;0;0000000000
9028;SkeletonD;0000;0211;60000;00;0130;0070;2000;0100;0080;0000;0000;0000;0000;0003;0015;0000;1500;0050;0100;32807;0000;0000;0001;0000;0050;099;099;099;099;099;099;099;0000;0000;0000;0000;0100;0005;10000;00;0;0;100;0;0;0;0;0;0;0;0;0;0;0;0;0;0;0;0;0;0;0;0;0;0;0;0;0;0;0000000000
7860;BigCrystal;0000;0916;0080;00;0001;0001;1000000;0000;0000;0000;0000;0000;0000;0002;0000;0000;0000;0000;0000;819264;0000;0000;0002;9700000;0000;000;000;000;000;000;000;000;0000;0000;0000;0000;0100;0000;0001;00;0;0;0;0;0;0;0;0;0;0;0;0;0;0;0;20000;0;0;0;50000;0;0;0;0;0;0;0;0;0;0000000000
7861;SmallCrystal;0000;0916;0020;00;0001;0001;1000000;0000;0000;0000;0000;0000;0000;0002;0000;0000;0000;0000;0000;819264;0000;0000;0002;9700000;0000;000;000;000;000;000;000;000;0000;0000;0000;0000;0100;0000;0001;00;0;0;0;0;0;0;0;0;0;0;0;0;0;0;0;20000;0;0;0;50000;0;0;0;0;0;0;0;0;0;0000000000
7854;WarriorofRage;0001;0954;50000;00;2400;1650;0000;0036;0086;0000;0000;0000;0000;0001;0010;0000;1000;1000;0132;294915;0000;0000;0001;9700000;0500;000;000;000;000;000;000;000;0000;0000;0000;0000;0000;0000;10000;61;0;0;100;0;0;0;0;0;0;0;0;0;0;0;0;0;0;0;0;0;0;0;0;0;0;0;0;0;0;0000000000
7889;AzureDragonDefender;0001;0255;50000;00;2400;1650;0000;0036;0036;0000;0000;0000;0000;0001;0010;0000;1000;1000;0132;294915;0000;0000;0001;9700000;0500;000;000;000;000;000;000;000;0000;0000;0000;0000;0000;0000;10000;61;0;0;100;0;0;0;0;0;0;0;0;0;0;0;0;0;0;0;0;0;0;0;0;0;0;0;0;0;0;0000000000
7890;WhiteTigerDefender;0001;0384;50000;00;2400;1650;0000;0036;0036;0000;0000;0000;0000;0001;0010;0000;1000;1000;0132;294915;0000;0000;0001;9700000;0500;000;000;000;000;000;000;000;0000;0000;0000;0000;0000;0000;10000;61;0;0;100;0;0;0;0;0;0;0;0;0;0;0;0;0;0;0;0;0;0;0;0;0;0;0;0;0;0;0000000000
7891;VermilionBirdDefender;0001;0197;50000;00;2400;1650;0000;0036;0036;0000;0000;0000;0000;0001;0010;0000;1000;1000;0132;294915;0000;0000;0001;9700000;0500;000;000;000;000;000;000;000;0000;0000;0000;0000;0000;0000;10000;61;0;0;100;0;0;0;0;0;0;0;0;0;0;0;0;0;0;0;0;0;0;0;0;0;0;0;0;0;0;0000000000
7892;BlackTurtleDefender;0001;0168;50000;00;2400;1650;0000;0036;0036;0000;0000;0000;0000;0001;0010;0000;1000;1000;0132;294915;0000;0000;0001;9700000;0500;000;000;000;000;000;000;000;0000;0000;0000;0000;0000;0000;10000;61;0;0;100;0;0;0;0;0;0;0;0;0;0;0;0;0;0;0;0;0;0;0;0;0;0;0;0;0;0;0000000000
7881;HungryGoblin;0001;0268;50000;00;0001;0001;0900;0019;0086;0000;0000;0000;0000;0001;0010;0000;1000;0500;0140;32771;0000;0000;0001;0000;0300;000;000;000;000;000;000;000;0000;0000;0000;0000;0000;0000;10000;00;0;0;0;0;0;0;0;0;0;0;0;0;0;0;0;0;0;0;0;0;0;0;0;0;0;0;0;0;0;0000000000
7882;Maniac;0001;0917;5000000;00;0001;0001;0900;0019;0086;0000;0000;0000;0000;0001;0010;0000;1000;0500;0140;32771;0000;0000;0001;0000;0300;000;000;000;000;000;000;000;0000;0000;0000;0000;0000;0000;10000;00;0;0;0;0;0;0;0;0;0;0;0;0;0;0;0;0;0;0;0;0;0;0;0;0;0;0;0;0;0;0000000000
7883;AlluringWitch;0001;0919;22500000;00;3200;2700;0900;0019;0086;0000;0000;0000;0000;0001;0010;0000;1000;0500;0140;32771;0000;0000;0001;9700010;0300;000;000;000;000;000;000;000;0000;0000;0000;0000;0000;0000;10000;00;0;0;0;0;0;0;0;0;0;0;0;0;0;0;0;0;0;0;0;0;0;0;0;0;0;0;0;0;0;0000000000
7884;DarkCrystalofSky;0001;0916;5000000;00;1000;1000;0900;0019;0086;0000;0000;0000;0000;0020;0010;0000;1000;0500;0140;32835;0000;0000;0001;9700012;0300;000;000;000;000;000;000;000;0000;0000;0000;0000;0000;0000;10000;00;0;0;0;0;0;0;0;0;0;0;0;0;0;0;0;0;0;0;0;0;0;0;0;0;0;0;0;0;0;0000000000
7971;DarkCrystalofWind;0001;0916;5000000;00;1000;1000;0900;0019;0086;0000;0000;0000;0000;0020;0010;0000;1000;0500;0140;32835;0000;0000;0001;9700012;0300;000;000;000;000;000;000;000;0000;0000;0000;0000;0000;0000;10000;00;0;0;0;0;0;0;0;0;0;0;0;0;0;0;0;0;0;0;0;0;0;0;0;0;0;0;0;0;0;0000000000
7972;ThunderCrystal;0001;0916;5000000;00;1000;1000;0900;0019;0086;0000;0000;0000;0000;0020;0010;0000;1000;0500;0140;32835;0000;0000;0001;9700012;0300;000;000;000;000;000;000;000;0000;0000;0000;0000;0000;0000;10000;00;0;0;0;0;0;0;0;0;0;0;0;0;0;0;0;0;0;0;0;0;0;0;0;0;0;0;0;0;0;0000000000
7973;DarkCrystalofFire;0001;0916;5000000;00;1000;1000;0900;0019;0086;0000;0000;0000;0000;0020;0010;0000;1000;0500;0140;32835;0000;0000;0001;9700012;0300;000;000;000;000;000;000;000;0000;0000;0000;0000;0000;0000;10000;00;0;0;0;0;0;0;0;0;0;0;0;0;0;0;0;0;0;0;0;0;0;0;0;0;0;0;0;0;0;0000000000
7896;RealmSoldier;0001;0900;50000;00;2400;1650;0000;0036;0086;0000;0000;0000;0000;0001;0010;0000;1000;1000;0132;294915;0000;0000;0001;9700000;0500;000;000;000;000;000;000;000;0000;0000;0000;0000;0000;0000;10000;61;0;0;100;0;0;0;0;0;0;0;0;0;0;0;0;0;0;0;0;0;0;0;0;0;0;0;0;0;0;0000000000
7897;MilitaryOfficerofRealm;0001;0910;100000;00;4800;3300;0000;0036;0086;0000;0000;0000;0000;0001;0010;0000;1000;1000;0132;294915;0000;0000;0001;9700000;0500;000;000;000;000;000;000;000;0000;0000;0000;0000;0000;0000;10000;61;0;0;100;0;0;0;0;0;0;0;0;0;0;0;0;0;0;0;0;0;0;0;0;0;0;0;0;0;0;0000000000
7898;KylinChariot;0001;0788;100000;00;2500;1800;0000;0036;0086;0000;0000;0000;0000;0020;0010;0000;1000;1000;0132;294915;0000;0000;0001;9700000;0500;000;000;000;000;000;000;000;0000;0000;0000;0000;0000;0000;10000;61;0;0;100;0;0;0;0;0;0;0;0;0;0;0;0;0;0;0;0;0;0;0;0;0;0;0;0;0;0;0000000000
7901;AzureDragon;0001;0315;30000;00;20000;15000;7000;0050;0085;0000;0000;0000;0000;0015;0015;0000;1000;1000;0140;32803;0000;0000;0001;0000;0500;000;000;000;000;000;000;000;0000;0000;12631;0000;0100;0000;10000;00;0;350;100;0;0;0;0;0;0;0;0;0;0;0;0;100000;0;0;0;0;0;0;0;0;0;0;0;0;0;0000000000
7903;Lv.1GeneralCat;0001;0921;9999;00;0003;0002;99999;0000;0036;0000;0000;0000;0000;0001;0006;0000;1000;0500;0001;32780;0000;0000;0000;0000;0500;099;099;099;099;099;099;099;1000000;1001000;0000;0000;0000;0000;0001;01;0;0;100;0;0;0;0;0;0;0;0;0;0;0;0;0;0;0;0;0;0;0;0;0;0;0;0;0;0;0000000000
4264;Thundercloud;0001;0980;0025;00;0000;0000;0000;0000;0000;0000;0000;0000;0000;0014;0000;0000;0800;0000;0140;262144;0000;0000;0001;0000;0000;000;000;000;000;000;000;000;0000;0000;13190;0000;0100;0000;10000;00;0;0;0;0;0;0;0;0;0;0;0;0;0;0;0;0;0;0;0;0;0;0;0;0;0;0;0;0;0;0000000006
7752;SuperIronChest(Normal);0001;0464;160000;00;0000;0000;0000;0030;0086;0000;0000;0000;0000;0001;0010;0000;1000;0500;0135;819265;0000;0000;0002;94416550;0000;000;000;000;000;000;000;000;0000;0000;0000;0000;0100;0000;10000;00;0;0;0;0;0;0;0;0;0;0;0;0;0;0;0;0;0;0;0;0;0;0;0;0;0;0;0;0;0;0000000000
7753;EpicIronChest(Normal);0001;0464;180000;00;0000;0000;0000;0030;0086;0000;0000;0000;0000;0001;0010;0000;1000;0500;0135;819265;0000;0000;0002;94416550;0000;000;000;000;000;000;000;000;0000;0000;0000;0000;0100;0000;10000;00;0;0;0;0;0;0;0;0;0;0;0;0;0;0;0;0;0;0;0;0;0;0;0;0;0;0;0;0;0;0000000000
7754;CommonBronzeChest(Normal);0001;0465;200000;00;0000;0000;0000;0030;0086;0000;0000;0000;0000;0001;0010;0000;1000;0500;0135;819265;0000;0000;0002;94416550;0000;000;000;000;000;000;000;000;0000;0000;0000;0000;0100;0000;10000;00;0;0;0;0;0;0;0;0;0;0;0;0;0;0;0;0;0;0;0;0;0;0;0;0;0;0;0;0;0;0000000000
7755;EliteBronzeChest(Normal);0001;0465;220000;00;0000;0000;0000;0030;0086;0000;0000;0000;0000;0001;0010;0000;1000;0500;0135;819265;0000;0000;0002;94416550;0000;000;000;000;000;000;000;000;0000;0000;0000;0000;0100;0000;10000;00;0;0;0;0;0;0;0;0;0;0;0;0;0;0;0;0;0;0;0;0;0;0;0;0;0;0;0;0;0;0000000000
7756;SuperBronzeChest(Normal);0001;0465;240000;00;0000;0000;0000;0030;0086;0000;0000;0000;0000;0001;0010;0000;1000;0500;0135;819265;0000;0000;0002;94416550;0000;000;000;000;000;000;000;000;0000;0000;0000;0000;0100;0000;10000;00;0;0;0;0;0;0;0;0;0;0;0;0;0;0;0;0;0;0;0;0;0;0;0;0;0;0;0;0;0;0000000000
7757;EpicBronzeChest(Normal);0001;0465;260000;00;0000;0000;0000;0030;0086;0000;0000;0000;0000;0001;0010;0000;1000;0500;0135;819265;0000;0000;0002;94416550;0000;000;000;000;000;000;000;000;0000;0000;0000;0000;0100;0000;10000;00;0;0;0;0;0;0;0;0;0;0;0;0;0;0;0;0;0;0;0;0;0;0;0;0;0;0;0;0;0;0000000000
7758;CommonIronKnight(Normal);0001;0165;60000;00;2400;2000;2200;0060;0086;0000;0000;0000;0000;0009;0010;0000;1000;0500;0135;294915;0000;0000;0002;94416550;0000;000;000;000;000;000;000;000;0000;0000;0000;0000;0100;0000;8000;00;0;0;0;0;0;0;0;0;0;0;0;0;0;0;0;0;0;0;0;0;0;0;0;0;0;0;0;0;0;0000000000
7759;EliteIronKnight(Normal);0001;0160;70000;00;2450;2050;2250;0060;0086;0000;0000;0000;0000;0009;0010;0000;1000;0500;0135;294915;0000;0000;0002;94416550;0000;000;000;000;000;000;000;000;0000;0000;0000;0000;0100;0000;8000;00;0;0;0;0;0;0;0;0;0;0;0;0;0;0;0;0;0;0;0;0;0;0;0;0;0;0;0;0;0;0000000000
7760;SuperIronKnight(Normal);0001;0956;80000;00;2500;2100;2300;0060;0086;0000;0000;0000;0000;0009;0010;0000;1000;0500;0135;294915;0000;0000;0002;94416550;0000;000;000;000;000;000;000;000;0000;0000;0000;0000;0100;0000;8000;00;0;0;0;0;0;0;0;0;0;0;0;0;0;0;0;0;0;0;0;0;0;0;0;0;0;0;0;0;0;0000000000
7761;EpicIronKnight(Normal);0001;0210;90000;00;2550;2150;2350;0060;0086;0000;0000;0000;0000;0009;0010;0000;1000;0500;0135;294915;0000;0000;0002;94416550;0000;000;000;000;000;000;000;000;0000;0000;0000;0000;0100;0000;8000;00;0;0;0;0;0;0;0;0;0;0;0;0;0;0;0;0;0;0;0;0;0;0;0;0;0;0;0;0;0;0000000000
7762;CommonBronzeKnight(Normal);0001;0211;100000;00;2600;2200;2400;0060;0086;0000;0000;0000;0000;0009;0010;0000;1000;0500;0135;294915;0000;0000;0002;94416550;0000;000;000;000;000;000;000;000;0000;0000;0000;0000;0100;0000;8000;00;0;0;0;0;0;0;0;0;0;0;0;0;0;0;0;0;0;0;0;0;0;0;0;0;0;0;0;0;0;0000000000
7763;EliteBronzeKnight(Normal);0001;0160;110000;00;2650;2250;2450;0060;0086;0000;0000;0000;0000;0009;0010;0000;1000;0500;0135;294915;0000;0000;0002;94416550;0000;000;000;000;000;000;000;000;0000;0000;0000;0000;0100;0000;8000;00;0;0;0;0;0;0;0;0;0;0;0;0;0;0;0;0;0;0;0;0;0;0;0;0;0;0;0;0;0;0000000000
7764;SuperBronzeKnight(Normal);0001;0957;120000;00;2700;2300;2500;0060;0086;0000;0000;0000;0000;0009;0010;0000;1000;0500;0135;294915;0000;0000;0002;94416550;0000;000;000;000;000;000;000;000;0000;0000;0000;0000;0100;0000;8000;00;0;0;0;0;0;0;0;0;0;0;0;0;0;0;0;0;0;0;0;0;0;0;0;0;0;0;0;0;0;0000000000
7765;EpicBronzeKnight(Normal);0001;0397;130000;00;2750;2350;2550;0060;0086;0000;0000;0000;0000;0009;0010;0000;1000;0500;0135;294915;0000;0000;0002;94416550;0000;000;000;000;000;000;000;000;0000;0000;0000;0000;0100;0000;8000;00;0;0;0;0;0;0;0;0;0;0;0;0;0;0;0;0;0;0;0;0;0;0;0;0;0;0;0;0;0;0000000000
7766;PhantomofDarkKing;0001;0951;3400000;00;4000;3500;4000;0080;0086;0000;0000;0000;0000;0015;0020;0000;1000;0500;0135;819203;0000;0000;0002;94416550;0000;000;000;000;000;000;000;000;0000;0000;0000;0000;0100;0000;6000;00;0;0;0;0;0;0;0;0;0;0;900000;0;0;0;0;3000;0;0;0;0;0;0;0;0;0;0;0;0;0;0000000000
7767;PhantomofDarkLord;0001;0979;1700000;00;3500;3000;3500;0070;0086;0000;0000;0000;0000;0015;0020;0000;1000;0500;0135;819203;0000;0000;0002;94416550;0000;000;000;000;000;000;000;000;0000;0000;0000;0000;0100;0000;7000;00;0;0;0;0;0;0;0;0;0;0;900000;0;0;0;0;3500;0;0;0;0;0;0;0;0;0;0;0;0;0;0000000000
7768;CommonBronzeChest(Hard);0001;0465;170000;00;0000;0000;0000;0030;0086;0000;0000;0000;0000;0001;0010;0000;1000;0500;0140;819265;0000;0000;0002;94416550;0000;000;000;000;000;000;000;000;0000;0000;0000;0000;0100;0000;10000;00;0;0;0;0;0;0;0;0;0;0;0;0;0;0;0;0;0;0;0;0;0;0;0;0;0;0;0;0;0;0000000000
7769;EliteBronzeChest(Hard);0001;0465;200000;00;0000;0000;0000;0030;0086;0000;0000;0000;0000;0001;0010;0000;1000;0500;0140;819265;0000;0000;0002;94416550;0000;000;000;000;000;000;000;000;0000;0000;0000;0000;0100;0000;10000;00;0;0;0;0;0;0;0;0;0;0;0;0;0;0;0;0;0;0;0;0;0;0;0;0;0;0;0;0;0;0000000000
7770;SuperBronzeChest(Hard);0001;0465;230000;00;0000;0000;0000;0030;0086;0000;0000;0000;0000;0001;0010;0000;1000;0500;0140;819265;0000;0000;0002;94416550;0000;000;000;000;000;000;000;000;0000;0000;0000;0000;0100;0000;10000;00;0;0;0;0;0;0;0;0;0;0;0;0;0;0;0;0;0;0;0;0;0;0;0;0;0;0;0;0;0;0000000000
7771;EpicBronzeChest(Hard);0001;0465;260000;00;0000;0000;0000;0030;0086;0000;0000;0000;0000;0001;0010;0000;1000;0500;0140;819265;0000;0000;0002;94416550;0000;000;000;000;000;000;000;000;0000;0000;0000;0000;0100;0000;10000;00;0;0;0;0;0;0;0;0;0;0;0;0;0;0;0;0;0;0;0;0;0;0;0;0;0;0;0;0;0;0000000000
7772;CommonSilverChest(Hard);0001;0466;290000;00;0000;0000;0000;0030;0086;0000;0000;0000;0000;0001;0010;0000;1000;0500;0140;819265;0000;0000;0002;94416550;0000;000;000;000;000;000;000;000;0000;0000;0000;0000;0100;0000;10000;00;0;0;0;0;0;0;0;0;0;0;0;0;0;0;0;0;0;0;0;0;0;0;0;0;0;0;0;0;0;0000000000
7773;EliteSilverChest(Hard);0001;0466;320000;00;0000;0000;0000;0030;0086;0000;0000;0000;0000;0001;0010;0000;1000;0500;0140;819265;0000;0000;0002;94416550;0000;000;000;000;000;000;000;000;0000;0000;0000;0000;0100;0000;10000;00;0;0;0;0;0;0;0;0;0;0;0;0;0;0;0;0;0;0;0;0;0;0;0;0;0;0;0;0;0;0000000000
7774;SuperSilverChest(Hard);0001;0466;350000;00;0000;0000;0000;0030;0086;0000;0000;0000;0000;0001;0010;0000;1000;0500;0140;819265;0000;0000;0002;94416550;0000;000;000;000;000;000;000;000;0000;0000;0000;0000;0100;0000;10000;00;0;0;0;0;0;0;0;0;0;0;0;0;0;0;0;0;0;0;0;0;0;0;0;0;0;0;0;0;0;0000000000
7775;EpicSilverChest(Hard);0001;0466;380000;00;0000;0000;0000;0030;0086;0000;0000;0000;0000;0001;0010;0000;1000;0500;0140;819265;0000;0000;0002;94416550;0000;000;000;000;000;000;000;000;0000;0000;0000;0000;0100;0000;10000;00;0;0;0;0;0;0;0;0;0;0;0;0;0;0;0;0;0;0;0;0;0;0;0;0;0;0;0;0;0;0000000000
7776;CommonBronzeKnight(Hard);0001;0211;85000;00;3000;2600;2800;0070;0086;0000;0000;0000;0000;0009;0010;0000;1000;0500;0140;294915;0000;0000;0002;94416550;0000;000;000;000;000;000;000;000;0000;0000;0000;0000;0100;0000;7000;00;0;0;0;0;0;0;0;0;0;0;0;0;0;0;0;0;0;0;0;0;0;0;0;0;0;0;0;0;0;0000000000
7777;EliteBronzeKnight(Hard);0001;0160;100000;00;3050;2650;2850;0070;0086;0000;0000;0000;0000;0009;0010;0000;1000;0500;0140;294915;0000;0000;0002;94416550;0000;000;000;000;000;000;000;000;0000;0000;0000;0000;0100;0000;7000;00;0;0;0;0;0;0;0;0;0;0;0;0;0;0;0;0;0;0;0;0;0;0;0;0;0;0;0;0;0;0000000000
7778;SuperBronzeKnight(Hard);0001;0957;115000;00;3100;2700;2900;0070;0086;0000;0000;0000;0000;0009;0010;0000;1000;0500;0140;294915;0000;0000;0002;94416550;0000;000;000;000;000;000;000;000;0000;0000;0000;0000;0100;0000;7000;00;0;0;0;0;0;0;0;0;0;0;0;0;0;0;0;0;0;0;0;0;0;0;0;0;0;0;0;0;0;0000000000
7779;EpicBronzeKnight(Hard);0001;0397;130000;00;3150;2750;2950;0070;0086;0000;0000;0000;0000;0009;0010;0000;1000;0500;0140;294915;0000;0000;0002;94416550;0000;000;000;000;000;000;000;000;0000;0000;0000;0000;0100;0000;7000;00;0;0;0;0;0;0;0;0;0;0;0;0;0;0;0;0;0;0;0;0;0;0;0;0;0;0;0;0;0;0000000000
7780;CommonSilverKnight(Hard);0001;0329;145000;00;3200;2800;3000;0070;0086;0000;0000;0000;0000;0009;0010;0000;1000;0500;0140;294915;0000;0000;0002;94416550;0000;000;000;000;000;000;000;000;0000;0000;0000;0000;0100;0000;7000;00;0;0;0;0;0;0;0;0;0;0;0;0;0;0;0;0;0;0;0;0;0;0;0;0;0;0;0;0;0;0000000000
7781;EliteSilverKnight(Hard);0001;0160;160000;00;3250;2850;3050;0070;0086;0000;0000;0000;0000;0009;0010;0000;1000;0500;0140;294915;0000;0000;0002;94416550;0000;000;000;000;000;000;000;000;0000;0000;0000;0000;0100;0000;7000;00;0;0;0;0;0;0;0;0;0;0;0;0;0;0;0;0;0;0;0;0;0;0;0;0;0;0;0;0;0;0000000000
7782;SuperSilverKnight(Hard);0001;0955;175000;00;3300;2900;3100;0070;0086;0000;0000;0000;0000;0009;0010;0000;1000;0500;0140;294915;0000;0000;0002;94416550;0000;000;000;000;000;000;000;000;0000;0000;0000;0000;0100;0000;7000;00;0;0;0;0;0;0;0;0;0;0;0;0;0;0;0;0;0;0;0;0;0;0;0;0;0;0;0;0;0;0000000000
7783;EpicSilverKnight(Hard);0001;0797;190000;00;3350;2950;3150;0070;0086;0000;0000;0000;0000;0009;0010;0000;1000;0500;0140;294915;0000;0000;0002;94416550;0000;000;000;000;000;000;000;000;0000;0000;0000;0000;0100;0000;7000;00;0;0;0;0;0;0;0;0;0;0;0;0;0;0;0;0;0;0;0;0;0;0;0;0;0;0;0;0;0;0000000000
7784;PhantomofBloodKing;0001;0952;5000000;00;5000;4500;5000;0090;0086;0000;0000;0000;0000;0015;0020;0000;1000;0500;0140;819203;0000;0000;0002;94416550;0000;000;000;000;000;000;000;000;0000;0000;0000;0000;0100;0000;5000;00;0;0;0;0;0;0;0;0;0;0;900000;0;0;0;0;4000;0;0;0;0;0;0;0;0;0;0;0;0;0;0000000000
7785;PhantomofBloodLord;0001;0953;2500000;00;4500;4000;4500;0080;0086;0000;0000;0000;0000;0015;0020;0000;1000;0500;0140;819203;0000;0000;0002;94416550;0000;000;000;000;000;000;000;000;0000;0000;0000;0000;0100;0000;6000;00;0;0;0;0;0;0;0;0;0;0;900000;0;0;0;0;4500;0;0;0;0;0;0;0;0;0;0;0;0;0;0000000000
7786;CommonSilverChest(Expert);0001;0466;200000;00;0000;0000;0000;0030;0086;0000;0000;0000;0000;0001;0010;0000;1000;0500;0140;819265;0000;0000;0002;94416550;0000;000;000;000;000;000;000;000;0000;0000;0000;0000;0100;0000;10000;00;0;0;0;0;0;0;0;0;0;0;0;0;0;0;0;0;0;0;0;0;0;0;0;0;0;0;0;0;0;0000000000
7787;EliteSilverChest(Expert);0001;0466;240000;00;0000;0000;0000;0030;0086;0000;0000;0000;0000;0001;0010;0000;1000;0500;0140;819265;0000;0000;0002;94416550;0000;000;000;000;000;000;000;000;0000;0000;0000;0000;0100;0000;10000;00;0;0;0;0;0;0;0;0;0;0;0;0;0;0;0;0;0;0;0;0;0;0;0;0;0;0;0;0;0;0000000000
7788;SuperSilverChest(Expert);0001;0466;280000;00;0000;0000;0000;0030;0086;0000;0000;0000;0000;0001;0010;0000;1000;0500;0140;819265;0000;0000;0002;94416550;0000;000;000;000;000;000;000;000;0000;0000;0000;0000;0100;0000;10000;00;0;0;0;0;0;0;0;0;0;0;0;0;0;0;0;0;0;0;0;0;0;0;0;0;0;0;0;0;0;0000000000
7789;EpicSilverChest(Expert);0001;0466;320000;00;0000;0000;0000;0030;0086;0000;0000;0000;0000;0001;0010;0000;1000;0500;0140;819265;0000;0000;0002;94416550;0000;000;000;000;000;000;000;000;0000;0000;0000;0000;0100;0000;10000;00;0;0;0;0;0;0;0;0;0;0;0;0;0;0;0;0;0;0;0;0;0;0;0;0;0;0;0;0;0;0000000000
7790;CommonGoldenChest(Expert);0001;0467;360000;00;0000;0000;0000;0030;0086;0000;0000;0000;0000;0001;0010;0000;1000;0500;0140;819265;0000;0000;0002;94416550;0000;000;000;000;000;000;000;000;0000;0000;0000;0000;0100;0000;10000;00;0;0;0;0;0;0;0;0;0;0;0;0;0;0;0;0;0;0;0;0;0;0;0;0;0;0;0;0;0;0000000000
7791;EliteGoldenChest(Expert);0001;0467;400000;00;0000;0000;0000;0030;0086;0000;0000;0000;0000;0001;0010;0000;1000;0500;0140;819265;0000;0000;0002;94416550;0000;000;000;000;000;000;000;000;0000;0000;0000;0000;0100;0000;10000;00;0;0;0;0;0;0;0;0;0;0;0;0;0;0;0;0;0;0;0;0;0;0;0;0;0;0;0;0;0;0000000000
7792;SuperGoldenChest(Expert);0001;0467;440000;00;0000;0000;0000;0030;0086;0000;0000;0000;0000;0001;0010;0000;1000;0500;0140;819265;0000;0000;0002;94416550;0000;000;000;000;000;000;000;000;0000;0000;0000;0000;0100;0000;10000;00;0;0;0;0;0;0;0;0;0;0;0;0;0;0;0;0;0;0;0;0;0;0;0;0;0;0;0;0;0;0000000000
7793;EpicGoldenChest(Expert);0001;0467;480000;00;0000;0000;0000;0030;0086;0000;0000;0000;0000;0001;0010;0000;1000;0500;0140;819265;0000;0000;0002;94416550;0000;000;000;000;000;000;000;000;0000;0000;0000;0000;0100;0000;10000;00;0;0;0;0;0;0;0;0;0;0;0;0;0;0;0;0;0;0;0;0;0;0;0;0;0;0;0;0;0;0000000000
7794;CommonSilverKnight(Expert);0001;0329;100000;00;4000;3600;3800;0080;0086;0000;0000;0000;0000;0009;0010;0000;1000;0500;0140;294915;0000;0000;0002;94416550;0000;000;000;000;000;000;000;000;0000;0000;0000;0000;0100;0000;6000;00;0;0;0;0;0;0;0;0;0;0;0;0;0;0;0;0;0;0;0;0;0;0;0;0;0;0;0;0;0;0000000000
7795;EliteSilverKnight(Expert);0001;0160;120000;00;4050;3650;3850;0080;0086;0000;0000;0000;0000;0009;0010;0000;1000;0500;0140;294915;0000;0000;0002;94416550;0000;000;000;000;000;000;000;000;0000;0000;0000;0000;0100;0000;6000;00;0;0;0;0;0;0;0;0;0;0;0;0;0;0;0;0;0;0;0;0;0;0;0;0;0;0;0;0;0;0000000000
7796;SuperSilverKnight(Expert);0001;0955;140000;00;4100;3700;3900;0080;0086;0000;0000;0000;0000;0009;0010;0000;1000;0500;0140;294915;0000;0000;0002;94416550;0000;000;000;000;000;000;000;000;0000;0000;0000;0000;0100;0000;6000;00;0;0;0;0;0;0;0;0;0;0;0;0;0;0;0;0;0;0;0;0;0;0;0;0;0;0;0;0;0;0000000000
7797;EpicSilverKnight(Expert);0001;0797;160000;00;4150;3750;3950;0080;0086;0000;0000;0000;0000;0009;0010;0000;1000;0500;0140;294915;0000;0000;0002;94416550;0000;000;000;000;000;000;000;000;0000;0000;0000;0000;0100;0000;6000;00;0;0;0;0;0;0;0;0;0;0;0;0;0;0;0;0;0;0;0;0;0;0;0;0;0;0;0;0;0;0000000000
7798;CommonGoldenKnight(Expert);0001;0717;180000;00;4200;3800;4000;0080;0086;0000;0000;0000;0000;0009;0010;0000;1000;0500;0140;294915;0000;0000;0002;94416550;0000;000;000;000;000;000;000;000;0000;0000;0000;0000;0100;0000;6000;00;0;0;0;0;0;0;0;0;0;0;0;0;0;0;0;0;0;0;0;0;0;0;0;0;0;0;0;0;0;0000000000
7799;EliteGoldenKnight(Expert);0001;0214;200000;00;4250;3850;4050;0080;0086;0000;0000;0000;0000;0009;0010;0000;1000;0500;0140;294915;0000;0000;0002;94416550;0000;000;000;000;000;000;000;000;0000;0000;0000;0000;0100;0000;6000;00;0;0;0;0;0;0;0;0;0;0;0;0;0;0;0;0;0;0;0;0;0;0;0;0;0;0;0;0;0;0000000000
7800;SuperGoldenKnight(Expert);0001;0954;220000;00;4300;3900;4100;0080;0086;0000;0000;0000;0000;0009;0010;0000;1000;0500;0140;294915;0000;0000;0002;94416550;0000;000;000;000;000;000;000;000;0000;0000;0000;0000;0100;0000;6000;00;0;0;0;0;0;0;0;0;0;0;0;0;0;0;0;0;0;0;0;0;0;0;0;0;0;0;0;0;0;0000000000
7801;EpicGoldenKnight(Expert);0001;0197;240000;00;4350;3950;4150;0080;0086;0000;0000;0000;0000;0009;0010;0000;1000;0500;0140;294915;0000;0000;0002;94416550;0000;000;000;000;000;000;000;000;0000;0000;0000;0000;0100;0000;6000;00;0;0;0;0;0;0;0;0;0;0;0;0;0;0;0;0;0;0;0;0;0;0;0;0;0;0;0;0;0;0000000000
7802;PhantomofEvilKing;0001;0950;6400000;00;6000;5500;6000;0100;0086;0000;0000;0000;0000;0015;0020;0000;1000;0500;0140;819203;0000;0000;0002;94416550;0000;000;000;000;000;000;000;000;0000;0000;0000;0000;0100;0000;4000;00;0;0;0;0;0;0;0;0;0;0;900000;0;0;0;0;5000;0;0;0;0;0;0;0;0;0;0;0;0;0;0000000000
7803;PhantomofEvilLord;0001;0976;3200000;00;5500;5000;5500;0090;0086;0000;0000;0000;0000;0015;0020;0000;1000;0500;0140;819203;0000;0000;0002;94416550;0000;000;000;000;000;000;000;000;0000;0000;0000;0000;0100;0000;5000;00;0;0;0;0;0;0;0;0;0;0;900000;0;0;0;0;5500;0;0;0;0;0;0;0;0;0;0;0;0;0;0000000000
7741;WeedBug;0001;0273;0001;00;0003;0002;0000;0000;0036;0000;0000;0000;0000;0001;0006;0000;1000;0500;0001;294944;0000;0000;0000;94416550;0500;000;000;000;000;000;000;000;0000;0000;0000;0000;0000;0000;10000;01;0;0;100;0;0;0;0;0;0;0;0;0;0;0;0;0;0;0;0;0;0;0;0;0;0;0;0;0;0;0000000000
3284;KnightBen;32771;0006;0020;00;0001;0001;1000;0004;0001;0000;0000;0000;0000;0015;0015;0000;1000;0500;0500;32867;0000;0000;0001;94416550;0500;000;000;000;000;000;000;000;0000;0000;0000;0000;0000;0000;8000;00;0;0;100;0;0;0;0;0;0;0;0;0;0;0;0;100000;0;0;0;0;0;0;0;0;0;0;0;0;0;0000000000
3283;KnightArno;32771;0290;0020;00;0001;0001;1000;0050;0085;0000;0000;0000;0000;0015;0015;0000;1000;1000;0500;32815;0000;0000;0001;94416550;0500;000;000;000;000;000;000;000;0000;0000;0000;0000;0000;0000;8000;00;0;0;100;0;0;0;0;0;0;0;0;0;0;0;0;100000;0;0;0;0;0;0;0;0;0;0;0;0;0;0000000000
7841;SolarFighter(F1);0001;0905;60000;00;2400;2000;2200;0060;0086;0000;0000;0000;0000;0005;0015;0000;1000;0500;0135;294915;0000;0000;0001;94416550;0500;099;099;099;099;099;099;099;0000;0000;0000;0000;0000;0000;8000;00;0;0;100;0;0;0;0;0;0;0;0;0;0;0;0;0;0;0;0;0;0;0;0;0;0;0;0;0;0;0000000000
7842;ShadowFighter(F2);0001;0905;70000;00;2450;2050;2250;0060;0086;0000;0000;0000;0000;0005;0015;0000;1000;0500;0135;294915;0000;0000;0001;94416550;0500;099;099;099;099;099;099;099;0000;0000;0000;0000;0000;0000;8000;00;0;0;100;0;0;0;0;0;0;0;0;0;0;0;0;0;0;0;0;0;0;0;0;0;0;0;0;0;0;0000000000
7843;NightFighter(F3);0001;0905;80000;00;2500;2100;2300;0060;0086;0000;0000;0000;0000;0005;0015;0000;1000;0500;0135;294915;0000;0000;0001;94416550;0500;099;099;099;099;099;099;099;0000;0000;0000;0000;0000;0000;8000;00;0;0;100;0;0;0;0;0;0;0;0;0;0;0;0;0;0;0;0;0;0;0;0;0;0;0;0;0;0;0000000000
7844;FlameElite(F4);0001;0901;90000;00;2550;2150;2350;0060;0086;0000;0000;0000;0000;0005;0015;0000;1000;0500;0135;294915;0000;0000;0001;94416550;0500;099;099;099;099;099;099;099;0000;0000;0000;0000;0000;0000;8000;00;0;0;100;0;0;0;0;0;0;0;0;0;0;0;0;0;0;0;0;0;0;0;0;0;0;0;0;0;0;0000000000
7845;WindElite(F5);0001;0901;100000;00;2600;2200;2400;0060;0086;0000;0000;0000;0000;0005;0015;0000;1000;0500;0135;294915;0000;0000;0001;94416550;0500;099;099;099;099;099;099;099;0000;0000;0000;0000;0000;0000;8000;00;0;0;100;0;0;0;0;0;0;0;0;0;0;0;0;0;0;0;0;0;0;0;0;0;0;0;0;0;0;0000000000
7846;SkyElite(F6);0001;0901;110000;00;2650;2250;2450;0060;0086;0000;0000;0000;0000;0005;0015;0000;1000;0500;0135;294915;0000;0000;0001;94416550;0500;099;099;099;099;099;099;099;0000;0000;0000;0000;0000;0000;8000;00;0;0;100;0;0;0;0;0;0;0;0;0;0;0;0;0;0;0;0;0;0;0;0;0;0;0;0;0;0;0000000000
7847;RuthlessHero(F7);0001;0902;120000;00;2700;2300;2500;0060;0086;0000;0000;0000;0000;0005;0015;0000;1000;0500;0135;294915;0000;0000;0001;94416550;0500;099;099;099;099;099;099;099;0000;0000;0000;0000;0000;0000;8000;00;0;0;100;0;0;0;0;0;0;0;0;0;0;0;0;0;0;0;0;0;0;0;0;0;0;0;0;0;0;0000000000
7848;UnknownHero(F8);0001;0902;130000;00;2750;2350;2550;0060;0086;0000;0000;0000;0000;0005;0015;0000;1000;0500;0135;294915;0000;0000;0001;94416550;0500;099;099;099;099;099;099;099;0000;0000;0000;0000;0000;0000;8000;00;0;0;100;0;0;0;0;0;0;0;0;0;0;0;0;0;0;0;0;0;0;0;0;0;0;0;0;0;0;0000000000
7849;ArrogantHero(F9);0001;0902;140000;00;2800;2400;2600;0060;0086;0000;0000;0000;0000;0005;0015;0000;1000;0500;0135;294915;0000;0000;0001;94416550;0500;099;099;099;099;099;099;099;0000;0000;0000;0000;0000;0000;8000;00;0;0;100;0;0;0;0;0;0;0;0;0;0;0;0;0;0;0;0;0;0;0;0;0;0;0;0;0;0;0000000000
7850;CruelConqueror(F10);0001;0904;150000;00;2850;2450;2650;0060;0086;0000;0000;0000;0000;0005;0015;0000;1000;0500;0135;294915;0000;0000;0001;94416550;0500;099;099;099;099;099;099;099;0000;0000;0000;0000;0000;0000;8000;00;0;0;100;0;0;0;0;0;0;0;0;0;0;0;0;0;0;0;0;0;0;0;0;0;0;0;0;0;0;0000000000
7863;Chest(F1);0001;0464;60000;00;0000;0000;0000;0030;0086;0000;0000;0000;0000;0001;0010;0000;1000;0500;0135;294977;0000;0000;0002;94416550;0000;000;000;000;000;000;000;000;0000;0000;0000;0000;0100;0000;10000;00;0;0;0;0;0;0;0;0;0;0;0;0;0;0;0;0;0;0;0;0;0;0;0;0;0;0;0;0;0;0000000000
7864;Chest(F2);0001;0464;70000;00;0000;0000;0000;0030;0086;0000;0000;0000;0000;0001;0010;0000;1000;0500;0135;294977;0000;0000;0002;94416550;0000;000;000;000;000;000;000;000;0000;0000;0000;0000;0100;0000;10000;00;0;0;0;0;0;0;0;0;0;0;0;0;0;0;0;0;0;0;0;0;0;0;0;0;0;0;0;0;0;0000000000
7865;Chest(F3);0001;0464;80000;00;0000;0000;0000;0030;0086;0000;0000;0000;0000;0001;0010;0000;1000;0500;0135;294977;0000;0000;0002;94416550;0000;000;000;000;000;000;000;000;0000;0000;0000;0000;0100;0000;10000;00;0;0;0;0;0;0;0;0;0;0;0;0;0;0;0;0;0;0;0;0;0;0;0;0;0;0;0;0;0;0000000000
7866;Chest(F4);0001;0465;90000;00;0000;0000;0000;0030;0086;0000;0000;0000;0000;0001;0010;0000;1000;0500;0135;294977;0000;0000;0002;94416550;0000;000;000;000;000;000;000;000;0000;0000;0000;0000;0100;0000;10000;00;0;0;0;0;0;0;0;0;0;0;0;0;0;0;0;0;0;0;0;0;0;0;0;0;0;0;0;0;0;0000000000
7867;Chest(F5);0001;0465;100000;00;0000;0000;0000;0030;0086;0000;0000;0000;0000;0001;0010;0000;1000;0500;0135;294977;0000;0000;0002;94416550;0000;000;000;000;000;000;000;000;0000;0000;0000;0000;0100;0000;10000;00;0;0;0;0;0;0;0;0;0;0;0;0;0;0;0;0;0;0;0;0;0;0;0;0;0;0;0;0;0;0000000000
7868;Chest(F6);0001;0465;110000;00;0000;0000;0000;0030;0086;0000;0000;0000;0000;0001;0010;0000;1000;0500;0135;294977;0000;0000;0002;94416550;0000;000;000;000;000;000;000;000;0000;0000;0000;0000;0100;0000;10000;00;0;0;0;0;0;0;0;0;0;0;0;0;0;0;0;0;0;0;0;0;0;0;0;0;0;0;0;0;0;0000000000
7869;Chest(F7);0001;0466;120000;00;0000;0000;0000;0030;0086;0000;0000;0000;0000;0001;0010;0000;1000;0500;0135;294977;0000;0000;0002;94416550;0000;000;000;000;000;000;000;000;0000;0000;0000;0000;0100;0000;10000;00;0;0;0;0;0;0;0;0;0;0;0;0;0;0;0;0;0;0;0;0;0;0;0;0;0;0;0;0;0;0000000000
7870;Chest(F8);0001;0466;130000;00;0000;0000;0000;0030;0086;0000;0000;0000;0000;0001;0010;0000;1000;0500;0135;294977;0000;0000;0002;94416550;0000;000;000;000;000;000;000;000;0000;0000;0000;0000;0100;0000;10000;00;0;0;0;0;0;0;0;0;0;0;0;0;0;0;0;0;0;0;0;0;0;0;0;0;0;0;0;0;0;0000000000
7871;Chest(F9);0001;0466;140000;00;0000;0000;0000;0030;0086;0000;0000;0000;0000;0001;0010;0000;1000;0500;0135;294977;0000;0000;0002;94416550;0000;000;000;000;000;000;000;000;0000;0000;0000;0000;0100;0000;10000;00;0;0;0;0;0;0;0;0;0;0;0;0;0;0;0;0;0;0;0;0;0;0;0;0;0;0;0;0;0;0000000000
7872;Chest(F10);0001;0467;150000;00;0000;0000;0000;0030;0086;0000;0000;0000;0000;0001;0010;0000;1000;0500;0135;294977;0000;0000;0002;94416550;0000;000;000;000;000;000;000;000;0000;0000;0000;0000;0100;0000;10000;00;0;0;0;0;0;0;0;0;0;0;0;0;0;0;0;0;0;0;0;0;0;0;0;0;0;0;0;0;0;0000000000
3981;DBSprite;0001;0354;0010;00;0001;0001;0001;0070;0090;0000;0000;0000;0000;0001;0008;0000;1000;0500;0145;2916355;0000;0000;0005;94416550;1000;099;099;099;099;099;099;099;0000;0000;0000;0000;0000;0000;10000;00;0;0;100;0;3;75;75;75;75;75;900000;0;0;0;0;6000;0;0;0;25000;0;0;5000;0;0;0;0;0;0;0000000002
3979;MeteorSprite;0001;0354;0010;00;0001;0001;0001;0070;0090;0000;0000;0000;0000;0001;0008;0000;1000;0500;0145;2916355;0000;0000;0005;94416550;1000;099;099;099;099;099;099;099;0000;0000;0000;0000;0000;0000;10000;00;0;0;100;0;3;75;75;75;75;75;900000;0;0;0;0;6000;0;0;0;25000;0;0;5000;0;0;0;0;0;0;0000000002
4713;380-StarWarDevil;0001;0915;0030;00;0001;0001;0001;0070;0090;0000;0000;0000;0000;0001;0008;0000;1000;0500;0145;294915;0000;0000;0005;94416550;1000;099;099;099;099;099;099;099;0000;0000;0000;0000;0000;0000;10000;00;0;380;100;0;3;75;75;75;75;75;900000;0;0;0;0;6000;3000;0;0;25000;0;0;5000;0;0;0;0;0;0;0000000002
3978;NetherTyrant;0001;0984;320000000;00;10000;8500;28000;0070;0090;0000;0000;0000;0000;0018;0020;0000;1000;0500;0143;2916355;7500;0000;0005;94416550;1000;099;099;099;099;099;099;099;0000;0000;0000;0000;0000;0000;1750;00;0;0;100;0;3;75;75;75;75;75;900000;0;0;0;0;6000;0;0;0;25000;0;0;5000;0;0;0;0;0;0;0000000000
4712;350-StarWarDevil;0001;0915;0030;00;0001;0001;0001;0070;0090;0000;0000;0000;0000;0001;0008;0000;1000;0500;0145;294915;0000;0000;0005;94416550;1000;099;099;099;099;099;099;099;0000;0000;0000;0000;0000;0000;10000;00;0;350;100;0;3;75;75;75;75;75;900000;0;0;0;0;6000;3000;0;0;25000;0;0;5000;0;0;0;0;0;0;0000000002
4711;300-StarWarDevil;0001;0915;0030;00;0001;0001;0001;0070;0090;0000;0000;0000;0000;0001;0008;0000;1000;0500;0145;294915;0000;0000;0005;94416550;1000;099;099;099;099;099;099;099;0000;0000;0000;0000;0000;0000;10000;00;0;300;100;0;3;75;75;75;75;75;900000;0;0;0;0;6000;3000;0;0;25000;0;0;5000;0;0;0;0;0;0;0000000002
4710;WarDevil;0001;0915;0030;00;0001;0001;0001;0070;0090;0000;0000;0000;0000;0001;0008;0000;1000;0500;0145;294915;0000;0000;0005;94416550;1000;099;099;099;099;099;099;099;0000;0000;0000;0000;0000;0000;10000;00;0;0;100;0;3;75;75;75;75;75;900000;0;0;0;0;6000;0;0;0;25000;0;0;5000;0;0;0;0;0;0;0000000002
4709;380-StarWaterDevil;0001;0915;240000;00;4000;3500;3500;0036;0086;0000;0000;0000;0000;0001;0010;0000;1000;1000;0146;32771;0000;0000;0001;94416550;0500;099;099;099;099;099;099;099;0000;0000;0000;0000;0000;0000;10000;61;0;380;100;0;0;0;0;0;0;0;0;0;0;0;0;0;3000;0;0;0;0;0;0;0;0;0;0;0;0;0000000000
3975;350-StarWaterDevil;0001;0915;200000;00;4000;3500;3500;0036;0086;0000;0000;0000;0000;0001;0010;0000;1000;1000;0145;32771;0000;0000;0001;94416550;0500;099;099;099;099;099;099;099;0000;0000;0000;0000;0000;0000;10000;61;0;350;100;0;0;0;0;0;0;0;0;0;0;0;0;0;3000;0;0;0;0;0;0;0;0;0;0;0;0;0000000000
3974;300-StarWaterDevil;0001;0915;150000;00;4000;3500;3500;0036;0086;0000;0000;0000;0000;0001;0010;0000;1000;1000;0141;32771;0000;0000;0001;94416550;0500;099;099;099;099;099;099;099;0000;0000;0000;0000;0000;0000;10000;61;0;300;100;0;0;0;0;0;0;0;0;0;0;0;0;0;3000;0;0;0;0;0;0;0;0;0;0;0;0;0000000000
3973;WaterDevil;0001;0915;120000;00;4000;3500;3500;0036;0086;0000;0000;0000;0000;0001;0010;0000;1000;1000;0137;32771;0000;0000;0001;94416550;0500;099;099;099;099;099;099;099;0000;0000;0000;0000;0000;0000;10000;61;0;0;100;0;0;0;0;0;0;0;0;0;0;0;0;0;0;0;0;0;0;0;0;0;0;0;0;0;0;0000000000
3285;Patient;32835;0006;0020;00;0001;0001;0010;0004;0001;0000;0000;0000;0000;0015;0015;0000;1000;0500;0500;35;0000;0000;0001;94416550;0500;000;000;000;000;000;000;000;0000;0000;0000;0000;0000;0000;8000;00;0;0;100;0;0;0;0;0;0;0;0;0;0;0;0;100000;0;0;0;0;0;0;0;0;0;0;0;0;0;0000000000
3287;Assassin;32835;0006;0020;00;0001;0001;0000;0004;0001;0000;0000;0000;0000;0015;0015;0000;1000;0500;0500;35;0000;0000;0001;94416550;0500;000;000;000;000;000;000;000;0000;0000;0000;0000;0000;0000;8000;00;0;0;100;0;0;0;0;0;0;0;0;0;0;0;0;100000;0;0;0;0;0;0;0;0;0;0;0;0;0;0000000000
3988;ChiefAssassin;32835;0006;0020;00;0001;0001;0010;0004;0001;0000;0000;0000;0000;0015;0015;0000;1000;0500;0500;35;0000;0000;0001;94416550;0500;000;000;000;000;000;000;000;0000;0000;0000;0000;0000;0000;8000;00;0;0;100;0;0;0;0;0;0;0;0;0;0;0;0;100000;0;0;0;0;0;0;0;0;0;0;0;0;0;0000000000
3286;Blacksmith;32835;0006;0020;00;0001;0001;0010;0004;0001;0000;0000;0000;0000;0015;0015;0000;1000;0500;0500;35;0000;0000;0001;94416550;0500;000;000;000;000;000;000;000;0000;0000;0000;0000;0000;0000;8000;00;0;0;100;0;0;0;0;0;0;0;0;0;0;0;0;100000;0;0;0;0;0;0;0;0;0;0;0;0;0;0000000000
3987;CentralPheasant;0001;0231;0033;00;0003;0002;0000;0000;0036;0000;0000;0000;0000;0001;0006;0000;1000;0500;0001;32771;0005;0000;0000;9593200;0500;099;099;099;099;099;099;099;1000000;1001000;0000;0000;0000;0000;10000;01;0;0;100;0;0;0;0;0;0;0;0;0;0;0;0;0;0;0;0;0;0;0;0;0;0;0;0;0;0;0000000000
3989;ThirstyGhost;0001;0197;0033;00;0003;0002;0000;0000;0036;0000;0000;0000;0000;0001;0006;0000;1000;0500;0001;32771;0005;0000;0000;9593200;0500;099;099;099;099;099;099;099;1000000;1001000;0000;0000;0000;0000;10000;01;0;0;100;0;0;0;0;0;0;0;0;0;0;0;0;0;0;0;0;0;0;0;0;0;0;0;0;0;0;0000000000
4464;DarkGhost(1F);0001;0901;1500;00;0038;0035;0000;0030;0086;0000;0000;0000;0000;0002;0010;0000;1000;0500;0050;32771;0000;0000;0001;94416550;0500;099;099;099;099;099;099;099;1000040;1002040;0000;0000;0000;0000;5000;00;0;0;100;0;0;0;0;0;0;0;0;0;0;0;0;800;0;0;0;2000;0;0;0;0;0;0;0;0;0;0000000000
4465;NightVampire(1F);0001;0902;1500;00;0038;0035;0000;0030;0086;0000;0000;0000;0000;0002;0010;0000;1000;0500;0050;32771;0000;0000;0001;94416550;0500;099;099;099;099;099;099;099;1000040;1002040;0000;0000;0000;0000;5000;00;0;0;100;0;0;0;0;0;0;0;0;0;0;0;0;2000;0;0;0;6000;0;0;0;0;0;0;0;0;0;0000000000
4466;UnderworldShadow(1F);0001;0903;1500;00;0038;0035;0000;0030;0086;0000;0000;0000;0000;0002;0010;0000;1000;0500;0050;32771;0000;0000;0001;94416550;0500;099;099;099;099;099;099;099;1000040;1002040;0000;0000;0000;0000;5000;00;0;0;100;0;0;0;0;0;0;0;0;0;0;0;0;3200;0;0;0;10000;0;0;0;0;0;0;0;0;0;0000000000
4467;DarkGhost(2F);0001;0901;4908;00;0200;0150;0000;0030;0086;0000;0000;0000;0000;0002;0010;0000;1000;0500;0070;32771;0000;0000;0001;94416550;0500;099;099;099;099;099;099;099;1000040;1002040;0000;0000;0000;0000;5000;00;0;0;100;0;0;0;0;0;0;0;0;0;0;0;0;800;0;0;0;2000;0;0;0;0;0;0;0;0;0;0000000000
4468;NightVampire(2F);0001;0902;4908;00;0200;0150;0000;0030;0086;0000;0000;0000;0000;0002;0010;0000;1000;0500;0070;32771;0000;0000;0001;94416550;0500;099;099;099;099;099;099;099;1000040;1002040;0000;0000;0000;0000;5000;00;0;0;100;0;0;0;0;0;0;0;0;0;0;0;0;2000;0;0;0;6000;0;0;0;0;0;0;0;0;0;0000000000
4469;UnderworldShadow(2F);0001;0903;4908;00;0200;0150;0000;0030;0086;0000;0000;0000;0000;0002;0010;0000;1000;0500;0070;32771;0000;0000;0001;94416550;0500;099;099;099;099;099;099;099;1000040;1002040;0000;0000;0000;0000;5000;00;0;0;100;0;0;0;0;0;0;0;0;0;0;0;0;3200;0;0;0;10000;0;0;0;0;0;0;0;0;0;0000000000
4470;DarkGhost(3F);0001;0901;15000;00;1200;1000;0000;0030;0086;0000;0000;0000;0000;0002;0010;0000;1000;0500;0100;32771;0000;0000;0001;94416550;0500;099;099;099;099;099;099;099;1000040;1002040;0000;0000;0000;0000;5000;00;0;0;100;0;0;0;0;0;0;0;0;0;0;0;0;800;0;0;0;2000;0;0;0;0;0;0;0;0;0;0000000000
4471;NightVampire(3F);0001;0902;15000;00;1200;1000;0000;0030;0086;0000;0000;0000;0000;0002;0010;0000;1000;0500;0100;32771;0000;0000;0001;94416550;0500;099;099;099;099;099;099;099;1000040;1002040;0000;0000;0000;0000;5000;00;0;0;100;0;0;0;0;0;0;0;0;0;0;0;0;2000;0;0;0;6000;0;0;0;0;0;0;0;0;0;0000000000
4472;UnderworldShadow(3F);0001;0903;15000;00;1200;1000;0000;0030;0086;0000;0000;0000;0000;0002;0010;0000;1000;0500;0100;32771;0000;0000;0001;94416550;0500;099;099;099;099;099;099;099;1000040;1002040;0000;0000;0000;0000;5000;00;0;0;100;0;0;0;0;0;0;0;0;0;0;0;0;3200;0;0;0;10000;0;0;0;0;0;0;0;0;0;0000000000
4473;DarkGhost(4F);0001;0901;60000;00;2000;1700;0000;0030;0086;0000;0000;0000;0000;0002;0010;0000;1000;0500;0120;32771;0000;0000;0001;94416550;0500;099;099;099;099;099;099;099;1000040;1002040;0000;0000;0000;0000;5000;00;0;0;100;0;0;0;0;0;0;0;0;0;0;0;0;800;0;0;0;2000;0;0;0;0;0;0;0;0;0;0000000000
4474;NightVampire(4F);0001;0902;60000;00;2000;1700;0000;0030;0086;0000;0000;0000;0000;0002;0010;0000;1000;0500;0120;32771;0000;0000;0001;94416550;0500;099;099;099;099;099;099;099;1000040;1002040;0000;0000;0000;0000;5000;00;0;0;100;0;0;0;0;0;0;0;0;0;0;0;0;2000;0;0;0;6000;0;0;0;0;0;0;0;0;0;0000000000
4475;UnderworldShadow(4F);0001;0903;60000;00;2000;1700;0000;0030;0086;0000;0000;0000;0000;0002;0010;0000;1000;0500;0120;32771;0000;0000;0001;94416550;0500;099;099;099;099;099;099;099;1000040;1002040;0000;0000;0000;0000;5000;00;0;0;100;0;0;0;0;0;0;0;0;0;0;0;0;3200;0;0;0;10000;0;0;0;0;0;0;0;0;0;0000000000
4476;DarkGhost(5F);0001;0901;120000;00;3800;3000;0000;0030;0086;0000;0000;0000;0000;0002;0010;0000;1000;0500;0130;32771;0000;0000;0001;94416550;0500;099;099;099;099;099;099;099;1000040;1002040;0000;0000;0000;0000;5000;00;0;0;100;0;0;0;0;0;0;0;0;0;0;0;0;800;0;0;0;2000;0;0;0;0;0;0;0;0;0;0000000000
4477;NightVampire(5F);0001;0902;120000;00;3800;3000;0000;0030;0086;0000;0000;0000;0000;0002;0010;0000;1000;0500;0130;32771;0000;0000;0001;94416550;0500;099;099;099;099;099;099;099;1000040;1002040;0000;0000;0000;0000;5000;00;0;0;100;0;0;0;0;0;0;0;0;0;0;0;0;2000;0;0;0;6000;0;0;0;0;0;0;0;0;0;0000000000
4478;UnderworldShadow(5F);0001;0903;120000;00;3800;3000;0000;0030;0086;0000;0000;0000;0000;0002;0010;0000;1000;0500;0130;32771;0000;0000;0001;94416550;0500;099;099;099;099;099;099;099;1000040;1002040;0000;0000;0000;0000;5000;00;0;0;100;0;0;0;0;0;0;0;0;0;0;0;0;3200;0;0;0;10000;0;0;0;0;0;0;0;0;0;0000000000
4479;DarkGhost(6F);0001;0901;200000;00;4000;3800;0000;0030;0086;0000;0000;0000;0000;0002;0010;0000;1000;0500;0140;32771;0000;0000;0001;94416550;0500;099;099;099;099;099;099;099;1000040;1002040;0000;0000;0000;0000;5000;00;0;0;100;0;0;0;0;0;0;0;0;0;0;0;0;800;0;0;0;2000;0;0;0;0;0;0;0;0;0;0000000000
4480;NightVampire(6F);0001;0902;200000;00;4000;3800;0000;0030;0086;0000;0000;0000;0000;0002;0010;0000;1000;0500;0140;32771;0000;0000;0001;94416550;0500;099;099;099;099;099;099;099;1000040;1002040;0000;0000;0000;0000;5000;00;0;0;100;0;0;0;0;0;0;0;0;0;0;0;0;2000;0;0;0;6000;0;0;0;0;0;0;0;0;0;0000000000
4481;UnderworldShadow(6F);0001;0903;200000;00;4000;3800;0000;0030;0086;0000;0000;0000;0000;0002;0010;0000;1000;0500;0140;32771;0000;0000;0001;94416550;0500;099;099;099;099;099;099;099;1000040;1002040;0000;0000;0000;0000;5000;00;0;0;100;0;0;0;0;0;0;0;0;0;0;0;0;3200;0;0;0;10000;0;0;0;0;0;0;0;0;0;0000000000
2844;Archsaurus;0001;0950;120000000;00;7500;6500;6500;0070;0086;0000;0000;0000;0000;0015;0020;0000;1000;0500;0135;819331;0000;0000;0002;94416550;1000;000;000;000;000;000;000;009;0000;0000;0000;0000;0000;0000;10000;00;0;0;100;0;0;0;0;0;0;0;0;0;0;0;0;0;0;0;0;0;0;0;0;0;0;0;0;0;0;0000000000
4352;GreenFaceZombie;0001;0901;80000;00;2500;2000;1000;0035;0060;0000;0000;0000;0000;0001;0008;0000;1500;1000;0120;32771;0000;0000;0001;94416550;0500;000;000;000;000;000;000;000;0000;0000;0000;0000;0000;0000;10000;00;0;0;100;0;0;0;0;0;0;0;0;0;0;0;0;0;0;0;0;0;0;0;0;0;0;0;0;0;0;0000000000
2843;InfernalSpecter;0001;0463;12000;00;4000;3500;2000;0100;0080;0000;0000;0000;0000;0003;0012;0000;0700;0050;0100;294915;0000;0000;0002;94416550;1000;000;000;000;000;000;000;009;0000;0000;0000;0000;0000;0000;10000;00;0;0;100;0;0;0;0;0;0;0;0;0;0;0;0;0;0;0;0;0;0;0;0;0;0;0;0;0;0;0000000000
3982;ChiSprite;0001;0154;0010;00;0001;0001;0001;0070;0090;0000;0000;0000;0000;0001;0008;0000;1000;0500;0145;2916355;0000;0000;0005;94416550;1000;099;099;099;099;099;099;099;0000;0000;0000;0000;0000;0000;10000;00;0;0;100;0;3;75;75;75;75;75;900000;0;0;0;0;6000;0;0;0;25000;0;0;5000;0;0;0;0;0;0;0000000002
4615;LuckyTortoiseChest;0001;0141;0100;00;0001;0001;0001;0070;0090;0000;0000;0000;0000;0001;0008;0000;1000;0500;0145;294915;0000;0000;0005;94416550;1000;099;099;099;099;099;099;099;0000;0000;0000;0000;0000;0000;10000;00;0;0;100;0;3;75;75;75;75;75;900000;0;0;0;0;6000;0;0;0;25000;0;0;5000;0;0;0;0;0;0;0000000002
4614;LuckyToughDrillChest;0001;0141;0100;00;0001;0001;0001;0070;0090;0000;0000;0000;0000;0001;0008;0000;1000;0500;0145;294915;0000;0000;0005;94416550;1000;099;099;099;099;099;099;099;0000;0000;0000;0000;0000;0000;10000;00;0;0;100;0;3;75;75;75;75;75;900000;0;0;0;0;6000;0;0;0;25000;0;0;5000;0;0;0;0;0;0;0000000002
4613;LuckyStoneChest;0001;0141;0100;00;0001;0001;0001;0070;0090;0000;0000;0000;0000;0001;0008;0000;1000;0500;0145;294915;0000;0000;0005;94416550;1000;099;099;099;099;099;099;099;0000;0000;0000;0000;0000;0000;10000;00;0;0;100;0;3;75;75;75;75;75;900000;0;0;0;0;6000;0;0;0;25000;0;0;5000;0;0;0;0;0;0;0000000002
3986;GearSprite;0001;0254;0010;00;0001;0001;0001;0070;0090;0000;0000;0000;0000;0001;0008;0000;1000;0500;0145;2916355;0000;0000;0005;94416550;1000;099;099;099;099;099;099;099;0000;0000;0000;0000;0000;0000;10000;00;0;0;100;0;3;75;75;75;75;75;900000;0;0;0;0;6000;0;0;0;25000;0;0;5000;0;0;0;0;0;0;0000000002
3985;SilverSprite;0001;0254;0010;00;0001;0001;0001;0070;0090;0000;0000;0000;0000;0001;0008;0000;1000;0500;0145;2916355;0000;0000;0005;94416550;1000;099;099;099;099;099;099;099;0000;0000;0000;0000;0000;0000;10000;00;0;0;100;0;3;75;75;75;75;75;900000;0;0;0;0;6000;0;0;0;25000;0;0;5000;0;0;0;0;0;0;0000000002
3984;DragonSoulSprite;0001;0154;0010;00;0001;0001;0001;0070;0090;0000;0000;0000;0000;0001;0008;0000;1000;0500;0145;2916355;0000;0000;0005;94416550;1000;099;099;099;099;099;099;099;0000;0000;0000;0000;0000;0000;10000;00;0;0;100;0;3;75;75;75;75;75;900000;0;0;0;0;6000;0;0;0;25000;0;0;5000;0;0;0;0;0;0;0000000002
3983;StoneSprite;0001;0154;0010;00;0001;0001;0001;0070;0090;0000;0000;0000;0000;0001;0008;0000;1000;0500;0145;2916355;0000;0000;0005;94416550;1000;099;099;099;099;099;099;099;0000;0000;0000;0000;0000;0000;10000;00;0;0;100;0;3;75;75;75;75;75;900000;0;0;0;0;6000;0;0;0;25000;0;0;5000;0;0;0;0;0;0;0000000002
3992;RelicsSprite;0001;0254;0010;00;0001;0001;0001;0070;0090;0000;0000;0000;0000;0001;0008;0000;1000;0500;0145;2916355;0000;0000;0005;94416550;1000;099;099;099;099;099;099;099;0000;0000;0000;0000;0000;0000;10000;00;0;0;100;0;3;75;75;75;75;75;900000;0;0;0;0;6000;0;0;0;25000;0;0;5000;0;0;0;0;0;0;0000000002
4717;DivineStoneBeast;0001;0231;0033;00;0003;0002;0000;0000;0036;0000;0000;0000;0000;0001;0003;0000;1000;0500;0001;32771;0000;0000;0000;94416550;0500;099;099;099;099;099;099;099;0000;0000;0000;0000;0000;0000;10000;01;0;0;100;0;0;0;0;0;0;0;0;0;0;0;0;0;0;0;0;0;0;0;0;0;0;0;0;0;0;0000000000
4718;DivineStarBeast;0001;0231;0033;00;0003;0002;0000;0000;0036;0000;0000;0000;0000;0001;0003;0000;1000;0500;0001;32771;0000;0000;0000;94416550;0500;099;099;099;099;099;099;099;0000;0000;0000;0000;0000;0000;10000;01;0;0;100;0;0;0;0;0;0;0;0;0;0;0;0;0;0;0;0;0;0;0;0;0;0;0;0;0;0;0000000000
4719;DivineChiBeast;0001;0231;0033;00;0003;0002;0000;0000;0036;0000;0000;0000;0000;0001;0003;0000;1000;0500;0001;32771;0000;0000;0000;94416550;0500;099;099;099;099;099;099;099;0000;0000;0000;0000;0000;0000;10000;01;0;0;100;0;0;0;0;0;0;0;0;0;0;0;0;0;0;0;0;0;0;0;0;0;0;0;0;0;0;0000000000
4720;NightmareGeneral;0001;0171;1000000;00;100000;90000;3500;0036;0086;0000;0000;0000;0000;0007;0010;0000;1000;1000;0146;32771;0000;0000;0001;94416550;0500;099;099;099;099;099;099;099;0000;0000;0000;0000;0000;0000;10000;61;0;410;100;0;0;0;0;0;0;0;0;0;0;0;0;0;3000;0;0;0;0;0;0;0;0;0;0;0;0;0000000000
2846;CrushbonePrisoner;0001;0353;75000;00;5000;4000;3500;0160;0086;0000;0000;0000;0000;0002;0010;0000;1000;0500;0135;32771;0000;0000;0001;94416550;0500;099;099;099;099;099;099;099;1000040;1002040;0000;0000;0000;0000;5000;00;0;0;100;0;0;0;0;0;0;0;0;0;0;0;0;2000;0;0;0;6000;0;0;0;0;0;0;0;0;0;0000000000
4721;InternHusky;0001;0926;9999;00;0003;0002;99999;0000;0036;0000;0000;0000;0000;0001;0006;0000;1000;0500;0001;32780;0000;0000;0000;0000;0500;099;099;099;099;099;099;099;1000000;1001000;0000;0000;0000;0000;0001;01;0;0;100;0;0;0;0;0;0;0;0;0;0;0;0;0;0;0;0;0;0;0;0;0;0;0;0;0;0;0000000000
4722;Lv.1Husky;0001;0926;9999;00;0003;0002;99999;0000;0036;0000;0000;0000;0000;0001;0006;0000;1000;0500;0001;32780;0000;0000;0000;0000;0500;099;099;099;099;099;099;099;1000000;1001000;0000;0000;0000;0000;0001;01;0;0;100;0;0;0;0;0;0;0;0;0;0;0;0;0;0;0;0;0;0;0;0;0;0;0;0;0;0;0000000000
4723;Lv.2Husky;0001;0926;9999;00;0003;0002;99999;0000;0036;0000;0000;0000;0000;0001;0006;0000;1000;0500;0001;32780;0000;0000;0000;0000;0500;099;099;099;099;099;099;099;1000000;1001000;0000;0000;0000;0000;0001;01;0;0;100;0;0;0;0;0;0;0;0;0;0;0;0;0;0;0;0;0;0;0;0;0;0;0;0;0;0;0000000000
4724;Lv.3Husky;0001;0926;9999;00;0003;0002;99999;0000;0036;0000;0000;0000;0000;0001;0006;0000;1000;0500;0001;32780;0000;0000;0000;0000;0500;099;099;099;099;099;099;099;1000000;1001000;0000;0000;0000;0000;0001;01;0;0;100;0;0;0;0;0;0;0;0;0;0;0;0;0;0;0;0;0;0;0;0;0;0;0;0;0;0;0000000000
4725;Lv.4Husky;0001;0926;9999;00;0003;0002;99999;0000;0036;0000;0000;0000;0000;0001;0006;0000;1000;0500;0001;32780;0000;0000;0000;0000;0500;099;099;099;099;099;099;099;1000000;1001000;0000;0000;0000;0000;0001;01;0;0;100;0;0;0;0;0;0;0;0;0;0;0;0;0;0;0;0;0;0;0;0;0;0;0;0;0;0;0000000000
4726;Lv.5Husky;0001;0926;9999;00;0003;0002;99999;0000;0036;0000;0000;0000;0000;0001;0006;0000;1000;0500;0001;32780;0000;0000;0000;0000;0500;099;099;099;099;099;099;099;1000000;1001000;0000;0000;0000;0000;0001;01;0;0;100;0;0;0;0;0;0;0;0;0;0;0;0;0;0;0;0;0;0;0;0;0;0;0;0;0;0;0000000000
4727;Lv.6Husky;0001;0927;9999;00;0003;0002;99999;0000;0036;0000;0000;0000;0000;0001;0006;0000;1000;0500;0001;32780;0000;0000;0000;0000;0500;099;099;099;099;099;099;099;1000000;1001000;0000;0000;0000;0000;0001;01;0;0;100;0;0;0;0;0;0;0;0;0;0;0;0;0;0;0;0;0;0;0;0;0;0;0;0;0;0;0000000000
4728;InternSamoyed;0001;0920;9999;00;0003;0002;99999;0000;0036;0000;0000;0000;0000;0001;0006;0000;1000;0500;0001;32780;0000;0000;0000;0000;0500;099;099;099;099;099;099;099;1000000;1001000;0000;0000;0000;0000;0001;01;0;0;100;0;0;0;0;0;0;0;0;0;0;0;0;0;0;0;0;0;0;0;0;0;0;0;0;0;0;0000000000
4729;Lv.1Samoyed;0001;0920;9999;00;0003;0002;99999;0000;0036;0000;0000;0000;0000;0001;0006;0000;1000;0500;0001;32780;0000;0000;0000;0000;0500;099;099;099;099;099;099;099;1000000;1001000;0000;0000;0000;0000;0001;01;0;0;100;0;0;0;0;0;0;0;0;0;0;0;0;0;0;0;0;0;0;0;0;0;0;0;0;0;0;0000000000
4730;Lv.2Samoyed;0001;0920;9999;00;0003;0002;99999;0000;0036;0000;0000;0000;0000;0001;0006;0000;1000;0500;0001;32780;0000;0000;0000;0000;0500;099;099;099;099;099;099;099;1000000;1001000;0000;0000;0000;0000;0001;01;0;0;100;0;0;0;0;0;0;0;0;0;0;0;0;0;0;0;0;0;0;0;0;0;0;0;0;0;0;0000000000
4731;Lv.3Samoyed;0001;0920;9999;00;0003;0002;99999;0000;0036;0000;0000;0000;0000;0001;0006;0000;1000;0500;0001;32780;0000;0000;0000;0000;0500;099;099;099;099;099;099;099;1000000;1001000;0000;0000;0000;0000;0001;01;0;0;100;0;0;0;0;0;0;0;0;0;0;0;0;0;0;0;0;0;0;0;0;0;0;0;0;0;0;0000000000
4732;Lv.4Samoyed;0001;0920;9999;00;0003;0002;99999;0000;0036;0000;0000;0000;0000;0001;0006;0000;1000;0500;0001;32780;0000;0000;0000;0000;0500;099;099;099;099;099;099;099;1000000;1001000;0000;0000;0000;0000;0001;01;0;0;100;0;0;0;0;0;0;0;0;0;0;0;0;0;0;0;0;0;0;0;0;0;0;0;0;0;0;0000000000
4733;Lv.5Samoyed;0001;0920;9999;00;0003;0002;99999;0000;0036;0000;0000;0000;0000;0001;0006;0000;1000;0500;0001;32780;0000;0000;0000;0000;0500;099;099;099;099;099;099;099;1000000;1001000;0000;0000;0000;0000;0001;01;0;0;100;0;0;0;0;0;0;0;0;0;0;0;0;0;0;0;0;0;0;0;0;0;0;0;0;0;0;0000000000
4734;Lv.6Samoyed;0001;0925;9999;00;0003;0002;99999;0000;0036;0000;0000;0000;0000;0001;0006;0000;1000;0500;0001;32780;0000;0000;0000;0000;0500;099;099;099;099;099;099;099;1000000;1001000;0000;0000;0000;0000;0001;01;0;0;100;0;0;0;0;0;0;0;0;0;0;0;0;0;0;0;0;0;0;0;0;0;0;0;0;0;0;0000000000
4735;InternGoldenRetriever;0001;0928;9999;00;0003;0002;99999;0000;0036;0000;0000;0000;0000;0001;0006;0000;1000;0500;0001;32780;0000;0000;0000;0000;0500;099;099;099;099;099;099;099;1000000;1001000;0000;0000;0000;0000;0001;01;0;0;100;0;0;0;0;0;0;0;0;0;0;0;0;0;0;0;0;0;0;0;0;0;0;0;0;0;0;0000000000
4736;Lv.1GoldenRetriever;0001;0928;9999;00;0003;0002;99999;0000;0036;0000;0000;0000;0000;0001;0006;0000;1000;0500;0001;32780;0000;0000;0000;0000;0500;099;099;099;099;099;099;099;1000000;1001000;0000;0000;0000;0000;0001;01;0;0;100;0;0;0;0;0;0;0;0;0;0;0;0;0;0;0;0;0;0;0;0;0;0;0;0;0;0;0000000000
4737;Lv.2GoldenRetriever;0001;0928;9999;00;0003;0002;99999;0000;0036;0000;0000;0000;0000;0001;0006;0000;1000;0500;0001;32780;0000;0000;0000;0000;0500;099;099;099;099;099;099;099;1000000;1001000;0000;0000;0000;0000;0001;01;0;0;100;0;0;0;0;0;0;0;0;0;0;0;0;0;0;0;0;0;0;0;0;0;0;0;0;0;0;0000000000
4738;Lv.3GoldenRetriever;0001;0928;9999;00;0003;0002;99999;0000;0036;0000;0000;0000;0000;0001;0006;0000;1000;0500;0001;32780;0000;0000;0000;0000;0500;099;099;099;099;099;099;099;1000000;1001000;0000;0000;0000;0000;0001;01;0;0;100;0;0;0;0;0;0;0;0;0;0;0;0;0;0;0;0;0;0;0;0;0;0;0;0;0;0;0000000000
4739;Lv.4GoldenRetriever;0001;0928;9999;00;0003;0002;99999;0000;0036;0000;0000;0000;0000;0001;0006;0000;1000;0500;0001;32780;0000;0000;0000;0000;0500;099;099;099;099;099;099;099;1000000;1001000;0000;0000;0000;0000;0001;01;0;0;100;0;0;0;0;0;0;0;0;0;0;0;0;0;0;0;0;0;0;0;0;0;0;0;0;0;0;0000000000
4740;Lv.5GoldenRetriever;0001;0928;9999;00;0003;0002;99999;0000;0036;0000;0000;0000;0000;0001;0006;0000;1000;0500;0001;32780;0000;0000;0000;0000;0500;099;099;099;099;099;099;099;1000000;1001000;0000;0000;0000;0000;0001;01;0;0;100;0;0;0;0;0;0;0;0;0;0;0;0;0;0;0;0;0;0;0;0;0;0;0;0;0;0;0000000000
4741;Lv.6GoldenRetriever;0001;0929;9999;00;0003;0002;99999;0000;0036;0000;0000;0000;0000;0001;0006;0000;1000;0500;0001;32780;0000;0000;0000;0000;0500;099;099;099;099;099;099;099;1000000;1001000;0000;0000;0000;0000;0001;01;0;0;100;0;0;0;0;0;0;0;0;0;0;0;0;0;0;0;0;0;0;0;0;0;0;0;0;0;0;0000000000
3118;LoveMessenger;0001;0296;40000;00;2000;1500;0000;0036;0086;0000;0000;0000;0000;0001;0010;0000;1000;1000;0132;32771;0000;0000;0001;94416550;0500;009;023;009;023;022;009;023;1000040;1002040;0000;0000;0000;0000;10000;61;0;0;100;0;0;0;0;0;0;0;0;0;0;0;0;0;0;0;0;0;0;0;0;0;0;0;0;0;0;0000000000
3119;LoveThief;0001;0211;98000;00;3000;2300;0000;0036;0086;0000;0000;0000;0000;0001;0010;0000;1000;1000;0137;32771;0000;0000;0001;94416550;0500;009;023;009;023;022;009;023;1000040;1002040;0000;0000;0000;0000;10000;61;0;0;100;0;0;0;0;0;0;0;0;0;0;0;0;0;0;0;0;0;0;0;0;0;0;0;0;0;0;0000000000
2847;BloodboilPrisoner;0001;0262;100000;00;7000;6000;4500;0180;0086;0000;0000;0000;0000;0002;0010;0000;1000;0500;0140;32771;0000;0000;0001;94416550;0500;099;099;099;099;099;099;099;1000040;1002040;0000;0000;0000;0000;5000;00;0;0;100;0;0;0;0;0;0;0;0;0;0;0;0;3200;0;0;0;10000;0;0;0;0;0;0;0;0;0;0000000000
2848;BrutalSoulPrisoner;0001;0197;0010;00;6000;5000;4000;0180;0086;0000;0000;0000;0000;0003;0012;0000;1000;0500;0140;32771;0000;0000;0001;94416550;0500;099;099;099;099;099;099;099;1000040;1002040;0000;0000;0000;0000;0001;00;0;0;100;0;0;0;0;0;0;0;0;0;0;0;0;2800;0;0;0;8000;0;0;0;0;0;0;0;0;0;0000000002
4277;TreasureBoxDefender;0001;0155;0010;00;1253;1134;65000;0030;0086;0000;0000;0000;0000;0001;0010;0000;1000;1000;0100;819203;0000;0000;0001;94416550;0500;099;099;099;099;099;099;099;0000;0000;0000;0000;0000;0000;0001;20;0;0;100;0;0;0;0;0;0;0;0;0;0;0;0;0;0;0;0;0;0;0;0;0;0;0;0;0;0;0000000000
4816;InfernalPhoenix;0001;0919;1080000000;00;33200;22700;54000;0019;0086;0000;0000;0000;0000;0001;0010;0000;2000;0500;0140;2916355;0000;0000;0001;9700000;0300;000;000;000;000;000;000;000;0000;0000;0000;0000;0000;0000;3000;00;0;0;0;0;0;0;0;0;0;0;0;0;0;0;0;0;0;0;0;0;0;0;0;0;0;0;0;0;0;0000000000
4806;MineDevil;0001;0105;100000;00;7000;6000;4500;0180;0086;0000;0000;0000;0000;0002;0010;0000;1000;0500;0140;32771;0000;0000;0001;94416550;0500;099;099;099;099;099;099;099;1000040;1002040;0000;0000;0000;0000;5000;00;0;0;100;0;0;0;0;0;0;0;0;0;0;0;0;3200;0;0;0;10000;0;0;0;0;0;0;0;0;0;0000000000
4824;BloodSnake;0001;0155;80000;00;7000;6000;3500;0180;0086;0000;0000;0000;0000;0002;0010;0000;1000;0500;0140;32771;0000;0000;0001;94416550;0500;099;099;099;099;099;099;099;1000040;1002040;1000;0000;0070;0000;5000;00;0;0;100;0;0;0;0;0;0;0;0;0;0;0;0;3200;0;0;0;10000;0;5500;0;0;0;0;0;0;0;0000000000
3497;LuckyAutumnDemon;0001;0369;0033;00;0005;0004;0000;0000;0036;0000;0000;0000;0000;0001;0006;0000;1000;0500;0001;32771;0005;0000;0000;94416550;0500;099;099;099;099;099;099;099;1000000;1001000;0000;0000;0000;0000;10000;01;0;0;100;0;0;0;0;0;0;0;0;0;0;0;0;0;0;0;0;0;0;0;0;0;0;0;0;0;0;0000000000
3498;LuckyAutumnAncientDemon;0001;0156;0033;00;0005;0004;0000;0000;0036;0000;0000;0000;0000;0001;0006;0000;1000;0500;0001;32771;0005;0000;0000;94416550;0500;099;099;099;099;099;099;099;1000000;1001000;0000;0000;0000;0000;10000;01;0;0;100;0;0;0;0;0;0;0;0;0;0;0;0;0;0;0;0;0;0;0;0;0;0;0;0;0;0;0000000000
3499;LuckyAutumnFloodDemon;0001;0377;0033;00;0005;0004;0000;0000;0036;0000;0000;0000;0000;0001;0006;0000;1000;0500;0001;32771;0005;0000;0000;94416550;0500;099;099;099;099;099;099;099;1000000;1001000;0000;0000;0000;0000;10000;01;0;0;100;0;0;0;0;0;0;0;0;0;0;0;0;0;0;0;0;0;0;0;0;0;0;0;0;0;0;0000000000
3500;LuckyAutumnHeavenDemon;0001;0165;0033;00;0005;0004;0000;0000;0036;0000;0000;0000;0000;0001;0006;0000;1000;0500;0001;32771;0005;0000;0000;94416550;0500;099;099;099;099;099;099;099;1000000;1001000;0000;0000;0000;0000;10000;01;0;0;100;0;0;0;0;0;0;0;0;0;0;0;0;0;0;0;0;0;0;0;0;0;0;0;0;0;0;0000000000
3501;LuckyAutumnChaosDemon;0001;0327;0033;00;0005;0004;0000;0000;0036;0000;0000;0000;0000;0001;0006;0000;1000;0500;0001;32771;0005;0000;0000;94416550;0500;099;099;099;099;099;099;099;1000000;1001000;0000;0000;0000;0000;10000;01;0;0;100;0;0;0;0;0;0;0;0;0;0;0;0;0;0;0;0;0;0;0;0;0;0;0;0;0;0;0000000000
3502;LuckyAutumnAuroraDemon;0001;0210;0033;00;0005;0004;0000;0000;0036;0000;0000;0000;0000;0001;0006;0000;1000;0500;0001;32771;0005;0000;0000;94416550;0500;099;099;099;099;099;099;099;1000000;1001000;0000;0000;0000;0000;10000;01;0;0;100;0;0;0;0;0;0;0;0;0;0;0;0;0;0;0;0;0;0;0;0;0;0;0;0;0;0;0000000000
3503;LuckyAutumnTaiChiDemon;0001;0210;0033;00;0005;0004;0000;0000;0036;0000;0000;0000;0000;0001;0006;0000;1000;0500;0001;32771;0005;0000;0000;94416550;0500;099;099;099;099;099;099;099;1000000;1001000;0000;0000;0000;0000;10000;01;0;0;100;0;0;0;0;0;0;0;0;0;0;0;0;0;0;0;0;0;0;0;0;0;0;0;0;0;0;0000000000
3824;DemonKnight;0001;0006;0007;00;2600;2200;20000;0060;0086;0000;0000;0000;0000;0002;0010;0000;1000;0500;0140;5013539;0000;0000;0001;94416550;0500;099;099;099;099;099;099;099;0000;0000;0000;0000;0000;0000;0001;00;0;0;100;0;0;0;0;0;0;0;0;0;0;0;0;5000;0;0;0;0;0;0;0;0;0;0;0;0;0;0000000000
4757;DemonSwordsman;0001;0006;0007;00;2600;2200;20000;0060;0086;0000;0000;0000;0000;0002;0010;0000;1000;0500;0140;5013539;0000;0000;0001;94416550;0500;099;099;099;099;099;099;099;0000;0000;0000;0000;0000;0000;0001;00;0;0;100;0;0;0;0;0;0;0;0;0;0;0;0;5000;0;0;0;0;0;0;0;0;0;0;0;0;0;0000000000
3711;SeniorGreyFalcon;0001;0231;400000;00;1750;0750;1250;0070;0086;0000;0000;0000;0000;0009;0035;0000;1000;0000;0100;819203;0000;0000;0001;94416550;0000;099;099;099;099;099;099;099;0000;0000;0000;0000;0000;0000;10000;00;0;0;100;0;0;0;0;0;0;0;0;0;0;0;0;0;0;0;0;0;0;0;0;0;0;0;0;0;0;0000000000
3712;SeniorSorrowFalcon;0001;0304;800000;00;1800;0800;1300;0070;0086;0000;0000;0000;0000;0009;0035;0000;1000;0000;0100;819203;0000;0000;0001;94416550;0000;099;099;099;099;099;099;099;0000;0000;0000;0000;0000;0000;10000;00;0;0;100;0;0;0;0;0;0;0;0;0;0;0;0;0;0;0;0;0;0;0;0;0;0;0;0;0;0;0000000000
3713;SeniorInfernalSerpent;0001;0203;1200000;00;1825;0825;1325;0070;0086;0000;0000;0000;0000;0009;0035;0000;1000;0000;0100;819203;0000;0000;0001;94416550;0000;099;099;099;099;099;099;099;0000;0000;0000;0000;0000;0000;10000;00;0;0;100;0;0;0;0;0;0;0;0;0;0;0;0;0;0;0;0;0;0;0;0;0;0;0;0;0;0;0000000000
3714;SeniorSandWraith;0001;0202;1600000;00;1850;0850;1350;0070;0086;0000;0000;0000;0000;0009;0035;0000;1000;0000;0100;819203;0000;0000;0001;94416550;0000;099;099;099;099;099;099;099;0000;0000;0000;0000;0000;0000;10000;00;0;0;100;0;0;0;0;0;0;0;0;0;0;0;0;0;0;0;0;0;0;0;0;0;0;0;0;0;0;0000000000
3715;SeniorSoulEater;0001;0156;2000000;00;1875;0875;1375;0070;0086;0000;0000;0000;0000;0009;0035;0000;1000;0000;0100;819203;0000;0000;0001;94416550;0000;099;099;099;099;099;099;099;0000;0000;0000;0000;0000;0000;10000;00;0;0;100;0;0;0;0;0;0;0;0;0;0;0;0;0;0;0;0;0;0;0;0;0;0;0;0;0;0;0000000000
3716;SeniorEvilWhisperer;0001;0103;2400000;00;1900;0900;1400;0070;0086;0000;0000;0000;0000;0009;0035;0000;1000;0000;0100;819203;0000;0000;0001;94416550;0000;099;099;099;099;099;099;099;0000;0000;0000;0000;0000;0000;10000;00;0;0;100;0;0;0;0;0;0;0;0;0;0;0;0;0;0;0;0;0;0;0;0;0;0;0;0;0;0;0000000000
3717;SeniorTwistedDevil;0001;0204;2800000;00;1925;0925;1425;0070;0086;0000;0000;0000;0000;0009;0035;0000;1000;0000;0100;819203;0000;0000;0001;94416550;0000;099;099;099;099;099;099;099;0000;0000;0000;0000;0000;0000;10000;00;0;0;100;0;0;0;0;0;0;0;0;0;0;0;0;0;0;0;0;0;0;0;0;0;0;0;0;0;0;0000000000
3718;SeniorHeartseeker;0001;0309;3200000;00;1950;0950;1450;0070;0086;0000;0000;0000;0000;0009;0035;0000;1000;0000;0100;819203;0000;0000;0001;94416550;0000;099;099;099;099;099;099;099;0000;0000;0000;0000;0000;0000;10000;00;0;0;100;0;0;0;0;0;0;0;0;0;0;0;0;0;0;0;0;0;0;0;0;0;0;0;0;0;0;0000000000
3719;SeniorFrostDevil;0001;0105;3600000;00;1975;0975;1475;0070;0086;0000;0000;0000;0000;0009;0035;0000;1000;0000;0100;819203;0000;0000;0001;94416550;0000;099;099;099;099;099;099;099;0000;0000;0000;0000;0000;0000;10000;00;0;0;100;0;0;0;0;0;0;0;0;0;0;0;0;0;0;0;0;0;0;0;0;0;0;0;0;0;0;0000000000
3720;SeniorSoullessDevil;0001;0200;4000000;00;2000;1000;1500;0070;0086;0000;0000;0000;0000;0009;0035;0000;1000;0000;0100;819203;0000;0000;0001;94416550;0000;099;099;099;099;099;099;099;0000;0000;0000;0000;0000;0000;10000;00;0;0;100;0;0;0;0;0;0;0;0;0;0;0;0;0;0;0;0;0;0;0;0;0;0;0;0;0;0;0000000000
3721;SeniorFallenFalcon;0001;0205;4400000;00;2025;1025;1525;0070;0086;0000;0000;0000;0000;0009;0035;0000;1000;0000;0100;819203;0000;0000;0001;94416550;0000;099;099;099;099;099;099;099;0000;0000;0000;0000;0000;0000;10000;00;0;0;100;0;0;0;0;0;0;0;0;0;0;0;0;0;0;0;0;0;0;0;0;0;0;0;0;0;0;0000000000
3722;SeniorDustBat;0001;0206;4800000;00;2050;1050;1550;0070;0086;0000;0000;0000;0000;0009;0035;0000;1000;0000;0100;819203;0000;0000;0001;94416550;0000;099;099;099;099;099;099;099;0000;0000;0000;0000;0000;0000;10000;00;0;0;100;0;0;0;0;0;0;0;0;0;0;0;0;0;0;0;0;0;0;0;0;0;0;0;0;0;0;0000000000
3723;SeniorFleshTearer;0001;0305;5200000;00;2075;1075;1575;0070;0086;0000;0000;0000;0000;0009;0035;0000;1000;0000;0100;819203;0000;0000;0001;94416550;0000;099;099;099;099;099;099;099;0000;0000;0000;0000;0000;0000;10000;00;0;0;100;0;0;0;0;0;0;0;0;0;0;0;0;0;0;0;0;0;0;0;0;0;0;0;0;0;0;0000000000
3724;SeniorBoneBiter;0001;0309;5600000;00;2100;1100;1600;0070;0086;0000;0000;0000;0000;0009;0035;0000;1000;0000;0100;819203;0000;0000;0001;94416550;0000;099;099;099;099;099;099;099;0000;0000;0000;0000;0000;0000;10000;00;0;0;100;0;0;0;0;0;0;0;0;0;0;0;0;0;0;0;0;0;0;0;0;0;0;0;0;0;0;0000000000
3725;SeniorTerrorSerpent;0001;0404;6000000;00;2125;1125;1625;0070;0086;0000;0000;0000;0000;0009;0035;0000;1000;0000;0100;819203;0000;0000;0001;94416550;0000;099;099;099;099;099;099;099;0000;0000;0000;0000;0000;0000;10000;00;0;0;100;0;0;0;0;0;0;0;0;0;0;0;0;0;0;0;0;0;0;0;0;0;0;0;0;0;0;0000000000
3726;SeniorHeartBreaker;0001;0303;6400000;00;2150;1150;1650;0070;0086;0000;0000;0000;0000;0009;0035;0000;1000;0000;0100;819203;0000;0000;0001;94416550;0000;099;099;099;099;099;099;099;0000;0000;0000;0000;0000;0000;10000;00;0;0;100;0;0;0;0;0;0;0;0;0;0;0;0;0;0;0;0;0;0;0;0;0;0;0;0;0;0;0000000000
3727;SeniorMarrowEater;0001;0356;6800000;00;2175;1175;1675;0070;0086;0000;0000;0000;0000;0009;0035;0000;1000;0000;0100;819203;0000;0000;0001;94416550;0000;099;099;099;099;099;099;099;0000;0000;0000;0000;0000;0000;10000;00;0;0;100;0;0;0;0;0;0;0;0;0;0;0;0;0;0;0;0;0;0;0;0;0;0;0;0;0;0;0000000000
3728;SeniorBrainEater;0001;0136;7200000;00;2200;1200;1700;0070;0086;0000;0000;0000;0000;0009;0035;0000;1000;0000;0100;819203;0000;0000;0001;94416550;0000;099;099;099;099;099;099;099;0000;0000;0000;0000;0000;0000;10000;00;0;0;100;0;0;0;0;0;0;0;0;0;0;0;0;0;0;0;0;0;0;0;0;0;0;0;0;0;0;0000000000
3729;SeniorRocketBat;0001;0148;7600000;00;2225;1225;1725;0070;0086;0000;0000;0000;0000;0009;0035;0000;1000;0000;0100;819203;0000;0000;0001;94416550;0000;099;099;099;099;099;099;099;0000;0000;0000;0000;0000;0000;10000;00;0;0;100;0;0;0;0;0;0;0;0;0;0;0;0;0;0;0;0;0;0;0;0;0;0;0;0;0;0;0000000000
3730;SeniorCorpseSwallower;0001;0284;8000000;00;2250;1250;1750;0070;0086;0000;0000;0000;0000;0009;0035;0000;1000;0000;0100;819203;0000;0000;0001;94416550;0000;099;099;099;099;099;099;099;0000;0000;0000;0000;0000;0000;10000;00;0;0;100;0;0;0;0;0;0;0;0;0;0;0;0;0;0;0;0;0;0;0;0;0;0;0;0;0;0;0000000000
3731;SeniorShinraWraith;0001;0197;8400000;00;2275;1275;1775;0070;0086;0000;0000;0000;0000;0009;0035;0000;1000;0000;0110;819203;0000;0000;0001;94416550;0000;099;099;099;099;099;099;099;0000;0000;0000;0000;0000;0000;10000;00;0;0;100;0;0;0;0;0;0;0;0;0;0;0;0;0;0;0;0;0;0;0;0;0;0;0;0;0;0;0000000000
3732;SeniorDeathWraith;0001;0210;8800000;00;2300;1300;1800;0070;0086;0000;0000;0000;0000;0009;0035;0000;1000;0000;0110;819203;0000;0000;0001;94416550;0000;099;099;099;099;099;099;099;0000;0000;0000;0000;0000;0000;10000;00;0;0;100;0;0;0;0;0;0;0;0;0;0;0;0;0;0;0;0;0;0;0;0;0;0;0;0;0;0;0000000000
3733;SeniorFieryWraith;0001;0282;9200000;00;2325;1325;1825;0070;0086;0000;0000;0000;0000;0009;0035;0000;1000;0000;0110;819203;0000;0000;0001;94416550;0000;099;099;099;099;099;099;099;0000;0000;0000;0000;0000;0000;10000;00;0;0;100;0;0;0;0;0;0;0;0;0;0;0;0;0;0;0;0;0;0;0;0;0;0;0;0;0;0;0000000000
3734;SeniorFlyingWraith;0001;0248;9600000;00;2350;1350;1850;0070;0086;0000;0000;0000;0000;0009;0035;0000;1000;0000;0110;819203;0000;0000;0001;94416550;0000;099;099;099;099;099;099;099;0000;0000;0000;0000;0000;0000;10000;00;0;0;100;0;0;0;0;0;0;0;0;0;0;0;0;0;0;0;0;0;0;0;0;0;0;0;0;0;0;0000000000
3735;SeniorWickedWraith;0001;0606;10000000;00;2375;1375;1875;0070;0086;0000;0000;0000;0000;0009;0035;0000;1000;0000;0110;819203;0000;0000;0001;94416550;0000;099;099;099;099;099;099;099;0000;0000;0000;0000;0000;0000;10000;00;0;0;100;0;0;0;0;0;0;0;0;0;0;0;0;0;0;0;0;0;0;0;0;0;0;0;0;0;0;0000000000
3736;SeniorViolentSpirit;0001;0605;10400000;00;2400;1400;1900;0070;0086;0000;0000;0000;0000;0009;0035;0000;1000;0000;0110;819203;0000;0000;0001;94416550;0000;099;099;099;099;099;099;099;0000;0000;0000;0000;0000;0000;10000;00;0;0;100;0;0;0;0;0;0;0;0;0;0;0;0;0;0;0;0;0;0;0;0;0;0;0;0;0;0;0000000000
3737;SeniorHorrorWraith;0001;0505;10800000;00;2425;1425;1925;0070;0086;0000;0000;0000;0000;0009;0035;0000;1000;0000;0110;819203;0000;0000;0001;94416550;0000;099;099;099;099;099;099;099;0000;0000;0000;0000;0000;0000;10000;00;0;0;100;0;0;0;0;0;0;0;0;0;0;0;0;0;0;0;0;0;0;0;0;0;0;0;0;0;0;0000000000
3738;SeniorDisasterWraith;0001;0281;11200000;00;2450;1450;1950;0070;0086;0000;0000;0000;0000;0009;0035;0000;1000;0000;0110;819203;0000;0000;0001;94416550;0000;099;099;099;099;099;099;099;0000;0000;0000;0000;0000;0000;10000;00;0;0;100;0;0;0;0;0;0;0;0;0;0;0;0;0;0;0;0;0;0;0;0;0;0;0;0;0;0;0000000000
3739;SeniorMiseryWraith;0001;0604;11600000;00;2475;1475;1975;0070;0086;0000;0000;0000;0000;0009;0035;0000;1000;0000;0110;819203;0000;0000;0001;94416550;0000;099;099;099;099;099;099;099;0000;0000;0000;0000;0000;0000;10000;00;0;0;100;0;0;0;0;0;0;0;0;0;0;0;0;0;0;0;0;0;0;0;0;0;0;0;0;0;0;0000000000
3740;SeniorCloudSpecter;0001;0503;12000000;00;2500;1500;2000;0070;0086;0000;0000;0000;0000;0009;0035;0000;1000;0000;0110;819203;0000;0000;0007;94416550;0000;099;099;099;099;099;099;099;0000;0000;0000;0000;0000;0000;10000;00;0;0;100;0;0;0;0;0;0;0;0;0;0;0;0;0;0;0;0;0;0;0;0;0;0;0;0;0;0;0000000000
3741;SeniorLostSpecter;0001;0556;12400000;00;2650;1650;2150;0070;0086;0000;0000;0000;0000;0009;0035;0000;1000;0000;0110;819203;0000;0000;0001;94416550;0000;099;099;099;099;099;099;099;0000;0000;0000;0000;0000;0000;10000;00;0;0;100;0;0;0;0;0;0;0;0;0;0;0;0;0;0;0;0;0;0;0;0;0;0;0;0;0;0;0000000000
3742;SeniorDiseaseSpecter;0001;0219;12800000;00;2800;1800;2300;0070;0086;0000;0000;0000;0000;0009;0035;0000;1000;0000;0110;819203;0000;0000;0001;94416550;0000;099;099;099;099;099;099;099;0000;0000;0000;0000;0000;0000;10000;00;0;0;100;0;0;0;0;0;0;0;0;0;0;0;0;0;0;0;0;0;0;0;0;0;0;0;0;0;0;0000000000
3743;SeniorRoaringSpecter;0001;0603;13200000;00;2950;1950;2450;0070;0086;0000;0000;0000;0000;0009;0035;0000;1000;0000;0110;819203;0000;0000;0005;94416550;0000;099;099;099;099;099;099;099;0000;0000;0000;0000;0000;0000;10000;00;0;0;100;0;0;0;0;0;0;0;0;0;0;0;0;0;0;0;0;0;0;0;0;0;0;0;0;0;0;0000000000
3744;SeniorShadowSpecter;0001;0211;13600000;00;3100;2100;2600;0070;0086;0000;0000;0000;0000;0009;0035;0000;1000;0000;0110;819203;0000;0000;0003;94416550;0000;099;099;099;099;099;099;099;0000;0000;0000;0000;0000;0000;10000;00;0;0;100;0;0;0;0;0;0;0;0;0;0;0;0;0;0;0;0;0;0;0;0;0;0;0;0;0;0;0000000000
3745;SeniorGrievousSpecter;0001;0400;14000000;00;3250;2250;2750;0070;0086;0000;0000;0000;0000;0009;0035;0000;1000;0000;0110;819203;0000;0000;0005;94416550;0000;099;099;099;099;099;099;099;0000;0000;0000;0000;0000;0000;10000;00;0;0;100;0;0;0;0;0;0;0;0;0;0;0;0;0;0;0;0;0;0;0;0;0;0;0;0;0;0;0000000000
3746;SeniorSkyTearer;0001;0250;14400000;00;3400;2400;2900;0070;0086;0000;0000;0000;0000;0009;0035;0000;1000;0000;0110;819203;0000;0000;0003;94416550;0000;099;099;099;099;099;099;099;0000;0000;0000;0000;0000;0000;10000;00;0;0;100;0;0;0;0;0;0;0;0;0;0;0;0;0;0;0;0;0;0;0;0;0;0;0;0;0;0;0000000000
3747;SeniorWanderingSpecter;0001;0406;14800000;00;3550;2550;3050;0070;0086;0000;0000;0000;0000;0009;0035;0000;1000;0000;0110;819203;0000;0000;0003;94416550;0000;099;099;099;099;099;099;099;0000;0000;0000;0000;0000;0000;10000;00;0;0;100;0;0;0;0;0;0;0;0;0;0;0;0;0;0;0;0;0;0;0;0;0;0;0;0;0;0;0000000000
3748;SeniorGriefSpecter;0001;0348;15200000;00;3700;2700;3200;0070;0086;0000;0000;0000;0000;0009;0035;0000;1000;0000;0110;819203;0000;0000;0003;94416550;0000;099;099;099;099;099;099;099;0000;0000;0000;0000;0000;0000;10000;00;0;0;100;0;0;0;0;0;0;0;0;0;0;0;0;0;0;0;0;0;0;0;0;0;0;0;0;0;0;0000000000
3749;SeniorEvilSpecter;0001;0317;15600000;00;3850;2850;3350;0070;0086;0000;0000;0000;0000;0009;0035;0000;1000;0000;0110;819203;0000;0000;0003;94416550;0000;099;099;099;099;099;099;099;0000;0000;0000;0000;0000;0000;10000;00;0;0;100;0;0;0;0;0;0;0;0;0;0;0;0;0;0;0;0;0;0;0;0;0;0;0;0;0;0;0000000000
3750;SeniorDarkSpecter;0001;0397;16000000;00;4000;3000;3500;0070;0086;0000;0000;0000;0000;0009;0035;0000;1000;0000;0110;819203;0000;0000;0003;94416550;0000;099;099;099;099;099;099;099;0000;0000;0000;0000;0000;0000;10000;00;0;0;100;0;0;0;0;0;0;0;0;0;0;0;0;0;0;0;0;0;0;0;0;0;0;0;0;0;0;0000000000
3751;SeniorThunderFiend;0001;0204;16400000;00;4200;3000;3500;0070;0086;0000;0000;0000;0000;0009;0035;0000;1000;0000;0120;819203;0000;0000;0001;94416550;0000;099;099;099;099;099;099;099;0000;0000;0000;0000;0000;0000;10000;00;0;0;100;0;0;0;0;0;0;0;0;0;0;0;0;0;0;0;0;0;0;0;0;0;0;0;0;0;0;0000000000
3752;SeniorSteelFiend;0001;0214;16800000;00;4400;3200;3700;0070;0086;0000;0000;0000;0000;0009;0035;0000;1000;0000;0120;819203;0000;0000;0001;94416550;0000;099;099;099;099;099;099;099;0000;0000;0000;0000;0000;0000;10000;00;0;0;100;0;0;0;0;0;0;0;0;0;0;0;0;0;0;0;0;0;0;0;0;0;0;0;0;0;0;0000000000
3753;SeniorCopperFiend;0001;0213;17200000;00;4600;3400;3900;0070;0086;0000;0000;0000;0000;0009;0035;0000;1000;0000;0120;819203;0000;0000;0001;94416550;0000;099;099;099;099;099;099;099;0000;0000;0000;0000;0000;0000;10000;00;0;0;100;0;0;0;0;0;0;0;0;0;0;0;0;0;0;0;0;0;0;0;0;0;0;0;0;0;0;0000000000
3754;SeniorRockFiend;0001;0274;17600000;00;4800;3600;4100;0070;0086;0000;0000;0000;0000;0009;0035;0000;1000;0000;0120;819203;0000;0000;0001;94416550;0000;099;099;099;099;099;099;099;0000;0000;0000;0000;0000;0000;10000;00;0;0;100;0;0;0;0;0;0;0;0;0;0;0;0;0;0;0;0;0;0;0;0;0;0;0;0;0;0;0000000000
3755;SeniorSwiftPhantom;0001;0207;18000000;00;5000;3800;4300;0070;0086;0000;0000;0000;0000;0009;0035;0000;1000;0000;0120;819203;0000;0000;0001;94416550;0000;099;099;099;099;099;099;099;0000;0000;0000;0000;0000;0000;10000;00;0;0;100;0;0;0;0;0;0;0;0;0;0;0;0;0;0;0;0;0;0;0;0;0;0;0;0;0;0;0000000000
3756;SeniorRainbowPhantom;0001;0267;18400000;00;5200;4000;4500;0070;0086;0000;0000;0000;0000;0009;0035;0000;1000;0000;0120;819203;0000;0000;0001;94416550;0000;099;099;099;099;099;099;099;0000;0000;0000;0000;0000;0000;10000;00;0;0;100;0;0;0;0;0;0;0;0;0;0;0;0;0;0;0;0;0;0;0;0;0;0;0;0;0;0;0000000000
3757;SeniorScaledPhantom;0001;0217;18800000;00;5400;4200;4700;0070;0086;0000;0000;0000;0000;0009;0035;0000;1000;0000;0120;819203;0000;0000;0001;94416550;0000;099;099;099;099;099;099;099;0000;0000;0000;0000;0000;0000;10000;00;0;0;100;0;0;0;0;0;0;0;0;0;0;0;0;0;0;0;0;0;0;0;0;0;0;0;0;0;0;0000000000
3758;SeniorIronPhantom;0001;0277;19200000;00;5600;4400;4900;0070;0086;0000;0000;0000;0000;0009;0035;0000;1000;0000;0120;819203;0000;0000;0001;94416550;0000;099;099;099;099;099;099;099;0000;0000;0000;0000;0000;0000;10000;00;0;0;100;0;0;0;0;0;0;0;0;0;0;0;0;0;0;0;0;0;0;0;0;0;0;0;0;0;0;0000000000
3759;SeniorRockPhantom;0001;0273;19600000;00;5800;4600;5100;0070;0086;0000;0000;0000;0000;0009;0035;0000;1000;0000;0120;819203;0000;0000;0001;94416550;0000;099;099;099;099;099;099;099;0000;0000;0000;0000;0000;0000;10000;00;0;0;100;0;0;0;0;0;0;0;0;0;0;0;0;0;0;0;0;0;0;0;0;0;0;0;0;0;0;0000000000
3760;SeniorGoldenRockDevil;0001;0240;20000000;00;6000;4800;5300;0070;0086;0000;0000;0000;0000;0009;0035;0000;1000;0000;0120;819203;0000;0000;0008;94416550;0000;099;099;099;099;099;099;099;0000;0000;0000;0000;0000;0000;10000;00;0;0;100;0;0;0;0;0;0;0;0;0;0;0;0;0;0;0;0;0;0;0;0;0;0;0;0;0;0;0000000000
3761;SeniorToxicRockDevil;0001;0127;20400000;00;6700;5200;5700;0070;0086;0000;0000;0000;0000;0009;0035;0000;1000;0000;0120;819203;0000;0000;0003;94416550;0000;099;099;099;099;099;099;099;0000;0000;0000;0000;0000;0000;10000;00;0;0;100;0;0;0;0;0;0;0;0;0;0;0;0;5000;0;0;0;0;0;0;0;0;0;0;0;0;0;0000000000
3762;SeniorWildRockDevil;0001;0308;20800000;00;6900;5400;5900;0070;0086;0000;0000;0000;0000;0009;0035;0000;1000;0000;0120;819203;0000;0000;0003;94416550;0000;099;099;099;099;099;099;099;0000;0000;0000;0000;0000;0000;10000;00;0;0;100;0;0;0;0;0;0;0;0;0;0;0;0;5000;0;0;0;0;0;0;0;0;0;0;0;0;0;0000000000
3763;SeniorBrutalRockDevil;0001;0224;21200000;00;7100;5600;6100;0070;0086;0000;0000;0000;0000;0009;0035;0000;1000;0000;0120;819203;0000;0000;0003;94416550;0000;099;099;099;099;099;099;099;0000;0000;0000;0000;0000;0000;10000;00;0;0;100;0;0;0;0;0;0;0;0;0;0;0;0;5000;0;0;0;0;0;0;0;0;0;0;0;0;0;0000000000
3764;SeniorDarkRockDevil;0001;0222;21600000;00;7300;5800;6300;0070;0086;0000;0000;0000;0000;0009;0035;0000;1000;0000;0120;819203;0000;0000;0003;94416550;0000;099;099;099;099;099;099;099;0000;0000;0000;0000;0000;0000;10000;00;0;0;100;0;0;0;0;0;0;0;0;0;0;0;0;5000;0;0;0;0;0;0;0;0;0;0;0;0;0;0000000000
3765;SeniorFlameGhost;0001;0133;22000000;00;7500;6000;6500;0070;0086;0000;0000;0000;0000;0009;0035;0000;1000;0000;0120;819203;0000;0000;0003;94416550;0000;099;099;099;099;099;099;099;0000;0000;0000;0000;0000;0000;10000;00;0;0;100;0;0;0;0;0;0;0;0;0;0;0;0;5000;0;0;0;0;0;0;0;0;0;0;0;0;0;0000000000
3766;SeniorThunderGhost;0001;0156;22400000;00;7700;6200;6700;0070;0086;0000;0000;0000;0000;0009;0035;0000;1000;0000;0120;819203;0000;0000;0001;94416550;0000;099;099;099;099;099;099;099;0000;0000;0000;0000;0000;0000;10000;00;0;0;100;0;0;0;0;0;0;0;0;0;0;0;0;5000;0;0;0;0;0;0;0;0;0;0;0;0;0;0000000000
3767;SeniorWindGhost;0001;0953;22800000;00;7900;6400;6900;0070;0086;0000;0000;0000;0000;0009;0035;0000;1000;0000;0120;819203;0000;0000;0001;94416550;0000;099;099;099;099;099;099;099;0000;0000;0000;0000;0000;0000;10000;00;0;0;100;0;0;0;0;0;0;0;0;0;0;0;0;5000;0;0;0;0;0;0;0;0;0;0;0;0;0;0000000000
3768;SeniorFireGhost;0001;0225;23200000;00;8100;6600;7100;0070;0086;0000;0000;0000;0000;0009;0035;0000;1000;0000;0120;819203;0000;0000;0001;94416550;0000;099;099;099;099;099;099;099;0000;0000;0000;0000;0000;0000;10000;00;0;0;100;0;0;0;0;0;0;0;0;0;0;0;0;5000;0;0;0;0;0;0;0;0;0;0;0;0;0;0000000000
3769;SeniorForstGhost;0001;0606;23600000;00;8300;6800;7300;0070;0086;0000;0000;0000;0000;0009;0035;0000;1000;0000;0120;819203;0000;0000;0001;94416550;0000;099;099;099;099;099;099;099;0000;0000;0000;0000;0000;0000;10000;00;0;0;100;0;0;0;0;0;0;0;0;0;0;0;0;5000;0;0;0;0;0;0;0;0;0;0;0;0;0;0000000000
3770;SeniorSharpGhost;0001;0332;24000000;00;8500;7000;7500;0070;0086;0000;0000;0000;0000;0009;0035;0000;1000;0000;0120;819203;0000;0000;0009;94416550;0000;099;099;099;099;099;099;099;0000;0000;0000;0000;0000;0000;10000;00;0;0;100;0;0;0;0;0;0;0;0;0;0;0;0;5000;0;0;0;0;0;0;0;0;0;0;0;0;0;0000000000
3771;SeniorHeartlessSoldier;0001;0162;24400000;00;8650;6850;7350;0070;0086;0000;0000;0000;0000;0009;0035;0000;1000;0000;0135;819203;0000;0000;0001;94416550;0000;099;099;099;099;099;099;099;0000;0000;0000;0000;0000;0000;10000;00;0;0;100;0;0;0;0;0;0;0;0;0;0;0;0;5500;0;0;0;0;0;0;0;0;0;0;0;0;0;0000000000
3772;SeniorViciousSoldier;0001;0263;24800000;00;8800;7000;7500;0070;0086;0000;0000;0000;0000;0009;0035;0000;1000;0000;0135;819203;0000;0000;0001;94416550;0000;099;099;099;099;099;099;099;0000;0000;0000;0000;0000;0000;10000;00;0;0;100;0;0;0;0;0;0;0;0;0;0;0;0;5500;0;0;0;0;0;0;0;0;0;0;0;0;0;0000000000
3773;SeniorDarkSoldier;0001;0363;25200000;00;8950;7150;7650;0070;0086;0000;0000;0000;0000;0009;0035;0000;1000;0000;0135;819203;0000;0000;0001;94416550;0000;099;099;099;099;099;099;099;0000;0000;0000;0000;0000;0000;10000;00;0;0;100;0;0;0;0;0;0;0;0;0;0;0;0;5500;0;0;0;0;0;0;0;0;0;0;0;0;0;0000000000
3774;SeniorEvilLightSoldier;0001;0165;25600000;00;9100;7300;7800;0070;0086;0000;0000;0000;0000;0009;0035;0000;1000;0000;0135;819203;0000;0000;0001;94416550;0000;099;099;099;099;099;099;099;0000;0000;0000;0000;0000;0000;10000;00;0;0;100;0;0;0;0;0;0;0;0;0;0;0;0;5500;0;0;0;0;0;0;0;0;0;0;0;0;0;0000000000
3775;SeniorEvilFlyingSoldier;0001;0265;26000000;00;9250;7450;7950;0070;0086;0000;0000;0000;0000;0009;0035;0000;1000;0000;0135;819203;0000;0000;0001;94416550;0000;099;099;099;099;099;099;099;0000;0000;0000;0000;0000;0000;10000;00;0;0;100;0;0;0;0;0;0;0;0;0;0;0;0;5500;0;0;0;0;0;0;0;0;0;0;0;0;0;0000000000
3776;SeniorEvilSkySoldier;0001;0230;26400000;00;9400;7600;8100;0070;0086;0000;0000;0000;0000;0009;0035;0000;1000;0000;0135;819203;0000;0000;0001;94416550;0000;099;099;099;099;099;099;099;0000;0000;0000;0000;0000;0000;10000;00;0;0;100;0;0;0;0;0;0;0;0;0;0;0;0;5500;0;0;0;0;0;0;0;0;0;0;0;0;0;0000000000
3777;SeniorEvilWindSoldier;0001;0179;26800000;00;9550;7750;8250;0070;0086;0000;0000;0000;0000;0009;0035;0000;1000;0000;0135;819203;0000;0000;0001;94416550;0000;099;099;099;099;099;099;099;0000;0000;0000;0000;0000;0000;10000;00;0;0;100;0;0;0;0;0;0;0;0;0;0;0;0;5500;0;0;0;0;0;0;0;0;0;0;0;0;0;0000000000
3778;SeniorEvilCloudSoldier;0001;0327;27200000;00;9700;7900;8400;0070;0086;0000;0000;0000;0000;0009;0035;0000;1000;0000;0135;819203;0000;0000;0001;94416550;0000;099;099;099;099;099;099;099;0000;0000;0000;0000;0000;0000;10000;00;0;0;100;0;0;0;0;0;0;0;0;0;0;0;0;5500;0;0;0;0;0;0;0;0;0;0;0;0;0;0000000000
3779;SeniorEvilThunderSoldier;0001;0353;27600000;00;9850;8050;8550;0070;0086;0000;0000;0000;0000;0009;0035;0000;1000;0000;0135;819203;0000;0000;0001;94416550;0000;099;099;099;099;099;099;099;0000;0000;0000;0000;0000;0000;10000;00;0;0;100;0;0;0;0;0;0;0;0;0;0;0;0;5500;0;0;0;0;0;0;0;0;0;0;0;0;0;0000000000
3780;SeniorEvilFrostSoldier;0001;0262;28000000;00;10000;8200;8700;0070;0086;0000;0000;0000;0000;0009;0035;0000;1000;0000;0135;819203;0000;0000;0002;94416550;0000;099;099;099;099;099;099;099;0000;0000;0000;0000;0000;0000;10000;00;0;0;100;0;0;0;0;0;0;0;0;0;0;0;0;5500;0;0;0;0;0;0;0;0;0;0;0;0;0;0000000000
3781;SeniorSoulCrusher;0001;0252;28400000;00;11050;8250;8750;0070;0086;0000;0000;0000;0000;0009;0035;0000;1000;0000;0135;819203;0000;0000;0001;94416550;0000;099;099;099;099;099;099;099;0000;0000;0000;0000;0000;0000;10000;00;0;0;100;0;0;0;0;0;0;0;0;0;0;0;0;6000;0;0;0;0;0;0;0;0;0;0;0;0;0;0000000000
3782;SeniorBoneCrusher;0001;0326;28800000;00;11100;8300;8800;0070;0086;0000;0000;0000;0000;0009;0035;0000;1000;0000;0135;819203;0000;0000;0001;94416550;0000;099;099;099;099;099;099;099;0000;0000;0000;0000;0000;0000;10000;00;0;0;100;0;0;0;0;0;0;0;0;0;0;0;0;6000;0;0;0;0;0;0;0;0;0;0;0;0;0;0000000000
3783;SeniorThunderCrusher;0001;0404;29200000;00;11150;8350;8850;0070;0086;0000;0000;0000;0000;0009;0035;0000;1000;0000;0135;819203;0000;0000;0001;94416550;0000;099;099;099;099;099;099;099;0000;0000;0000;0000;0000;0000;10000;00;0;0;100;0;0;0;0;0;0;0;0;0;0;0;0;6000;0;0;0;0;0;0;0;0;0;0;0;0;0;0000000000
3784;SeniorSkyCrusher;0001;0303;29600000;00;11200;8400;8900;0070;0086;0000;0000;0000;0000;0009;0035;0000;1000;0000;0135;819203;0000;0000;0001;94416550;0000;099;099;099;099;099;099;099;0000;0000;0000;0000;0000;0000;10000;00;0;0;100;0;0;0;0;0;0;0;0;0;0;0;0;6000;0;0;0;0;0;0;0;0;0;0;0;0;0;0000000000
3785;SeniorFireCrusher;0001;0356;30000000;00;11250;8450;8950;0070;0086;0000;0000;0000;0000;0009;0035;0000;1000;0000;0135;819203;0000;0000;0001;94416550;0000;099;099;099;099;099;099;099;0000;0000;0000;0000;0000;0000;10000;00;0;0;100;0;0;0;0;0;0;0;0;0;0;0;0;6000;0;0;0;0;0;0;0;0;0;0;0;0;0;0000000000
3786;SeniorIceDevil;0001;0136;30400000;00;11300;8500;9000;0070;0086;0000;0000;0000;0000;0009;0035;0000;1000;0000;0135;819203;0000;0000;0001;94416550;0000;099;099;099;099;099;099;099;0000;0000;0000;0000;0000;0000;10000;00;0;0;100;0;0;0;0;0;0;0;0;0;0;0;0;6000;0;0;0;0;0;0;0;0;0;0;0;0;0;0000000000
3787;SeniorDoomBat;0001;0148;30800000;00;11350;8550;9050;0070;0086;0000;0000;0000;0000;0009;0035;0000;1000;0000;0135;819203;0000;0000;0001;94416550;0000;099;099;099;099;099;099;099;0000;0000;0000;0000;0000;0000;10000;00;0;0;100;0;0;0;0;0;0;0;0;0;0;0;0;6000;0;0;0;0;0;0;0;0;0;0;0;0;0;0000000000
3788;SeniorLavaDevil;0001;0284;31200000;00;11400;8600;9100;0070;0086;0000;0000;0000;0000;0009;0035;0000;1000;0000;0135;819203;0000;0000;0001;94416550;0000;099;099;099;099;099;099;099;0000;0000;0000;0000;0000;0000;10000;00;0;0;100;0;0;0;0;0;0;0;0;0;0;0;0;6000;0;0;0;0;0;0;0;0;0;0;0;0;0;0000000000
3789;SeniorIron-wingedDevil;0001;0197;31600000;00;11450;8650;9150;0070;0086;0000;0000;0000;0000;0009;0035;0000;1000;0000;0135;819203;0000;0000;0001;94416550;0000;099;099;099;099;099;099;099;0000;0000;0000;0000;0000;0000;10000;00;0;0;100;0;0;0;0;0;0;0;0;0;0;0;0;6000;0;0;0;0;0;0;0;0;0;0;0;0;0;0000000000
3790;SeniorSizzlingDevil;0001;0210;32000000;00;11500;8700;9200;0070;0086;0000;0000;0000;0000;0009;0035;0000;1000;0000;0135;819203;0000;0000;0002;94416550;0000;099;099;099;099;099;099;099;0000;0000;0000;0000;0000;0000;10000;00;0;0;100;0;0;0;0;0;0;0;0;0;0;0;0;6000;0;0;0;0;0;0;0;0;0;0;0;0;0;0000000000
3791;SeniorFlameDestroyer;0001;0282;32400000;00;11550;8050;8550;0070;0086;0000;0000;0000;0000;0009;0035;0000;1000;0000;0140;819203;0000;0000;0001;94416550;0000;099;099;099;099;099;099;099;0000;0000;0000;0000;0000;0000;10000;00;0;0;100;0;0;0;0;0;0;0;0;0;0;0;0;6000;0;0;0;0;0;0;0;0;0;0;0;0;0;0000000000
3792;SeniorHeavenBat;0001;0248;32800000;00;11600;8100;8600;0070;0086;0000;0000;0000;0000;0009;0035;0000;1000;0000;0140;819203;0000;0000;0001;94416550;0000;099;099;099;099;099;099;099;0000;0000;0000;0000;0000;0000;10000;00;0;0;100;0;0;0;0;0;0;0;0;0;0;0;0;6000;0;0;0;0;0;0;0;0;0;0;0;0;0;0000000000
3793;SeniorEarthDestroyer;0001;0606;33200000;00;11650;8150;8650;0070;0086;0000;0000;0000;0000;0009;0035;0000;1000;0000;0140;819203;0000;0000;0001;94416550;0000;099;099;099;099;099;099;099;0000;0000;0000;0000;0000;0000;10000;00;0;0;100;0;0;0;0;0;0;0;0;0;0;0;0;6000;0;0;0;0;0;0;0;0;0;0;0;0;0;0000000000
3794;SeniorDominatingDestroyer;0001;0605;33600000;00;11700;8200;8700;0070;0086;0000;0000;0000;0000;0009;0035;0000;1000;0000;0140;819203;0000;0000;0001;94416550;0000;099;099;099;099;099;099;099;0000;0000;0000;0000;0000;0000;10000;00;0;0;100;0;0;0;0;0;0;0;0;0;0;0;0;6000;0;0;0;0;0;0;0;0;0;0;0;0;0;0000000000
3795;SeniorConquestDestroyer;0001;0505;34000000;00;11750;8250;8750;0070;0086;0000;0000;0000;0000;0009;0035;0000;1000;0000;0140;819203;0000;0000;0001;94416550;0000;099;099;099;099;099;099;099;0000;0000;0000;0000;0000;0000;10000;00;0;0;100;0;0;0;0;0;0;0;0;0;0;0;0;6000;0;0;0;0;0;0;0;0;0;0;0;0;0;0000000000
3796;SeniorSkyDestroyer;0001;0281;34400000;00;11800;8300;8800;0070;0086;0000;0000;0000;0000;0009;0035;0000;1000;0000;0140;819203;0000;0000;0001;94416550;0000;099;099;099;099;099;099;099;0000;0000;0000;0000;0000;0000;10000;00;0;0;100;0;0;0;0;0;0;0;0;0;0;0;0;6000;0;0;0;0;0;0;0;0;0;0;0;0;0;0000000000
3797;SeniorSolarDestroyer;0001;0604;34800000;00;11850;8350;8850;0070;0086;0000;0000;0000;0000;0009;0035;0000;1000;0000;0140;819203;0000;0000;0001;94416550;0000;099;099;099;099;099;099;099;0000;0000;0000;0000;0000;0000;10000;00;0;0;100;0;0;0;0;0;0;0;0;0;0;0;0;6000;0;0;0;0;0;0;0;0;0;0;0;0;0;0000000000
3798;SeniorPowerDestroyer;0001;0503;35200000;00;11900;8400;8900;0070;0086;0000;0000;0000;0000;0009;0035;0000;1000;0000;0140;819203;0000;0000;0001;94416550;0000;099;099;099;099;099;099;099;0000;0000;0000;0000;0000;0000;10000;00;0;0;100;0;0;0;0;0;0;0;0;0;0;0;0;6000;0;0;0;0;0;0;0;0;0;0;0;0;0;0000000000
3799;SeniorStarDestroyer;0001;0556;35600000;00;11950;8450;8950;0070;0086;0000;0000;0000;0000;0009;0035;0000;1000;0000;0140;819203;0000;0000;0001;94416550;0000;099;099;099;099;099;099;099;0000;0000;0000;0000;0000;0000;10000;00;0;0;100;0;0;0;0;0;0;0;0;0;0;0;0;6000;0;0;0;0;0;0;0;0;0;0;0;0;0;0000000000
3800;SeniorWarDestroyer;0001;0219;36000000;00;12000;8500;9000;0070;0086;0000;0000;0000;0000;0009;0035;0000;1000;0000;0140;819203;0000;0000;0005;94416550;0000;099;099;099;099;099;099;099;0000;0000;0000;0000;0000;0000;10000;00;0;0;100;0;0;0;0;0;0;0;0;0;0;0;0;6000;0;0;0;0;0;0;0;0;0;0;0;0;0;0000000000
3801;SeniorSoulMessenger;0001;0603;36400000;00;12050;8550;9050;0070;0086;0000;0000;0000;0000;0009;0035;0000;1000;0000;0140;819203;0000;0000;0005;94416550;0000;099;099;099;099;099;099;099;0000;0000;0000;0000;0000;0000;10000;00;0;0;100;0;0;0;0;0;0;0;0;0;0;0;0;6000;0;0;0;0;0;0;0;0;0;0;0;0;0;0000000000
3802;SeniorSkyMessenger;0001;0211;36800000;00;12100;8600;9100;0070;0086;0000;0000;0000;0000;0009;0035;0000;1000;0000;0140;819203;0000;0000;0003;94416550;0000;099;099;099;099;099;099;099;0000;0000;0000;0000;0000;0000;10000;00;0;0;100;0;0;0;0;0;0;0;0;0;0;0;0;6000;0;0;0;0;0;0;0;0;0;0;0;0;0;0000000000
3803;SeniorMountainMessenger;0001;0400;37200000;00;12150;8650;9150;0070;0086;0000;0000;0000;0000;0009;0035;0000;1000;0000;0140;819203;0000;0000;0005;94416550;0000;099;099;099;099;099;099;099;0000;0000;0000;0000;0000;0000;10000;00;0;0;100;0;0;0;0;0;0;0;0;0;0;0;0;6000;0;0;0;0;0;0;0;0;0;0;0;0;0;0000000000
3804;SeniorPeakPredator;0001;0240;37600000;00;12200;8700;9200;0070;0086;0000;0000;0000;0000;0009;0035;0000;1000;0000;0140;819203;0000;0000;0008;94416550;0000;099;099;099;099;099;099;099;0000;0000;0000;0000;0000;0000;10000;00;0;0;100;0;0;0;0;0;0;0;0;0;0;0;0;6000;0;0;0;0;0;0;0;0;0;0;0;0;0;0000000000
3805;SeniorMountainPredator;0001;0127;38000000;00;12250;8750;9250;0070;0086;0000;0000;0000;0000;0009;0035;0000;1000;0000;0140;819203;0000;0000;0003;94416550;0000;099;099;099;099;099;099;099;0000;0000;0000;0000;0000;0000;10000;00;0;0;100;0;0;0;0;0;0;0;0;0;0;0;0;6000;0;0;0;0;0;0;0;0;0;0;0;0;0;0000000000
3806;SeniorWildPredator;0001;0308;38400000;00;12300;8800;9300;0070;0086;0000;0000;0000;0000;0009;0035;0000;1000;0000;0140;819203;0000;0000;0003;94416550;0000;099;099;099;099;099;099;099;0000;0000;0000;0000;0000;0000;10000;00;0;0;100;0;0;0;0;0;0;0;0;0;0;0;0;6000;0;0;0;0;0;0;0;0;0;0;0;0;0;0000000000
3807;SeniorSkyPredator;0001;0224;38800000;00;12350;8850;9350;0070;0086;0000;0000;0000;0000;0009;0035;0000;1000;0000;0140;819203;0000;0000;0003;94416550;0000;099;099;099;099;099;099;099;0000;0000;0000;0000;0000;0000;10000;00;0;0;100;0;0;0;0;0;0;0;0;0;0;0;0;6000;0;0;0;0;0;0;0;0;0;0;0;0;0;0000000000
3808;SeniorStarEvilLord;0001;0222;39200000;00;12400;8900;9400;0070;0086;0000;0000;0000;0000;0009;0035;0000;1000;0000;0140;819203;0000;0000;0003;94416550;0000;099;099;099;099;099;099;099;0000;0000;0000;0000;0000;0000;10000;00;0;0;100;0;0;0;0;0;0;0;0;0;0;0;0;6000;0;0;0;0;0;0;0;0;0;0;0;0;0;0000000000
3809;SeniorLunarEvilLord;0001;0133;39600000;00;12450;8950;9450;0070;0086;0000;0000;0000;0000;0009;0035;0000;1000;0000;0140;819203;0000;0000;0003;94416550;0000;099;099;099;099;099;099;099;0000;0000;0000;0000;0000;0000;10000;00;0;0;100;0;0;0;0;0;0;0;0;0;0;0;0;6000;0;0;0;0;0;0;0;0;0;0;0;0;0;0000000000
3810;SeniorSolarEvilLord;0001;0160;40000000;00;12500;9000;9500;0070;0086;0000;0000;0000;0000;0009;0035;0000;1000;0000;0140;819203;0000;0000;0003;94416550;0000;099;099;099;099;099;099;099;0000;0000;0000;0000;0000;0000;10000;00;0;0;100;0;0;0;0;0;0;0;0;0;0;0;0;6000;0;0;0;0;0;0;0;0;0;0;0;0;0;0000000000
3827;GreyFalcon;0001;0231;200000;00;1750;0750;1250;0070;0086;0000;0000;0000;0000;0009;0035;0000;1000;0000;0100;819203;0000;0000;0001;94416550;0000;099;099;099;099;099;099;099;0000;0000;0000;0000;0000;0000;10000;00;0;0;100;0;0;0;0;0;0;0;0;0;0;0;0;0;0;0;0;0;0;0;0;0;0;0;0;0;0;0000000000
3828;SorrowFalcon;0001;0304;400000;00;1800;0800;1300;0070;0086;0000;0000;0000;0000;0009;0035;0000;1000;0000;0100;819203;0000;0000;0001;94416550;0000;099;099;099;099;099;099;099;0000;0000;0000;0000;0000;0000;10000;00;0;0;100;0;0;0;0;0;0;0;0;0;0;0;0;0;0;0;0;0;0;0;0;0;0;0;0;0;0;0000000000
3829;InfernalSerpent;0001;0203;600000;00;1825;0825;1325;0070;0086;0000;0000;0000;0000;0009;0035;0000;1000;0000;0100;819203;0000;0000;0001;94416550;0000;099;099;099;099;099;099;099;0000;0000;0000;0000;0000;0000;10000;00;0;0;100;0;0;0;0;0;0;0;0;0;0;0;0;0;0;0;0;0;0;0;0;0;0;0;0;0;0;0000000000
3830;SandWraith;0001;0202;800000;00;1850;0850;1350;0070;0086;0000;0000;0000;0000;0009;0035;0000;1000;0000;0100;819203;0000;0000;0001;94416550;0000;099;099;099;099;099;099;099;0000;0000;0000;0000;0000;0000;10000;00;0;0;100;0;0;0;0;0;0;0;0;0;0;0;0;0;0;0;0;0;0;0;0;0;0;0;0;0;0;0000000000
3831;SoulEater;0001;0156;1000000;00;1875;0875;1375;0070;0086;0000;0000;0000;0000;0009;0035;0000;1000;0000;0100;819203;0000;0000;0001;94416550;0000;099;099;099;099;099;099;099;0000;0000;0000;0000;0000;0000;10000;00;0;0;100;0;0;0;0;0;0;0;0;0;0;0;0;0;0;0;0;0;0;0;0;0;0;0;0;0;0;0000000000
3832;EvilWhisperer;0001;0103;1200000;00;1900;0900;1400;0070;0086;0000;0000;0000;0000;0009;0035;0000;1000;0000;0100;819203;0000;0000;0001;94416550;0000;099;099;099;099;099;099;099;0000;0000;0000;0000;0000;0000;10000;00;0;0;100;0;0;0;0;0;0;0;0;0;0;0;0;0;0;0;0;0;0;0;0;0;0;0;0;0;0;0000000000
3833;TwistedDevil;0001;0204;1400000;00;1925;0925;1425;0070;0086;0000;0000;0000;0000;0009;0035;0000;1000;0000;0100;819203;0000;0000;0001;94416550;0000;099;099;099;099;099;099;099;0000;0000;0000;0000;0000;0000;10000;00;0;0;100;0;0;0;0;0;0;0;0;0;0;0;0;0;0;0;0;0;0;0;0;0;0;0;0;0;0;0000000000
3834;Heartseeker;0001;0309;1600000;00;1950;0950;1450;0070;0086;0000;0000;0000;0000;0009;0035;0000;1000;0000;0100;819203;0000;0000;0001;94416550;0000;099;099;099;099;099;099;099;0000;0000;0000;0000;0000;0000;10000;00;0;0;100;0;0;0;0;0;0;0;0;0;0;0;0;0;0;0;0;0;0;0;0;0;0;0;0;0;0;0000000000
3835;FrostDevil;0001;0105;1800000;00;1975;0975;1475;0070;0086;0000;0000;0000;0000;0009;0035;0000;1000;0000;0100;819203;0000;0000;0001;94416550;0000;099;099;099;099;099;099;099;0000;0000;0000;0000;0000;0000;10000;00;0;0;100;0;0;0;0;0;0;0;0;0;0;0;0;0;0;0;0;0;0;0;0;0;0;0;0;0;0;0000000000
3836;SoullessDevil;0001;0200;2000000;00;2000;1000;1500;0070;0086;0000;0000;0000;0000;0009;0035;0000;1000;0000;0100;819203;0000;0000;0001;94416550;0000;099;099;099;099;099;099;099;0000;0000;0000;0000;0000;0000;10000;00;0;0;100;0;0;0;0;0;0;0;0;0;0;0;0;0;0;0;0;0;0;0;0;0;0;0;0;0;0;0000000000
3837;FallenFalcon;0001;0205;2200000;00;2025;1025;1525;0070;0086;0000;0000;0000;0000;0009;0035;0000;1000;0000;0100;819203;0000;0000;0001;94416550;0000;099;099;099;099;099;099;099;0000;0000;0000;0000;0000;0000;10000;00;0;0;100;0;0;0;0;0;0;0;0;0;0;0;0;0;0;0;0;0;0;0;0;0;0;0;0;0;0;0000000000
3838;DustBat;0001;0206;2400000;00;2050;1050;1550;0070;0086;0000;0000;0000;0000;0009;0035;0000;1000;0000;0100;819203;0000;0000;0001;94416550;0000;099;099;099;099;099;099;099;0000;0000;0000;0000;0000;0000;10000;00;0;0;100;0;0;0;0;0;0;0;0;0;0;0;0;0;0;0;0;0;0;0;0;0;0;0;0;0;0;0000000000
3839;FleshTearer;0001;0305;2600000;00;2075;1075;1575;0070;0086;0000;0000;0000;0000;0009;0035;0000;1000;0000;0100;819203;0000;0000;0001;94416550;0000;099;099;099;099;099;099;099;0000;0000;0000;0000;0000;0000;10000;00;0;0;100;0;0;0;0;0;0;0;0;0;0;0;0;0;0;0;0;0;0;0;0;0;0;0;0;0;0;0000000000
3840;BoneBiter;0001;0309;2800000;00;2100;1100;1600;0070;0086;0000;0000;0000;0000;0009;0035;0000;1000;0000;0100;819203;0000;0000;0001;94416550;0000;099;099;099;099;099;099;099;0000;0000;0000;0000;0000;0000;10000;00;0;0;100;0;0;0;0;0;0;0;0;0;0;0;0;0;0;0;0;0;0;0;0;0;0;0;0;0;0;0000000000
3841;TerrorSerpent;0001;0404;3000000;00;2125;1125;1625;0070;0086;0000;0000;0000;0000;0009;0035;0000;1000;0000;0100;819203;0000;0000;0001;94416550;0000;099;099;099;099;099;099;099;0000;0000;0000;0000;0000;0000;10000;00;0;0;100;0;0;0;0;0;0;0;0;0;0;0;0;0;0;0;0;0;0;0;0;0;0;0;0;0;0;0000000000
3842;HeartBreaker;0001;0303;3200000;00;2150;1150;1650;0070;0086;0000;0000;0000;0000;0009;0035;0000;1000;0000;0100;819203;0000;0000;0001;94416550;0000;099;099;099;099;099;099;099;0000;0000;0000;0000;0000;0000;10000;00;0;0;100;0;0;0;0;0;0;0;0;0;0;0;0;0;0;0;0;0;0;0;0;0;0;0;0;0;0;0000000000
3843;MarrowEater;0001;0356;3400000;00;2175;1175;1675;0070;0086;0000;0000;0000;0000;0009;0035;0000;1000;0000;0100;819203;0000;0000;0001;94416550;0000;099;099;099;099;099;099;099;0000;0000;0000;0000;0000;0000;10000;00;0;0;100;0;0;0;0;0;0;0;0;0;0;0;0;0;0;0;0;0;0;0;0;0;0;0;0;0;0;0000000000
3844;BrainEater;0001;0136;3600000;00;2200;1200;1700;0070;0086;0000;0000;0000;0000;0009;0035;0000;1000;0000;0100;819203;0000;0000;0001;94416550;0000;099;099;099;099;099;099;099;0000;0000;0000;0000;0000;0000;10000;00;0;0;100;0;0;0;0;0;0;0;0;0;0;0;0;0;0;0;0;0;0;0;0;0;0;0;0;0;0;0000000000
3845;RocketBat;0001;0148;3800000;00;2225;1225;1725;0070;0086;0000;0000;0000;0000;0009;0035;0000;1000;0000;0100;819203;0000;0000;0001;94416550;0000;099;099;099;099;099;099;099;0000;0000;0000;0000;0000;0000;10000;00;0;0;100;0;0;0;0;0;0;0;0;0;0;0;0;0;0;0;0;0;0;0;0;0;0;0;0;0;0;0000000000
3846;CorpseSwallower;0001;0284;4000000;00;2250;1250;1750;0070;0086;0000;0000;0000;0000;0009;0035;0000;1000;0000;0100;819203;0000;0000;0001;94416550;0000;099;099;099;099;099;099;099;0000;0000;0000;0000;0000;0000;10000;00;0;0;100;0;0;0;0;0;0;0;0;0;0;0;0;0;0;0;0;0;0;0;0;0;0;0;0;0;0;0000000000
3847;ShinraWraith;0001;0197;4200000;00;2275;1275;1775;0070;0086;0000;0000;0000;0000;0009;0035;0000;1000;0000;0110;819203;0000;0000;0001;94416550;0000;099;099;099;099;099;099;099;0000;0000;0000;0000;0000;0000;10000;00;0;0;100;0;0;0;0;0;0;0;0;0;0;0;0;0;0;0;0;0;0;0;0;0;0;0;0;0;0;0000000000
3848;DeathWraith;0001;0210;4400000;00;2300;1300;1800;0070;0086;0000;0000;0000;0000;0009;0035;0000;1000;0000;0110;819203;0000;0000;0001;94416550;0000;099;099;099;099;099;099;099;0000;0000;0000;0000;0000;0000;10000;00;0;0;100;0;0;0;0;0;0;0;0;0;0;0;0;0;0;0;0;0;0;0;0;0;0;0;0;0;0;0000000000
3849;FieryWraith;0001;0282;4600000;00;2325;1325;1825;0070;0086;0000;0000;0000;0000;0009;0035;0000;1000;0000;0110;819203;0000;0000;0001;94416550;0000;099;099;099;099;099;099;099;0000;0000;0000;0000;0000;0000;10000;00;0;0;100;0;0;0;0;0;0;0;0;0;0;0;0;0;0;0;0;0;0;0;0;0;0;0;0;0;0;0000000000
3850;FlyingWraith;0001;0248;4800000;00;2350;1350;1850;0070;0086;0000;0000;0000;0000;0009;0035;0000;1000;0000;0110;819203;0000;0000;0001;94416550;0000;099;099;099;099;099;099;099;0000;0000;0000;0000;0000;0000;10000;00;0;0;100;0;0;0;0;0;0;0;0;0;0;0;0;0;0;0;0;0;0;0;0;0;0;0;0;0;0;0000000000
3851;WickedWraith;0001;0606;5000000;00;2375;1375;1875;0070;0086;0000;0000;0000;0000;0009;0035;0000;1000;0000;0110;819203;0000;0000;0001;94416550;0000;099;099;099;099;099;099;099;0000;0000;0000;0000;0000;0000;10000;00;0;0;100;0;0;0;0;0;0;0;0;0;0;0;0;0;0;0;0;0;0;0;0;0;0;0;0;0;0;0000000000
3852;ViolentSpirit;0001;0605;5200000;00;2400;1400;1900;0070;0086;0000;0000;0000;0000;0009;0035;0000;1000;0000;0110;819203;0000;0000;0001;94416550;0000;099;099;099;099;099;099;099;0000;0000;0000;0000;0000;0000;10000;00;0;0;100;0;0;0;0;0;0;0;0;0;0;0;0;0;0;0;0;0;0;0;0;0;0;0;0;0;0;0000000000
3853;HorrorWraith;0001;0505;5400000;00;2425;1425;1925;0070;0086;0000;0000;0000;0000;0009;0035;0000;1000;0000;0110;819203;0000;0000;0001;94416550;0000;099;099;099;099;099;099;099;0000;0000;0000;0000;0000;0000;10000;00;0;0;100;0;0;0;0;0;0;0;0;0;0;0;0;0;0;0;0;0;0;0;0;0;0;0;0;0;0;0000000000
3854;DisasterWraith;0001;0281;5600000;00;2450;1450;1950;0070;0086;0000;0000;0000;0000;0009;0035;0000;1000;0000;0110;819203;0000;0000;0001;94416550;0000;099;099;099;099;099;099;099;0000;0000;0000;0000;0000;0000;10000;00;0;0;100;0;0;0;0;0;0;0;0;0;0;0;0;0;0;0;0;0;0;0;0;0;0;0;0;0;0;0000000000
3855;MiseryWraith;0001;0604;5800000;00;2475;1475;1975;0070;0086;0000;0000;0000;0000;0009;0035;0000;1000;0000;0110;819203;0000;0000;0001;94416550;0000;099;099;099;099;099;099;099;0000;0000;0000;0000;0000;0000;10000;00;0;0;100;0;0;0;0;0;0;0;0;0;0;0;0;0;0;0;0;0;0;0;0;0;0;0;0;0;0;0000000000
3856;CloudSpecter;0001;0503;6000000;00;2500;1500;2000;0070;0086;0000;0000;0000;0000;0009;0035;0000;1000;0000;0110;819203;0000;0000;0007;94416550;0000;099;099;099;099;099;099;099;0000;0000;0000;0000;0000;0000;10000;00;0;0;100;0;0;0;0;0;0;0;0;0;0;0;0;0;0;0;0;0;0;0;0;0;0;0;0;0;0;0000000000
3857;LostSpecter;0001;0556;6200000;00;2650;1650;2150;0070;0086;0000;0000;0000;0000;0009;0035;0000;1000;0000;0110;819203;0000;0000;0001;94416550;0000;099;099;099;099;099;099;099;0000;0000;0000;0000;0000;0000;10000;00;0;0;100;0;0;0;0;0;0;0;0;0;0;0;0;0;0;0;0;0;0;0;0;0;0;0;0;0;0;0000000000
3858;DiseaseSpecter;0001;0219;6400000;00;2800;1800;2300;0070;0086;0000;0000;0000;0000;0009;0035;0000;1000;0000;0110;819203;0000;0000;0001;94416550;0000;099;099;099;099;099;099;099;0000;0000;0000;0000;0000;0000;10000;00;0;0;100;0;0;0;0;0;0;0;0;0;0;0;0;0;0;0;0;0;0;0;0;0;0;0;0;0;0;0000000000
3859;RoaringSpecter;0001;0603;6600000;00;2950;1950;2450;0070;0086;0000;0000;0000;0000;0009;0035;0000;1000;0000;0110;819203;0000;0000;0005;94416550;0000;099;099;099;099;099;099;099;0000;0000;0000;0000;0000;0000;10000;00;0;0;100;0;0;0;0;0;0;0;0;0;0;0;0;0;0;0;0;0;0;0;0;0;0;0;0;0;0;0000000000
3860;ShadowSpecter;0001;0211;6800000;00;3100;2100;2600;0070;0086;0000;0000;0000;0000;0009;0035;0000;1000;0000;0110;819203;0000;0000;0003;94416550;0000;099;099;099;099;099;099;099;0000;0000;0000;0000;0000;0000;10000;00;0;0;100;0;0;0;0;0;0;0;0;0;0;0;0;0;0;0;0;0;0;0;0;0;0;0;0;0;0;0000000000
3861;GrievousSpecter;0001;0400;7000000;00;3250;2250;2750;0070;0086;0000;0000;0000;0000;0009;0035;0000;1000;0000;0110;819203;0000;0000;0005;94416550;0000;099;099;099;099;099;099;099;0000;0000;0000;0000;0000;0000;10000;00;0;0;100;0;0;0;0;0;0;0;0;0;0;0;0;0;0;0;0;0;0;0;0;0;0;0;0;0;0;0000000000
3862;SkyTearer;0001;0250;7200000;00;3400;2400;2900;0070;0086;0000;0000;0000;0000;0009;0035;0000;1000;0000;0110;819203;0000;0000;0003;94416550;0000;099;099;099;099;099;099;099;0000;0000;0000;0000;0000;0000;10000;00;0;0;100;0;0;0;0;0;0;0;0;0;0;0;0;0;0;0;0;0;0;0;0;0;0;0;0;0;0;0000000000
3863;WanderingSpecter;0001;0406;7400000;00;3550;2550;3050;0070;0086;0000;0000;0000;0000;0009;0035;0000;1000;0000;0110;819203;0000;0000;0003;94416550;0000;099;099;099;099;099;099;099;0000;0000;0000;0000;0000;0000;10000;00;0;0;100;0;0;0;0;0;0;0;0;0;0;0;0;0;0;0;0;0;0;0;0;0;0;0;0;0;0;0000000000
3864;GriefSpecter;0001;0348;7600000;00;3700;2700;3200;0070;0086;0000;0000;0000;0000;0009;0035;0000;1000;0000;0110;819203;0000;0000;0003;94416550;0000;099;099;099;099;099;099;099;0000;0000;0000;0000;0000;0000;10000;00;0;0;100;0;0;0;0;0;0;0;0;0;0;0;0;0;0;0;0;0;0;0;0;0;0;0;0;0;0;0000000000
3865;EvilSpecter;0001;0317;7800000;00;3850;2850;3350;0070;0086;0000;0000;0000;0000;0009;0035;0000;1000;0000;0110;819203;0000;0000;0003;94416550;0000;099;099;099;099;099;099;099;0000;0000;0000;0000;0000;0000;10000;00;0;0;100;0;0;0;0;0;0;0;0;0;0;0;0;0;0;0;0;0;0;0;0;0;0;0;0;0;0;0000000000
3866;DarkSpecter;0001;0397;8000000;00;4000;3000;3500;0070;0086;0000;0000;0000;0000;0009;0035;0000;1000;0000;0110;819203;0000;0000;0003;94416550;0000;099;099;099;099;099;099;099;0000;0000;0000;0000;0000;0000;10000;00;0;0;100;0;0;0;0;0;0;0;0;0;0;0;0;0;0;0;0;0;0;0;0;0;0;0;0;0;0;0000000000
3867;ThunderFiend;0001;0204;8200000;00;4200;3000;3500;0070;0086;0000;0000;0000;0000;0009;0035;0000;1000;0000;0120;819203;0000;0000;0001;94416550;0000;099;099;099;099;099;099;099;0000;0000;0000;0000;0000;0000;10000;00;0;0;100;0;0;0;0;0;0;0;0;0;0;0;0;0;0;0;0;0;0;0;0;0;0;0;0;0;0;0000000000
3868;SteelFiend;0001;0214;8400000;00;4400;3200;3700;0070;0086;0000;0000;0000;0000;0009;0035;0000;1000;0000;0120;819203;0000;0000;0001;94416550;0000;099;099;099;099;099;099;099;0000;0000;0000;0000;0000;0000;10000;00;0;0;100;0;0;0;0;0;0;0;0;0;0;0;0;0;0;0;0;0;0;0;0;0;0;0;0;0;0;0000000000
3869;CopperFiend;0001;0213;8600000;00;4600;3400;3900;0070;0086;0000;0000;0000;0000;0009;0035;0000;1000;0000;0120;819203;0000;0000;0001;94416550;0000;099;099;099;099;099;099;099;0000;0000;0000;0000;0000;0000;10000;00;0;0;100;0;0;0;0;0;0;0;0;0;0;0;0;0;0;0;0;0;0;0;0;0;0;0;0;0;0;0000000000
3870;RockFiend;0001;0274;8800000;00;4800;3600;4100;0070;0086;0000;0000;0000;0000;0009;0035;0000;1000;0000;0120;819203;0000;0000;0001;94416550;0000;099;099;099;099;099;099;099;0000;0000;0000;0000;0000;0000;10000;00;0;0;100;0;0;0;0;0;0;0;0;0;0;0;0;0;0;0;0;0;0;0;0;0;0;0;0;0;0;0000000000
3871;SwiftPhantom;0001;0207;9000000;00;5000;3800;4300;0070;0086;0000;0000;0000;0000;0009;0035;0000;1000;0000;0120;819203;0000;0000;0001;94416550;0000;099;099;099;099;099;099;099;0000;0000;0000;0000;0000;0000;10000;00;0;0;100;0;0;0;0;0;0;0;0;0;0;0;0;0;0;0;0;0;0;0;0;0;0;0;0;0;0;0000000000
3872;RainbowPhantom;0001;0267;9200000;00;5200;4000;4500;0070;0086;0000;0000;0000;0000;0009;0035;0000;1000;0000;0120;819203;0000;0000;0001;94416550;0000;099;099;099;099;099;099;099;0000;0000;0000;0000;0000;0000;10000;00;0;0;100;0;0;0;0;0;0;0;0;0;0;0;0;0;0;0;0;0;0;0;0;0;0;0;0;0;0;0000000000
3873;ScaledPhantom;0001;0217;9400000;00;5400;4200;4700;0070;0086;0000;0000;0000;0000;0009;0035;0000;1000;0000;0120;819203;0000;0000;0001;94416550;0000;099;099;099;099;099;099;099;0000;0000;0000;0000;0000;0000;10000;00;0;0;100;0;0;0;0;0;0;0;0;0;0;0;0;0;0;0;0;0;0;0;0;0;0;0;0;0;0;0000000000
3874;IronPhantom;0001;0277;9600000;00;5600;4400;4900;0070;0086;0000;0000;0000;0000;0009;0035;0000;1000;0000;0120;819203;0000;0000;0001;94416550;0000;099;099;099;099;099;099;099;0000;0000;0000;0000;0000;0000;10000;00;0;0;100;0;0;0;0;0;0;0;0;0;0;0;0;0;0;0;0;0;0;0;0;0;0;0;0;0;0;0000000000
3875;RockPhantom;0001;0273;9800000;00;5800;4600;5100;0070;0086;0000;0000;0000;0000;0009;0035;0000;1000;0000;0120;819203;0000;0000;0001;94416550;0000;099;099;099;099;099;099;099;0000;0000;0000;0000;0000;0000;10000;00;0;0;100;0;0;0;0;0;0;0;0;0;0;0;0;0;0;0;0;0;0;0;0;0;0;0;0;0;0;0000000000
3876;GoldenRockDevil;0001;0240;10000000;00;6000;4800;5300;0070;0086;0000;0000;0000;0000;0009;0035;0000;1000;0000;0120;819203;0000;0000;0008;94416550;0000;099;099;099;099;099;099;099;0000;0000;0000;0000;0000;0000;10000;00;0;0;100;0;0;0;0;0;0;0;0;0;0;0;0;0;0;0;0;0;0;0;0;0;0;0;0;0;0;0000000000
3877;ToxicRockDevil;0001;0127;10200000;00;6700;5200;5700;0070;0086;0000;0000;0000;0000;0009;0035;0000;1000;0000;0120;819203;0000;0000;0003;94416550;0000;099;099;099;099;099;099;099;0000;0000;0000;0000;0000;0000;10000;00;0;0;100;0;0;0;0;0;0;0;0;0;0;0;0;5000;0;0;0;0;0;0;0;0;0;0;0;0;0;0000000000
3878;WildRockDevil;0001;0308;10400000;00;6900;5400;5900;0070;0086;0000;0000;0000;0000;0009;0035;0000;1000;0000;0120;819203;0000;0000;0003;94416550;0000;099;099;099;099;099;099;099;0000;0000;0000;0000;0000;0000;10000;00;0;0;100;0;0;0;0;0;0;0;0;0;0;0;0;5000;0;0;0;0;0;0;0;0;0;0;0;0;0;0000000000
3879;BrutalRockDevil;0001;0224;10600000;00;7100;5600;6100;0070;0086;0000;0000;0000;0000;0009;0035;0000;1000;0000;0120;819203;0000;0000;0003;94416550;0000;099;099;099;099;099;099;099;0000;0000;0000;0000;0000;0000;10000;00;0;0;100;0;0;0;0;0;0;0;0;0;0;0;0;5000;0;0;0;0;0;0;0;0;0;0;0;0;0;0000000000
3880;DarkRockDevil;0001;0222;10800000;00;7300;5800;6300;0070;0086;0000;0000;0000;0000;0009;0035;0000;1000;0000;0120;819203;0000;0000;0003;94416550;0000;099;099;099;099;099;099;099;0000;0000;0000;0000;0000;0000;10000;00;0;0;100;0;0;0;0;0;0;0;0;0;0;0;0;5000;0;0;0;0;0;0;0;0;0;0;0;0;0;0000000000
3881;FlameGhost;0001;0133;11000000;00;7500;6000;6500;0070;0086;0000;0000;0000;0000;0009;0035;0000;1000;0000;0120;819203;0000;0000;0003;94416550;0000;099;099;099;099;099;099;099;0000;0000;0000;0000;0000;0000;10000;00;0;0;100;0;0;0;0;0;0;0;0;0;0;0;0;5000;0;0;0;0;0;0;0;0;0;0;0;0;0;0000000000
3882;ThunderGhost;0001;0156;11200000;00;7700;6200;6700;0070;0086;0000;0000;0000;0000;0009;0035;0000;1000;0000;0120;819203;0000;0000;0001;94416550;0000;099;099;099;099;099;099;099;0000;0000;0000;0000;0000;0000;10000;00;0;0;100;0;0;0;0;0;0;0;0;0;0;0;0;5000;0;0;0;0;0;0;0;0;0;0;0;0;0;0000000000
3883;WindGhost;0001;0953;11400000;00;7900;6400;6900;0070;0086;0000;0000;0000;0000;0009;0035;0000;1000;0000;0120;819203;0000;0000;0001;94416550;0000;099;099;099;099;099;099;099;0000;0000;0000;0000;0000;0000;10000;00;0;0;100;0;0;0;0;0;0;0;0;0;0;0;0;5000;0;0;0;0;0;0;0;0;0;0;0;0;0;0000000000
3884;FireGhost;0001;0225;11600000;00;8100;6600;7100;0070;0086;0000;0000;0000;0000;0009;0035;0000;1000;0000;0120;819203;0000;0000;0001;94416550;0000;099;099;099;099;099;099;099;0000;0000;0000;0000;0000;0000;10000;00;0;0;100;0;0;0;0;0;0;0;0;0;0;0;0;5000;0;0;0;0;0;0;0;0;0;0;0;0;0;0000000000
3885;ForstGhost;0001;0606;11800000;00;8300;6800;7300;0070;0086;0000;0000;0000;0000;0009;0035;0000;1000;0000;0120;819203;0000;0000;0001;94416550;0000;099;099;099;099;099;099;099;0000;0000;0000;0000;0000;0000;10000;00;0;0;100;0;0;0;0;0;0;0;0;0;0;0;0;5000;0;0;0;0;0;0;0;0;0;0;0;0;0;0000000000
3886;SharpGhost;0001;0332;12000000;00;8500;7000;7500;0070;0086;0000;0000;0000;0000;0009;0035;0000;1000;0000;0120;819203;0000;0000;0009;94416550;0000;099;099;099;099;099;099;099;0000;0000;0000;0000;0000;0000;10000;00;0;0;100;0;0;0;0;0;0;0;0;0;0;0;0;5000;0;0;0;0;0;0;0;0;0;0;0;0;0;0000000000
3887;HeartlessSoldier;0001;0162;12200000;00;8650;6850;7350;0070;0086;0000;0000;0000;0000;0009;0035;0000;1000;0000;0135;819203;0000;0000;0001;94416550;0000;099;099;099;099;099;099;099;0000;0000;0000;0000;0000;0000;10000;00;0;0;100;0;0;0;0;0;0;0;0;0;0;0;0;5500;0;0;0;0;0;0;0;0;0;0;0;0;0;0000000000
3888;ViciousSoldier;0001;0263;12400000;00;8800;7000;7500;0070;0086;0000;0000;0000;0000;0009;0035;0000;1000;0000;0135;819203;0000;0000;0001;94416550;0000;099;099;099;099;099;099;099;0000;0000;0000;0000;0000;0000;10000;00;0;0;100;0;0;0;0;0;0;0;0;0;0;0;0;5500;0;0;0;0;0;0;0;0;0;0;0;0;0;0000000000
3889;DarkSoldier;0001;0363;12600000;00;8950;7150;7650;0070;0086;0000;0000;0000;0000;0009;0035;0000;1000;0000;0135;819203;0000;0000;0001;94416550;0000;099;099;099;099;099;099;099;0000;0000;0000;0000;0000;0000;10000;00;0;0;100;0;0;0;0;0;0;0;0;0;0;0;0;5500;0;0;0;0;0;0;0;0;0;0;0;0;0;0000000000
3890;EvilLightSoldier;0001;0165;12800000;00;9100;7300;7800;0070;0086;0000;0000;0000;0000;0009;0035;0000;1000;0000;0135;819203;0000;0000;0001;94416550;0000;099;099;099;099;099;099;099;0000;0000;0000;0000;0000;0000;10000;00;0;0;100;0;0;0;0;0;0;0;0;0;0;0;0;5500;0;0;0;0;0;0;0;0;0;0;0;0;0;0000000000
3891;EvilFlyingSoldier;0001;0265;13000000;00;9250;7450;7950;0070;0086;0000;0000;0000;0000;0009;0035;0000;1000;0000;0135;819203;0000;0000;0001;94416550;0000;099;099;099;099;099;099;099;0000;0000;0000;0000;0000;0000;10000;00;0;0;100;0;0;0;0;0;0;0;0;0;0;0;0;5500;0;0;0;0;0;0;0;0;0;0;0;0;0;0000000000
3892;EvilSkySoldier;0001;0230;13200000;00;9400;7600;8100;0070;0086;0000;0000;0000;0000;0009;0035;0000;1000;0000;0135;819203;0000;0000;0001;94416550;0000;099;099;099;099;099;099;099;0000;0000;0000;0000;0000;0000;10000;00;0;0;100;0;0;0;0;0;0;0;0;0;0;0;0;5500;0;0;0;0;0;0;0;0;0;0;0;0;0;0000000000
3893;EvilWindSoldier;0001;0179;13400000;00;9550;7750;8250;0070;0086;0000;0000;0000;0000;0009;0035;0000;1000;0000;0135;819203;0000;0000;0001;94416550;0000;099;099;099;099;099;099;099;0000;0000;0000;0000;0000;0000;10000;00;0;0;100;0;0;0;0;0;0;0;0;0;0;0;0;5500;0;0;0;0;0;0;0;0;0;0;0;0;0;0000000000
3894;EvilCloudSoldier;0001;0327;13600000;00;9700;7900;8400;0070;0086;0000;0000;0000;0000;0009;0035;0000;1000;0000;0135;819203;0000;0000;0001;94416550;0000;099;099;099;099;099;099;099;0000;0000;0000;0000;0000;0000;10000;00;0;0;100;0;0;0;0;0;0;0;0;0;0;0;0;5500;0;0;0;0;0;0;0;0;0;0;0;0;0;0000000000
3895;EvilThunderSoldier;0001;0353;13800000;00;9850;8050;8550;0070;0086;0000;0000;0000;0000;0009;0035;0000;1000;0000;0135;819203;0000;0000;0001;94416550;0000;099;099;099;099;099;099;099;0000;0000;0000;0000;0000;0000;10000;00;0;0;100;0;0;0;0;0;0;0;0;0;0;0;0;5500;0;0;0;0;0;0;0;0;0;0;0;0;0;0000000000
3896;EvilFrostSoldier;0001;0262;14000000;00;10000;8200;8700;0070;0086;0000;0000;0000;0000;0009;0035;0000;1000;0000;0135;819203;0000;0000;0002;94416550;0000;099;099;099;099;099;099;099;0000;0000;0000;0000;0000;0000;10000;00;0;0;100;0;0;0;0;0;0;0;0;0;0;0;0;5500;0;0;0;0;0;0;0;0;0;0;0;0;0;0000000000
3897;SoulCrusher;0001;0252;14200000;00;11050;8250;8750;0070;0086;0000;0000;0000;0000;0009;0035;0000;1000;0000;0135;819203;0000;0000;0001;94416550;0000;099;099;099;099;099;099;099;0000;0000;0000;0000;0000;0000;10000;00;0;0;100;0;0;0;0;0;0;0;0;0;0;0;0;6000;0;0;0;0;0;0;0;0;0;0;0;0;0;0000000000
3898;BoneCrusher;0001;0326;14400000;00;11100;8300;8800;0070;0086;0000;0000;0000;0000;0009;0035;0000;1000;0000;0135;819203;0000;0000;0001;94416550;0000;099;099;099;099;099;099;099;0000;0000;0000;0000;0000;0000;10000;00;0;0;100;0;0;0;0;0;0;0;0;0;0;0;0;6000;0;0;0;0;0;0;0;0;0;0;0;0;0;0000000000
3899;ThunderCrusher;0001;0404;14600000;00;11150;8350;8850;0070;0086;0000;0000;0000;0000;0009;0035;0000;1000;0000;0135;819203;0000;0000;0001;94416550;0000;099;099;099;099;099;099;099;0000;0000;0000;0000;0000;0000;10000;00;0;0;100;0;0;0;0;0;0;0;0;0;0;0;0;6000;0;0;0;0;0;0;0;0;0;0;0;0;0;0000000000
3900;SkyCrusher;0001;0303;14800000;00;11200;8400;8900;0070;0086;0000;0000;0000;0000;0009;0035;0000;1000;0000;0135;819203;0000;0000;0001;94416550;0000;099;099;099;099;099;099;099;0000;0000;0000;0000;0000;0000;10000;00;0;0;100;0;0;0;0;0;0;0;0;0;0;0;0;6000;0;0;0;0;0;0;0;0;0;0;0;0;0;0000000000
3901;FireCrusher;0001;0356;15000000;00;11250;8450;8950;0070;0086;0000;0000;0000;0000;0009;0035;0000;1000;0000;0135;819203;0000;0000;0001;94416550;0000;099;099;099;099;099;099;099;0000;0000;0000;0000;0000;0000;10000;00;0;0;100;0;0;0;0;0;0;0;0;0;0;0;0;6000;0;0;0;0;0;0;0;0;0;0;0;0;0;0000000000
3902;IceDevil;0001;0136;15200000;00;11300;8500;9000;0070;0086;0000;0000;0000;0000;0009;0035;0000;1000;0000;0135;819203;0000;0000;0001;94416550;0000;099;099;099;099;099;099;099;0000;0000;0000;0000;0000;0000;10000;00;0;0;100;0;0;0;0;0;0;0;0;0;0;0;0;6000;0;0;0;0;0;0;0;0;0;0;0;0;0;0000000000
3903;DoomBat;0001;0148;15400000;00;11350;8550;9050;0070;0086;0000;0000;0000;0000;0009;0035;0000;1000;0000;0135;819203;0000;0000;0001;94416550;0000;099;099;099;099;099;099;099;0000;0000;0000;0000;0000;0000;10000;00;0;0;100;0;0;0;0;0;0;0;0;0;0;0;0;6000;0;0;0;0;0;0;0;0;0;0;0;0;0;0000000000
3904;LavaDevil;0001;0284;15600000;00;11400;8600;9100;0070;0086;0000;0000;0000;0000;0009;0035;0000;1000;0000;0135;819203;0000;0000;0001;94416550;0000;099;099;099;099;099;099;099;0000;0000;0000;0000;0000;0000;10000;00;0;0;100;0;0;0;0;0;0;0;0;0;0;0;0;6000;0;0;0;0;0;0;0;0;0;0;0;0;0;0000000000
3905;Iron-wingedDevil;0001;0197;15800000;00;11450;8650;9150;0070;0086;0000;0000;0000;0000;0009;0035;0000;1000;0000;0135;819203;0000;0000;0001;94416550;0000;099;099;099;099;099;099;099;0000;0000;0000;0000;0000;0000;10000;00;0;0;100;0;0;0;0;0;0;0;0;0;0;0;0;6000;0;0;0;0;0;0;0;0;0;0;0;0;0;0000000000
3906;SizzlingDevil;0001;0210;16000000;00;11500;8700;9200;0070;0086;0000;0000;0000;0000;0009;0035;0000;1000;0000;0135;819203;0000;0000;0002;94416550;0000;099;099;099;099;099;099;099;0000;0000;0000;0000;0000;0000;10000;00;0;0;100;0;0;0;0;0;0;0;0;0;0;0;0;6000;0;0;0;0;0;0;0;0;0;0;0;0;0;0000000000
3907;FlameDestroyer;0001;0282;16200000;00;11550;8050;8550;0070;0086;0000;0000;0000;0000;0009;0035;0000;1000;0000;0140;819203;0000;0000;0001;94416550;0000;099;099;099;099;099;099;099;0000;0000;0000;0000;0000;0000;10000;00;0;0;100;0;0;0;0;0;0;0;0;0;0;0;0;6000;0;0;0;0;0;0;0;0;0;0;0;0;0;0000000000
3908;HeavenBat;0001;0248;16400000;00;11600;8100;8600;0070;0086;0000;0000;0000;0000;0009;0035;0000;1000;0000;0140;819203;0000;0000;0001;94416550;0000;099;099;099;099;099;099;099;0000;0000;0000;0000;0000;0000;10000;00;0;0;100;0;0;0;0;0;0;0;0;0;0;0;0;6000;0;0;0;0;0;0;0;0;0;0;0;0;0;0000000000
3909;EarthDestroyer;0001;0606;16600000;00;11650;8150;8650;0070;0086;0000;0000;0000;0000;0009;0035;0000;1000;0000;0140;819203;0000;0000;0001;94416550;0000;099;099;099;099;099;099;099;0000;0000;0000;0000;0000;0000;10000;00;0;0;100;0;0;0;0;0;0;0;0;0;0;0;0;6000;0;0;0;0;0;0;0;0;0;0;0;0;0;0000000000
3910;DominatingDestroyer;0001;0605;16800000;00;11700;8200;8700;0070;0086;0000;0000;0000;0000;0009;0035;0000;1000;0000;0140;819203;0000;0000;0001;94416550;0000;099;099;099;099;099;099;099;0000;0000;0000;0000;0000;0000;10000;00;0;0;100;0;0;0;0;0;0;0;0;0;0;0;0;6000;0;0;0;0;0;0;0;0;0;0;0;0;0;0000000000
3911;ConquestDestroyer;0001;0505;17000000;00;11750;8250;8750;0070;0086;0000;0000;0000;0000;0009;0035;0000;1000;0000;0140;819203;0000;0000;0001;94416550;0000;099;099;099;099;099;099;099;0000;0000;0000;0000;0000;0000;10000;00;0;0;100;0;0;0;0;0;0;0;0;0;0;0;0;6000;0;0;0;0;0;0;0;0;0;0;0;0;0;0000000000
3912;SkyDestroyer;0001;0281;17200000;00;11800;8300;8800;0070;0086;0000;0000;0000;0000;0009;0035;0000;1000;0000;0140;819203;0000;0000;0001;94416550;0000;099;099;099;099;099;099;099;0000;0000;0000;0000;0000;0000;10000;00;0;0;100;0;0;0;0;0;0;0;0;0;0;0;0;6000;0;0;0;0;0;0;0;0;0;0;0;0;0;0000000000
3913;SolarDestroyer;0001;0604;17400000;00;11850;8350;8850;0070;0086;0000;0000;0000;0000;0009;0035;0000;1000;0000;0140;819203;0000;0000;0001;94416550;0000;099;099;099;099;099;099;099;0000;0000;0000;0000;0000;0000;10000;00;0;0;100;0;0;0;0;0;0;0;0;0;0;0;0;6000;0;0;0;0;0;0;0;0;0;0;0;0;0;0000000000
3914;PowerDestroyer;0001;0503;17600000;00;11900;8400;8900;0070;0086;0000;0000;0000;0000;0009;0035;0000;1000;0000;0140;819203;0000;0000;0001;94416550;0000;099;099;099;099;099;099;099;0000;0000;0000;0000;0000;0000;10000;00;0;0;100;0;0;0;0;0;0;0;0;0;0;0;0;6000;0;0;0;0;0;0;0;0;0;0;0;0;0;0000000000
3915;StarDestroyer;0001;0556;17800000;00;11950;8450;8950;0070;0086;0000;0000;0000;0000;0009;0035;0000;1000;0000;0140;819203;0000;0000;0001;94416550;0000;099;099;099;099;099;099;099;0000;0000;0000;0000;0000;0000;10000;00;0;0;100;0;0;0;0;0;0;0;0;0;0;0;0;6000;0;0;0;0;0;0;0;0;0;0;0;0;0;0000000000
3916;WarDestroyer;0001;0219;18000000;00;12000;8500;9000;0070;0086;0000;0000;0000;0000;0009;0035;0000;1000;0000;0140;819203;0000;0000;0005;94416550;0000;099;099;099;099;099;099;099;0000;0000;0000;0000;0000;0000;10000;00;0;0;100;0;0;0;0;0;0;0;0;0;0;0;0;6000;0;0;0;0;0;0;0;0;0;0;0;0;0;0000000000
3917;SoulMessenger;0001;0603;18200000;00;12050;8550;9050;0070;0086;0000;0000;0000;0000;0009;0035;0000;1000;0000;0140;819203;0000;0000;0005;94416550;0000;099;099;099;099;099;099;099;0000;0000;0000;0000;0000;0000;10000;00;0;0;100;0;0;0;0;0;0;0;0;0;0;0;0;6000;0;0;0;0;0;0;0;0;0;0;0;0;0;0000000000
3918;SkyMessenger;0001;0211;18400000;00;12100;8600;9100;0070;0086;0000;0000;0000;0000;0009;0035;0000;1000;0000;0140;819203;0000;0000;0003;94416550;0000;099;099;099;099;099;099;099;0000;0000;0000;0000;0000;0000;10000;00;0;0;100;0;0;0;0;0;0;0;0;0;0;0;0;6000;0;0;0;0;0;0;0;0;0;0;0;0;0;0000000000
3919;MountainMessenger;0001;0400;18600000;00;12150;8650;9150;0070;0086;0000;0000;0000;0000;0009;0035;0000;1000;0000;0140;819203;0000;0000;0005;94416550;0000;099;099;099;099;099;099;099;0000;0000;0000;0000;0000;0000;10000;00;0;0;100;0;0;0;0;0;0;0;0;0;0;0;0;6000;0;0;0;0;0;0;0;0;0;0;0;0;0;0000000000
3920;PeakPredator;0001;0240;18800000;00;12200;8700;9200;0070;0086;0000;0000;0000;0000;0009;0035;0000;1000;0000;0140;819203;0000;0000;0008;94416550;0000;099;099;099;099;099;099;099;0000;0000;0000;0000;0000;0000;10000;00;0;0;100;0;0;0;0;0;0;0;0;0;0;0;0;6000;0;0;0;0;0;0;0;0;0;0;0;0;0;0000000000
3921;MountainPredator;0001;0127;19000000;00;12250;8750;9250;0070;0086;0000;0000;0000;0000;0009;0035;0000;1000;0000;0140;819203;0000;0000;0003;94416550;0000;099;099;099;099;099;099;099;0000;0000;0000;0000;0000;0000;10000;00;0;0;100;0;0;0;0;0;0;0;0;0;0;0;0;6000;0;0;0;0;0;0;0;0;0;0;0;0;0;0000000000
3922;WildPredator;0001;0308;19200000;00;12300;8800;9300;0070;0086;0000;0000;0000;0000;0009;0035;0000;1000;0000;0140;819203;0000;0000;0003;94416550;0000;099;099;099;099;099;099;099;0000;0000;0000;0000;0000;0000;10000;00;0;0;100;0;0;0;0;0;0;0;0;0;0;0;0;6000;0;0;0;0;0;0;0;0;0;0;0;0;0;0000000000
3923;SkyPredator;0001;0224;19400000;00;12350;8850;9350;0070;0086;0000;0000;0000;0000;0009;0035;0000;1000;0000;0140;819203;0000;0000;0003;94416550;0000;099;099;099;099;099;099;099;0000;0000;0000;0000;0000;0000;10000;00;0;0;100;0;0;0;0;0;0;0;0;0;0;0;0;6000;0;0;0;0;0;0;0;0;0;0;0;0;0;0000000000
3924;StarEvilLord;0001;0222;19600000;00;12400;8900;9400;0070;0086;0000;0000;0000;0000;0009;0035;0000;1000;0000;0140;819203;0000;0000;0003;94416550;0000;099;099;099;099;099;099;099;0000;0000;0000;0000;0000;0000;10000;00;0;0;100;0;0;0;0;0;0;0;0;0;0;0;0;6000;0;0;0;0;0;0;0;0;0;0;0;0;0;0000000000
3925;LunarEvilLord;0001;0133;19800000;00;12450;8950;9450;0070;0086;0000;0000;0000;0000;0009;0035;0000;1000;0000;0140;819203;0000;0000;0003;94416550;0000;099;099;099;099;099;099;099;0000;0000;0000;0000;0000;0000;10000;00;0;0;100;0;0;0;0;0;0;0;0;0;0;0;0;6000;0;0;0;0;0;0;0;0;0;0;0;0;0;0000000000
3926;SolarEvilLord;0001;0160;20000000;00;12500;9000;9500;0070;0086;0000;0000;0000;0000;0009;0035;0000;1000;0000;0140;819203;0000;0000;0003;94416550;0000;099;099;099;099;099;099;099;0000;0000;0000;0000;0000;0000;10000;00;0;0;100;0;0;0;0;0;0;0;0;0;0;0;0;6000;0;0;0;0;0;0;0;0;0;0;0;0;0;0000000000
4828;ArmoredDemon;0001;0265;100000;00;7000;6000;4500;0180;0086;0000;0000;0000;0000;0002;0010;0000;1000;0500;0140;32771;0000;0000;0001;94416550;0500;099;099;099;099;099;099;099;1000040;1002040;0000;0000;0000;0000;5000;00;0;0;100;0;0;0;0;0;0;0;0;0;0;0;0;3200;0;0;0;10000;0;0;0;0;0;0;0;0;0;0000000000
2845;GreedySoulPrisoner;0001;0240;50000;00;3000;2000;2500;0140;0086;0000;0000;0000;0000;0002;0010;0000;1000;0500;0130;32771;0000;0000;0001;94416550;0500;099;099;099;099;099;099;099;1000040;1002040;0000;0000;0000;0000;5000;00;0;0;100;0;0;0;0;0;0;0;0;0;0;0;0;800;0;0;0;2000;0;0;0;0;0;0;0;0;0;0000000000
4953;Thor`sPhantom;0001;0006;0003;00;0001;0001;0000;0180;0036;0000;0000;0000;0000;0003;0012;0000;1000;0500;0001;32771;0000;0000;0001;94416550;0500;099;099;099;099;099;099;099;0000;0000;0000;0000;0000;0000;0001;00;0;0;100;0;0;0;0;0;0;0;0;0;0;0;0;2800;0;0;0;8000;0;0;0;0;0;0;0;0;0;0000000002
4952;Thor`sPhantom;0001;0006;0003;00;0001;0001;0000;0180;0036;0000;0000;0000;0000;0003;0012;0000;1000;0500;0001;32771;0000;0000;0001;94416550;0500;099;099;099;099;099;099;099;0000;0000;0000;0000;0000;0000;0001;00;0;0;100;0;0;0;0;0;0;0;0;0;0;0;0;2800;0;0;0;8000;0;0;0;0;0;0;0;0;0;0000000002
4951;Thor`sPhantom;0001;0006;0003;00;0001;0001;0000;0180;0036;0000;0000;0000;0000;0003;0012;0000;1000;0500;0001;32771;0000;0000;0001;94416550;0500;099;099;099;099;099;099;099;0000;0000;0000;0000;0000;0000;0001;00;0;0;100;0;0;0;0;0;0;0;0;0;0;0;0;2800;0;0;0;8000;0;0;0;0;0;0;0;0;0;0000000002
4817;MineDevil[Championship];0001;0305;0010;00;7000;6000;4500;0180;0086;0000;0000;0000;0000;0002;0010;0000;1000;0500;0140;32771;0000;0000;0001;94416550;0500;099;099;099;099;099;099;099;1000040;1002040;0000;0000;0000;0000;5000;00;0;0;100;0;0;0;0;0;0;0;0;0;0;0;0;3200;0;0;0;10000;7500;0;0;0;0;0;0;0;0;0000000000
4912;MysteryChest;0001;0141;0010;00;0001;0001;90000;0070;0090;0000;0000;0000;0000;0020;0020;0000;1000;0500;0140;262208;0000;0000;0010;94416550;1000;099;099;099;099;099;099;099;0000;0000;0000;0000;0000;0000;0001;00;0;0;100;0;3;75;75;75;75;75;900000;0;0;0;0;5000;0;0;0;160;0;0;2000;0;0;0;0;0;0;0000000002
4913;BeastslayerChiBox;0001;0141;0010;00;0001;0001;90000;0070;0090;0000;0000;0000;0000;0020;0020;0000;1000;0500;0140;262176;0000;0000;0010;9700000;1000;099;099;099;099;099;099;099;0000;0000;0000;0000;0000;0000;0001;00;0;0;100;0;3;75;75;75;75;75;900000;0;0;0;0;5000;0;0;0;160;0;0;2000;0;0;0;0;0;0;0000000002
4914;BeastslayerStarBox;0001;0141;0010;00;0001;0001;90000;0070;0090;0000;0000;0000;0000;0020;0020;0000;1000;0500;0140;262176;0000;0000;0010;9700000;1000;099;099;099;099;099;099;099;0000;0000;0000;0000;0000;0000;0001;00;0;0;100;0;3;75;75;75;75;75;900000;0;0;0;0;5000;0;0;0;160;0;0;2000;0;0;0;0;0;0;0000000002
4915;Beastslayer+StoneBox;0001;0141;0010;00;0001;0001;90000;0070;0090;0000;0000;0000;0000;0020;0020;0000;1000;0500;0140;262176;0000;0000;0010;9700000;1000;099;099;099;099;099;099;099;0000;0000;0000;0000;0000;0000;0001;00;0;0;100;0;3;75;75;75;75;75;900000;0;0;0;0;5000;0;0;0;160;0;0;2000;0;0;0;0;0;0;0000000002
4916;BeastslayerCPs(B)Box;0001;0141;0010;00;0001;0001;90000;0070;0090;0000;0000;0000;0000;0020;0020;0000;1000;0500;0140;262176;0000;0000;0010;9700000;1000;099;099;099;099;099;099;099;0000;0000;0000;0000;0000;0000;0001;00;0;0;100;0;3;75;75;75;75;75;900000;0;0;0;0;5000;0;0;0;160;0;0;2000;0;0;0;0;0;0;0000000002
4917;BeastslayerChiChest;0001;0141;0010;00;0001;0001;90000;0070;0090;0000;0000;0000;0000;0020;0020;0000;1000;0500;0140;262176;0000;0000;0010;9700000;1000;099;099;099;099;099;099;099;0000;0000;0000;0000;0000;0000;0001;00;0;0;100;0;3;75;75;75;75;75;900000;0;0;0;0;5000;0;0;0;160;0;0;2000;0;0;0;0;0;0;0000000002
4918;BeastslayerStarChest;0001;0141;0010;00;0001;0001;90000;0070;0090;0000;0000;0000;0000;0020;0020;0000;1000;0500;0140;262176;0000;0000;0010;9700000;1000;099;099;099;099;099;099;099;0000;0000;0000;0000;0000;0000;0001;00;0;0;100;0;3;75;75;75;75;75;900000;0;0;0;0;5000;0;0;0;160;0;0;2000;0;0;0;0;0;0;0000000002
4919;Beastslayer+StoneChest;0001;0141;0010;00;0001;0001;90000;0070;0090;0000;0000;0000;0000;0020;0020;0000;1000;0500;0140;262176;0000;0000;0010;9700000;1000;099;099;099;099;099;099;099;0000;0000;0000;0000;0000;0000;0001;00;0;0;100;0;3;75;75;75;75;75;900000;0;0;0;0;5000;0;0;0;160;0;0;2000;0;0;0;0;0;0;0000000002
4920;BeastslayerCPs(B)Chest;0001;0141;0010;00;0001;0001;90000;0070;0090;0000;0000;0000;0000;0020;0020;0000;1000;0500;0140;262176;0000;0000;0010;9700000;1000;099;099;099;099;099;099;099;0000;0000;0000;0000;0000;0000;0001;00;0;0;100;0;3;75;75;75;75;75;900000;0;0;0;0;5000;0;0;0;160;0;0;2000;0;0;0;0;0;0;0000000002
4928;LuckyXmasDemon;0001;0369;0033;00;0005;0004;0000;0000;0036;0000;0000;0000;0000;0001;0006;0000;1000;0500;0001;32771;0005;0000;0000;94416550;0500;099;099;099;099;099;099;099;1000000;1001000;0000;0000;0000;0000;10000;01;0;0;100;0;0;0;0;0;0;0;0;0;0;0;0;0;0;0;0;0;0;0;0;0;0;0;0;0;0;0000000000
4929;LuckyXmasAncientDemon;0001;0156;0033;00;0005;0004;0000;0000;0036;0000;0000;0000;0000;0001;0006;0000;1000;0500;0001;32771;0005;0000;0000;94416550;0500;099;099;099;099;099;099;099;1000000;1001000;0000;0000;0000;0000;10000;01;0;0;100;0;0;0;0;0;0;0;0;0;0;0;0;0;0;0;0;0;0;0;0;0;0;0;0;0;0;0000000000
4930;LuckyXmasFloodDemon;0001;0377;0033;00;0005;0004;0000;0000;0036;0000;0000;0000;0000;0001;0006;0000;1000;0500;0001;32771;0005;0000;0000;94416550;0500;099;099;099;099;099;099;099;1000000;1001000;0000;0000;0000;0000;10000;01;0;0;100;0;0;0;0;0;0;0;0;0;0;0;0;0;0;0;0;0;0;0;0;0;0;0;0;0;0;0000000000
4931;LuckyXmasHeavenDemon;0001;0165;0033;00;0005;0004;0000;0000;0036;0000;0000;0000;0000;0001;0006;0000;1000;0500;0001;32771;0005;0000;0000;94416550;0500;099;099;099;099;099;099;099;1000000;1001000;0000;0000;0000;0000;10000;01;0;0;100;0;0;0;0;0;0;0;0;0;0;0;0;0;0;0;0;0;0;0;0;0;0;0;0;0;0;0000000000
4932;LuckyXmasChaosDemon;0001;0327;0033;00;0005;0004;0000;0000;0036;0000;0000;0000;0000;0001;0006;0000;1000;0500;0001;32771;0005;0000;0000;94416550;0500;099;099;099;099;099;099;099;1000000;1001000;0000;0000;0000;0000;10000;01;0;0;100;0;0;0;0;0;0;0;0;0;0;0;0;0;0;0;0;0;0;0;0;0;0;0;0;0;0;0000000000
4933;LuckyXmasAuroraDemon;0001;0210;0033;00;0005;0004;0000;0000;0036;0000;0000;0000;0000;0001;0006;0000;1000;0500;0001;32771;0005;0000;0000;94416550;0500;099;099;099;099;099;099;099;1000000;1001000;0000;0000;0000;0000;10000;01;0;0;100;0;0;0;0;0;0;0;0;0;0;0;0;0;0;0;0;0;0;0;0;0;0;0;0;0;0;0000000000
4934;LuckyXmasTaiChiDemon;0001;0210;0033;00;0005;0004;0000;0000;0036;0000;0000;0000;0000;0001;0006;0000;1000;0500;0001;32771;0005;0000;0000;94416550;0500;099;099;099;099;099;099;099;1000000;1001000;0000;0000;0000;0000;10000;01;0;0;100;0;0;0;0;0;0;0;0;0;0;0;0;0;0;0;0;0;0;0;0;0;0;0;0;0;0;0000000000
4954;Thor`sPhantom;0001;0006;0003;00;0001;0001;0000;0180;0036;0000;0000;0000;0000;0003;0012;0000;1000;0500;0001;32771;0000;0000;0001;94416550;0500;099;099;099;099;099;099;099;0000;0000;0000;0000;0000;0000;0001;00;0;0;100;0;0;0;0;0;0;0;0;0;0;0;0;2800;0;0;0;8000;0;0;0;0;0;0;0;0;0;0000000002
4955;Thor`sPhantom;0001;0006;0003;00;0001;0001;0000;0180;0036;0000;0000;0000;0000;0003;0012;0000;1000;0500;0001;32771;0000;0000;0001;94416550;0500;099;099;099;099;099;099;099;0000;0000;0000;0000;0000;0000;0001;00;0;0;100;0;0;0;0;0;0;0;0;0;0;0;0;2800;0;0;0;8000;0;0;0;0;0;0;0;0;0;0000000002
4956;[ThorShrine]Beautician;0001;0006;0003;00;0001;0001;0000;0180;0036;0000;0000;0000;0000;0003;0012;0000;1000;0500;0001;32771;0000;0000;0001;94416550;0500;099;099;099;099;099;099;099;0000;0000;0000;0000;0000;0000;0001;00;0;0;100;0;0;0;0;0;0;0;0;0;0;0;0;2800;0;0;0;8000;0;0;0;0;0;0;0;0;0;0000000002
4957;[ThorShrine]MasterGuo;0001;0006;0003;00;0001;0001;0000;0180;0036;0000;0000;0000;0000;0003;0012;0000;1000;0500;0001;32771;0000;0000;0001;94416550;0500;099;099;099;099;099;099;099;0000;0000;0000;0000;0000;0000;0001;00;0;0;100;0;0;0;0;0;0;0;0;0;0;0;0;2800;0;0;0;8000;0;0;0;0;0;0;0;0;0;0000000002
4958;[ThorShrine]SolarSaint;0001;0006;0003;00;0001;0001;0000;0180;0036;0000;0000;0000;0000;0003;0012;0000;1000;0500;0001;32771;0000;0000;0001;94416550;0500;099;099;099;099;099;099;099;0000;0000;0000;0000;0000;0000;0001;00;0;0;100;0;0;0;0;0;0;0;0;0;0;0;0;2800;0;0;0;8000;0;0;0;0;0;0;0;0;0;0000000002
4959;[ThorShrine]CloudSaint;0001;0006;0003;00;0001;0001;0000;0180;0036;0000;0000;0000;0000;0003;0012;0000;1000;0500;0001;32771;0000;0000;0001;94416550;0500;099;099;099;099;099;099;099;0000;0000;0000;0000;0000;0000;0001;00;0;0;100;0;0;0;0;0;0;0;0;0;0;0;0;2800;0;0;0;8000;0;0;0;0;0;0;0;0;0;0000000002
4960;[ThorShrine]TowerKeeper;0001;0006;0003;00;0001;0001;0000;0180;0036;0000;0000;0000;0000;0003;0012;0000;1000;0500;0001;32771;0000;0000;0001;94416550;0500;099;099;099;099;099;099;099;0000;0000;0000;0000;0000;0000;0001;00;0;0;100;0;0;0;0;0;0;0;0;0;0;0;0;2800;0;0;0;8000;0;0;0;0;0;0;0;0;0;0000000002
3403;SharpOwlet;0001;0155;500000;00;6000;5500;2000;0060;0086;0000;0000;0000;0000;0003;0020;0000;1000;0500;0135;294915;0000;0000;0001;94416550;0100;099;099;099;099;099;099;099;0000;0000;0000;0000;0000;0000;8000;00;0;0;100;0;0;0;0;0;0;0;0;0;0;0;0;0;0;0;0;0;0;0;0;0;0;0;0;0;0;0000000000
3404;WingedDevil;0001;0155;500000;00;6000;5500;2000;0060;0086;0000;0000;0000;0000;0003;0020;0000;1000;0500;0135;294915;0000;0000;0001;94416550;0100;099;099;099;099;099;099;099;0000;0000;0000;0000;0000;0000;8000;00;0;0;100;0;0;0;0;0;0;0;0;0;0;0;0;0;0;0;0;0;0;0;0;0;0;0;0;0;0;0000000000
3405;BloodLeopard;0001;0202;500000;00;6000;5500;2000;0060;0086;0000;0000;0000;0000;0003;0020;0000;1000;0500;0135;294915;0000;0000;0001;94416550;0100;099;099;099;099;099;099;099;0000;0000;0000;0000;0000;0000;8000;00;0;0;100;0;0;0;0;0;0;0;0;0;0;0;0;0;0;0;0;0;0;0;0;0;0;0;0;0;0;0000000000
3406;BloodthirstyBat;0001;0206;500000;00;6000;5500;2000;0060;0086;0000;0000;0000;0000;0003;0020;0000;1000;0500;0135;294915;0000;0000;0001;94416550;0100;099;099;099;099;099;099;099;0000;0000;0000;0000;0000;0000;8000;00;0;0;100;0;0;0;0;0;0;0;0;0;0;0;0;0;0;0;0;0;0;0;0;0;0;0;0;0;0;0000000000
3407;GhostOwlet;0001;0155;500000;00;6500;6000;2000;0060;0086;0000;0000;0000;0000;0003;0020;0000;1000;0500;0135;294915;0000;0000;0001;94416550;0100;099;099;099;099;099;099;099;0000;0000;0000;0000;0000;0000;8000;00;0;0;100;0;0;0;0;0;0;0;0;0;0;0;0;0;0;0;0;0;0;0;0;0;0;0;0;0;0;0000000000
3408;RoaringDevil;0001;0155;500000;00;6500;6000;2000;0060;0086;0000;0000;0000;0000;0003;0020;0000;1000;0500;0135;294915;0000;0000;0001;94416550;0100;099;099;099;099;099;099;099;0000;0000;0000;0000;0000;0000;8000;00;0;0;100;0;0;0;0;0;0;0;0;0;0;0;0;0;0;0;0;0;0;0;0;0;0;0;0;0;0;0000000000
3409;EliteSandDemon;0001;0508;1000000;00;8000;7500;2000;0060;0086;0000;0000;0000;0000;0003;0020;0000;1000;0500;0140;294915;0000;0000;0001;94416550;0100;099;099;099;099;099;099;099;0000;0000;0000;0000;0000;0000;8000;00;0;0;100;0;0;0;0;0;0;0;0;0;0;0;0;0;0;0;0;0;0;0;0;0;0;0;0;0;0;0000000000
3410;SoulBiter;0001;0508;800000;00;6500;6000;2000;0060;0086;0000;0000;0000;0000;0003;0020;0000;1000;0500;0135;294915;0000;0000;0001;94416550;0100;099;099;099;099;099;099;099;0000;0000;0000;0000;0000;0000;8000;00;0;0;100;0;0;0;0;0;0;0;0;0;0;0;0;0;0;0;0;0;0;0;0;0;0;0;0;0;0;0000000000
3411;SoulBurner;0001;0508;800000;00;6500;6000;2000;0060;0086;0000;0000;0000;0000;0003;0020;0000;1000;0500;0135;294915;0000;0000;0001;94416550;0100;099;099;099;099;099;099;099;0000;0000;0000;0000;0000;0000;8000;00;0;0;100;0;0;0;0;0;0;0;0;0;0;0;0;0;0;0;0;0;0;0;0;0;0;0;0;0;0;0000000000
3412;BlindNightmare;0001;0206;800000;00;6500;6000;2000;0060;0086;0000;0000;0000;0000;0003;0020;0000;1000;0500;0135;294915;0000;0000;0001;94416550;0100;099;099;099;099;099;099;099;0000;0000;0000;0000;0000;0000;8000;00;0;0;100;0;0;0;0;0;0;0;0;0;0;0;0;0;0;0;0;0;0;0;0;0;0;0;0;0;0;0000000000
3413;GiantRat;0001;0202;800000;00;6500;6000;2000;0060;0086;0000;0000;0000;0000;0003;0020;0000;1000;0500;0135;294915;0000;0000;0001;94416550;0100;099;099;099;099;099;099;099;0000;0000;0000;0000;0000;0000;8000;00;0;0;100;0;0;0;0;0;0;0;0;0;0;0;0;0;0;0;0;0;0;0;0;0;0;0;0;0;0;0000000000
3414;SkyBreaker;0001;0508;1000000;00;8500;8000;3000;0060;0086;0000;0000;0000;0000;0003;0020;0000;1000;0500;0138;294915;0000;0000;0001;94416550;0100;099;099;099;099;099;099;099;0000;0000;0000;0000;0000;0000;8000;00;0;0;100;0;0;0;0;0;0;0;0;0;0;0;0;0;0;0;0;0;0;0;0;0;0;0;0;0;0;0000000000
3415;SkyBurner;0001;0508;1000000;00;8500;8000;3000;0060;0086;0000;0000;0000;0000;0003;0020;0000;1000;0500;0138;294915;0000;0000;0001;94416550;0100;099;099;099;099;099;099;099;0000;0000;0000;0000;0000;0000;8000;00;0;0;100;0;0;0;0;0;0;0;0;0;0;0;0;0;0;0;0;0;0;0;0;0;0;0;0;0;0;0000000000
3416;EliteSkyDevourer;0001;0308;2000000;00;15000;13000;5000;0060;0086;0000;0000;0000;0000;0003;0020;0000;1000;0500;0140;294915;0000;0000;0001;94416550;0100;099;099;099;099;099;099;099;0000;0000;0000;0000;0000;0000;8000;00;0;0;100;0;0;0;0;0;0;0;0;0;0;0;0;0;0;0;0;0;0;0;0;0;0;0;0;0;0;0000000000
3417;InfernoBull;0001;0206;1000000;00;8500;8000;3000;0060;0086;0000;0000;0000;0000;0003;0020;0000;1000;0500;0140;294915;0000;0000;0001;94416550;0100;099;099;099;099;099;099;099;0000;0000;0000;0000;0000;0000;8000;00;0;0;100;0;0;0;0;0;0;0;0;0;0;0;0;0;0;0;0;0;0;0;0;0;0;0;0;0;0;0000000000
3418;NetherworldBull;0001;0206;1000000;00;8500;8000;3000;0060;0086;0000;0000;0000;0000;0003;0020;0000;1000;0500;0140;294915;0000;0000;0001;94416550;0100;099;099;099;099;099;099;099;0000;0000;0000;0000;0000;0000;8000;00;0;0;100;0;0;0;0;0;0;0;0;0;0;0;0;0;0;0;0;0;0;0;0;0;0;0;0;0;0;0000000000
3419;StoneDemon;0001;0105;1200000;00;9000;8500;3000;0060;0086;0000;0000;0000;0000;0003;0020;0000;1000;0500;0140;294915;0000;0000;0001;94416550;0100;099;099;099;099;099;099;099;0000;0000;0000;0000;0000;0000;8000;00;0;0;100;0;0;0;0;0;0;0;0;0;0;0;0;0;0;0;0;0;0;0;0;0;0;0;0;0;0;0000000000
3420;StoneBiter;0001;0105;1200000;00;9000;8500;3000;0060;0086;0000;0000;0000;0000;0003;0020;0000;1000;0500;0140;294915;0000;0000;0001;94416550;0100;099;099;099;099;099;099;099;0000;0000;0000;0000;0000;0000;8000;00;0;0;100;0;0;0;0;0;0;0;0;0;0;0;0;0;0;0;0;0;0;0;0;0;0;0;0;0;0;0000000000
3421;InfernoBullDemon;0001;0206;1000000;00;9000;8500;3000;0060;0086;0000;0000;0000;0000;0003;0020;0000;1000;0500;0140;294915;0000;0000;0001;94416550;0100;099;099;099;099;099;099;099;0000;0000;0000;0000;0000;0000;8000;00;0;0;100;0;0;0;0;0;0;0;0;0;0;0;0;0;0;0;0;0;0;0;0;0;0;0;0;0;0;0000000000
3422;NetherworldBullDemon;0001;0206;1000000;00;9000;8500;3000;0060;0086;0000;0000;0000;0000;0003;0020;0000;1000;0500;0140;294915;0000;0000;0001;94416550;0100;099;099;099;099;099;099;099;0000;0000;0000;0000;0000;0000;8000;00;0;0;100;0;0;0;0;0;0;0;0;0;0;0;0;0;0;0;0;0;0;0;0;0;0;0;0;0;0;0000000000
3423;EliteCrystalBreaker;0001;0505;2000000;00;18000;15000;3000;0060;0086;0000;0000;0000;0000;0003;0020;0000;1000;0500;0140;294915;0000;0000;0001;94416550;0100;099;099;099;099;099;099;099;0000;0000;0000;0000;0000;0000;8000;00;0;0;100;0;0;0;0;0;0;0;0;0;0;0;0;0;0;0;0;0;0;0;0;0;0;0;0;0;0;0000000000
3424;RagedBirdman;0001;0205;500000;00;18000;15000;3000;0060;0086;0000;0000;0000;0000;0003;0020;0000;1000;0500;0140;294915;0000;0000;0001;94416550;0100;099;099;099;099;099;099;099;0000;0000;0000;0000;0000;0000;8000;00;0;0;100;0;0;0;0;0;0;0;0;0;0;0;0;0;0;0;0;0;0;0;0;0;0;0;0;0;0;0000000000
3425;ClawedBirdman;0001;0205;1200000;00;9000;8500;3000;0060;0086;0000;0000;0000;0000;0003;0020;0000;1000;0500;0140;294915;0000;0000;0001;94416550;0100;099;099;099;099;099;099;099;0000;0000;0000;0000;0000;0000;8000;00;0;0;100;0;0;0;0;0;0;0;0;0;0;0;0;0;0;0;0;0;0;0;0;0;0;0;0;0;0;0000000000
3426;StarDevourer;0001;0155;1200000;00;9000;8500;3000;0060;0086;0000;0000;0000;0000;0003;0020;0000;1000;0500;0140;294915;0000;0000;0001;94416550;0100;099;099;099;099;099;099;099;0000;0000;0000;0000;0000;0000;8000;00;0;0;100;0;0;0;0;0;0;0;0;0;0;0;0;0;0;0;0;0;0;0;0;0;0;0;0;0;0;0000000000
3427;EliteSoulDevourer;0001;0197;2000000;00;18000;15000;5000;0060;0086;0000;0000;0000;0000;0003;0020;0000;1000;0500;0140;294915;0000;0000;0001;94416550;0100;099;099;099;099;099;099;099;0000;0000;0000;0000;0000;0000;8000;00;0;0;100;0;0;0;0;0;0;0;0;0;0;0;0;0;0;0;0;0;0;0;0;0;0;0;0;0;0;0000000000
3460;GreenTailAssassin;0001;0252;500000;00;18000;15000;5000;0060;0086;0000;0000;0000;0000;0003;0020;0000;1000;0500;0140;294915;0000;0000;0001;94416550;0100;099;099;099;099;099;099;099;0000;0000;0000;0000;0000;0000;8000;00;0;0;100;0;0;0;0;0;0;0;0;0;0;0;0;0;0;0;0;0;0;0;0;0;0;0;0;0;0;0000000000
3461;AirborneAxeDemon;0001;0168;1000000;00;9000;8500;3000;0060;0086;0000;0000;0000;0000;0003;0020;0000;1000;0500;0140;294915;0000;0000;0001;94416550;0100;099;099;099;099;099;099;099;0000;0000;0000;0000;0000;0000;8000;00;0;0;100;0;0;0;0;0;0;0;0;0;0;0;0;0;0;0;0;0;0;0;0;0;0;0;0;0;0;0000000000
3462;GhostFace;0001;0105;0003;00;9000;8500;99999999;0060;0086;0000;0000;0000;0000;0003;0020;0000;1000;0500;0140;294915;0000;0000;0001;94416550;0100;099;099;099;099;099;099;099;0000;0000;0000;0000;0000;0000;0001;00;0;0;100;0;0;0;0;0;0;0;0;0;0;0;0;0;0;0;0;0;0;0;9999;9999;0;0;0;0;0;0000000002
3463;NetherworldSupplier;0001;0305;3000000;00;5000;4000;10000;0060;0086;0000;0000;0000;0000;0003;0020;0000;1000;0500;0140;294915;0000;0000;0001;94416550;0100;099;099;099;099;099;099;099;0000;0000;0000;0000;0000;0000;8000;00;0;0;100;0;0;0;0;0;0;0;0;0;0;0;0;0;0;0;0;0;0;0;0;0;0;0;0;0;0;0000000000
4961;NetherBeast(Lucis`Mount);0001;0356;0005;00;0015;0010;6000;0000;0000;0000;0000;0000;0000;0001;0015;0000;1000;1000;0030;819203;0000;0000;0002;94416550;0400;000;000;000;000;000;000;000;0000;0000;0000;0000;0000;0000;0001;00;0;0;100;0;0;0;0;0;0;0;0;0;0;0;0;0;0;0;0;0;0;0;0;0;0;0;0;0;0;0000000002
4962;NetherBeast(Minos`Mount);0001;0204;0005;00;0015;0010;6000;0000;0000;0000;0000;0000;0000;0001;0015;0000;1000;1000;0030;819203;0000;0000;0002;94416550;0400;000;000;000;000;000;000;000;0000;0000;0000;0000;0000;0000;0001;00;0;0;100;0;0;0;0;0;0;0;0;0;0;0;0;0;0;0;0;0;0;0;0;0;0;0;0;0;0;0000000002
4963;NetherBeast(Karura`sMount);0001;0210;0005;00;0015;0010;6000;0000;0000;0000;0000;0000;0000;0001;0015;0000;1000;1000;0030;819203;0000;0000;0002;94416550;0400;000;000;000;000;000;000;000;0000;0000;0000;0000;0000;0000;0001;00;0;0;100;0;0;0;0;0;0;0;0;0;0;0;0;0;0;0;0;0;0;0;0;0;0;0;0;0;0;0000000002
4964;NetherBeast(Pando`sMount);0001;0282;0005;00;0015;0010;6000;0000;0000;0000;0000;0000;0000;0001;0015;0000;1000;1000;0030;819203;0000;0000;0002;94416550;0400;000;000;000;000;000;000;000;0000;0000;0000;0000;0000;0000;0001;00;0;0;100;0;0;0;0;0;0;0;0;0;0;0;0;0;0;0;0;0;0;0;0;0;0;0;0;0;0;0000000002
4965;NetherWraith;0001;0217;0010;00;0020;0020;6000;0000;0000;0000;0000;0000;0000;0001;0015;0000;1000;0500;0035;819203;0000;0000;0002;94416550;0400;000;000;000;000;000;000;000;0000;0000;0000;0000;0000;0000;0001;00;0;0;100;0;0;0;0;0;0;0;0;0;0;0;0;0;0;0;0;0;0;0;0;0;0;0;0;0;0;0000000002
4966;Lucis;0001;0327;1000;00;0001;0001;0010;0000;0000;0000;0000;0000;0000;0003;0012;0000;2000;0500;0040;819203;0000;0000;0002;94416550;0400;000;000;000;000;000;000;000;0000;0000;0000;0000;0000;0000;10000;00;0;0;100;0;0;0;0;0;0;0;0;0;0;0;0;0;0;0;0;0;0;0;0;0;0;0;0;0;0;0000000000
4967;Karura;0001;0250;500000;00;0001;0001;0010;0000;0000;0000;0000;0000;0000;0003;0012;0000;2000;0500;0040;819203;0000;0000;0002;94416550;0400;000;000;000;000;000;000;000;0000;0000;0000;0000;0000;0000;10000;00;0;0;100;0;0;0;0;0;0;0;0;0;0;0;0;0;0;0;0;0;0;0;0;0;0;0;0;0;0;0000000000
4968;Pando;0001;0951;1000000;00;0001;0001;0010;0000;0000;0000;0000;0000;0000;0003;0012;0000;2000;0500;0040;819203;0000;0000;0002;94416550;0400;000;000;000;000;000;000;000;0000;0000;0000;0000;0000;0000;10000;00;0;0;100;0;0;0;0;0;0;0;0;0;0;0;0;0;0;0;0;0;0;0;0;0;0;0;0;0;0;0000000000
4969;Minos;0001;0362;500000;00;0001;0001;0010;0000;0000;0000;0000;0000;0000;0003;0012;0000;2000;0500;0040;819203;0000;0000;0002;94416550;0400;000;000;000;000;000;000;000;0000;0000;0000;0000;0000;0000;10000;00;0;0;100;0;0;0;0;0;0;0;0;0;0;0;0;0;0;0;0;0;0;0;0;0;0;0;0;0;0;0000000000
4970;NetherBrute;0001;0327;0005;00;0010;0010;6000;0000;0000;0000;0000;0000;0000;0015;0020;0000;0400;0500;0035;294915;0000;0000;0002;94416550;0400;000;000;000;000;000;000;000;0000;0000;0000;0000;0000;0000;0001;00;0;0;100;0;0;0;0;0;0;0;0;0;0;0;0;0;0;0;0;0;0;0;0;0;0;0;0;0;0;0000000000
4971;NetherLordHader;0001;0006;1000000;00;0001;0001;0010;0000;0000;0000;0000;0000;0000;0003;0012;0000;2000;0500;0045;819203;0000;0000;0002;94416550;0400;000;000;000;000;000;000;000;0000;0000;0000;0000;0000;0000;10000;00;0;0;100;0;0;0;0;0;0;0;0;0;0;0;0;0;0;0;0;0;0;0;0;0;0;0;0;0;0;0000000000
4972;FireSpecter;0001;0327;0005;00;0010;0010;6000;0000;0000;0000;0000;0000;0000;0015;0020;0000;0400;0500;0150;294915;0000;0000;0002;94416550;0400;000;000;000;000;000;000;000;0000;0000;0000;0000;0000;0000;0001;00;0;0;100;0;0;0;0;0;0;0;0;0;0;0;0;0;0;0;0;0;0;0;0;0;0;0;0;0;0;0000000000
2984;AncientDragon;0001;0950;0003;00;0003;0002;0000;0000;0036;0000;0000;0000;0000;0001;0006;0000;1000;0500;0001;32771;0000;0000;0000;94416550;0500;099;099;099;099;099;099;099;1000000;1001000;0000;0000;0000;0000;10000;01;0;0;100;0;0;0;0;0;0;0;0;0;0;0;0;0;0;0;0;0;0;0;0;0;0;0;0;0;0;0000000002
3478;Dinomonster;0001;0197;75000;00;5000;4000;3500;0160;0086;0000;0000;0000;0000;0002;0010;0000;1000;0500;0135;32771;0000;0000;0001;94416550;0500;099;099;099;099;099;099;099;0000;0000;0000;0000;0000;0000;5000;00;0;0;100;0;0;0;0;0;0;0;0;0;0;0;0;2000;0;0;0;6000;0;0;0;0;0;0;0;0;0;0000000000
4937;S1LavaDragonSpirit;0001;0276;0003;00;0001;0001;0000;0180;0036;0000;0000;0000;0000;0003;0012;0000;1000;0500;0001;32771;0000;0000;0001;94416550;0500;099;099;099;099;099;099;099;1000040;1002040;0000;0000;0000;0000;0001;00;0;0;100;0;0;0;0;0;0;0;0;0;0;0;0;2800;0;0;0;8000;0;0;0;0;0;0;0;0;0;0000000002
4938;S2LavaDragonSpirit;0001;0276;0003;00;0001;0001;0000;0180;0036;0000;0000;0000;0000;0003;0012;0000;1000;0500;0001;32771;0000;0000;0001;94416550;0500;099;099;099;099;099;099;099;1000040;1002040;0000;0000;0000;0000;0001;00;0;0;100;0;0;0;0;0;0;0;0;0;0;0;0;2800;0;0;0;8000;0;0;0;0;0;0;0;0;0;0000000002
4939;S3LavaDragonSpirit;0001;0276;0003;00;0001;0001;0000;0180;0036;0000;0000;0000;0000;0003;0012;0000;1000;0500;0001;32771;0000;0000;0001;94416550;0500;099;099;099;099;099;099;099;1000040;1002040;0000;0000;0000;0000;0001;00;0;0;100;0;0;0;0;0;0;0;0;0;0;0;0;2800;0;0;0;8000;0;0;0;0;0;0;0;0;0;0000000002
4940;S4LavaDragonSpirit;0001;0276;0003;00;0001;0001;0000;0180;0036;0000;0000;0000;0000;0003;0012;0000;1000;0500;0001;32771;0000;0000;0001;94416550;0500;099;099;099;099;099;099;099;1000040;1002040;0000;0000;0000;0000;0001;00;0;0;100;0;0;0;0;0;0;0;0;0;0;0;0;2800;0;0;0;8000;0;0;0;0;0;0;0;0;0;0000000002
4941;S5LavaDragonSpirit;0001;0276;0003;00;0001;0001;0000;0180;0036;0000;0000;0000;0000;0003;0012;0000;1000;0500;0001;32771;0000;0000;0001;94416550;0500;099;099;099;099;099;099;099;1000040;1002040;0000;0000;0000;0000;0001;00;0;0;100;0;0;0;0;0;0;0;0;0;0;0;0;2800;0;0;0;8000;0;0;0;0;0;0;0;0;0;0000000002
4942;S6LavaDragonSpirit;0001;0276;0003;00;0001;0001;0000;0180;0036;0000;0000;0000;0000;0003;0012;0000;1000;0500;0001;32771;0000;0000;0001;94416550;0500;099;099;099;099;099;099;099;1000040;1002040;0000;0000;0000;0000;0001;00;0;0;100;0;0;0;0;0;0;0;0;0;0;0;0;2800;0;0;0;8000;0;0;0;0;0;0;0;0;0;0000000002
4943;S7LavaDragonSpirit;0001;0276;0003;00;0001;0001;0000;0180;0036;0000;0000;0000;0000;0003;0012;0000;1000;0500;0001;32771;0000;0000;0001;94416550;0500;099;099;099;099;099;099;099;1000040;1002040;0000;0000;0000;0000;0001;00;0;0;100;0;0;0;0;0;0;0;0;0;0;0;0;2800;0;0;0;8000;0;0;0;0;0;0;0;0;0;0000000002
4944;S1NetherDragonSpirit;0001;0950;0003;00;0001;0001;0000;0180;0036;0000;0000;0000;0000;0003;0012;0000;1000;0500;0001;32771;0000;0000;0001;94416550;0500;099;099;099;099;099;099;099;1000040;1002040;0000;0000;0000;0000;0001;00;0;0;100;0;0;0;0;0;0;0;0;0;0;0;0;2800;0;0;0;8000;0;0;0;0;0;0;0;0;0;0000000002
4945;S2NetherDragonSpirit;0001;0950;0003;00;0001;0001;0000;0180;0036;0000;0000;0000;0000;0003;0012;0000;1000;0500;0001;32771;0000;0000;0001;94416550;0500;099;099;099;099;099;099;099;1000040;1002040;0000;0000;0000;0000;0001;00;0;0;100;0;0;0;0;0;0;0;0;0;0;0;0;2800;0;0;0;8000;0;0;0;0;0;0;0;0;0;0000000002
4946;S3NetherDragonSpirit;0001;0950;0003;00;0001;0001;0000;0180;0036;0000;0000;0000;0000;0003;0012;0000;1000;0500;0001;32771;0000;0000;0001;94416550;0500;099;099;099;099;099;099;099;1000040;1002040;0000;0000;0000;0000;0001;00;0;0;100;0;0;0;0;0;0;0;0;0;0;0;0;2800;0;0;0;8000;0;0;0;0;0;0;0;0;0;0000000002
4947;S4NetherDragonSpirit;0001;0950;0003;00;0001;0001;0000;0180;0036;0000;0000;0000;0000;0003;0012;0000;1000;0500;0001;32771;0000;0000;0001;94416550;0500;099;099;099;099;099;099;099;1000040;1002040;0000;0000;0000;0000;0001;00;0;0;100;0;0;0;0;0;0;0;0;0;0;0;0;2800;0;0;0;8000;0;0;0;0;0;0;0;0;0;0000000002
4948;S5NetherDragonSpirit;0001;0950;0003;00;0001;0001;0000;0180;0036;0000;0000;0000;0000;0003;0012;0000;1000;0500;0001;32771;0000;0000;0001;94416550;0500;099;099;099;099;099;099;099;1000040;1002040;0000;0000;0000;0000;0001;00;0;0;100;0;0;0;0;0;0;0;0;0;0;0;0;2800;0;0;0;8000;0;0;0;0;0;0;0;0;0;0000000002
4949;S6NetherDragonSpirit;0001;0950;0003;00;0001;0001;0000;0180;0036;0000;0000;0000;0000;0003;0012;0000;1000;0500;0001;32771;0000;0000;0001;94416550;0500;099;099;099;099;099;099;099;1000040;1002040;0000;0000;0000;0000;0001;00;0;0;100;0;0;0;0;0;0;0;0;0;0;0;0;2800;0;0;0;8000;0;0;0;0;0;0;0;0;0;0000000002
4988;ChaosSerpent;0001;0162;65535;00;2500;1800;0000;0036;0086;0000;0000;0000;0000;0001;0010;0000;1000;1000;0127;32771;0000;0000;0001;94416550;0500;009;023;009;023;022;009;023;1000040;1000040;0000;0000;0000;0000;6666;00;0;0;100;0;0;0;0;0;0;0;0;0;0;0;0;0;0;0;0;0;0;0;0;0;0;0;0;0;0;0000000000
4744;FireworkThief;0001;0904;0010;00;0001;0001;0001;0070;0090;0000;0000;0000;0000;0001;0008;0000;1000;0500;0145;2916355;0000;0000;0005;94416550;1000;099;099;099;099;099;099;099;0000;0000;0000;0000;0000;0000;10000;00;0;0;100;0;3;75;75;75;75;75;900000;0;0;0;0;6000;0;0;0;25000;0;0;5000;0;0;0;0;0;0;0000000002
3555;GoldenChest;0001;0479;0007;00;0001;0000;0000;0070;0000;0000;0000;0000;0000;0001;0008;0000;1000;1000;0080;294912;0000;0000;0005;94416550;1000;099;099;099;099;099;099;099;0000;0000;0000;0000;0000;0000;10000;00;0;0;100;0;3;0;0;0;0;0;900000;0;0;0;0;0;0;0;0;0;0;0;0;0;0;0;0;0;0;0000000002
3556;AzureChest;0001;0480;0005;00;0001;0000;0000;0070;0000;0000;0000;0000;0000;0001;0008;0000;1000;1000;0080;294912;0000;0000;0005;94416550;1000;099;099;099;099;099;099;099;0000;0000;0000;0000;0000;0000;10000;00;0;0;100;0;3;0;0;0;0;0;900000;0;0;0;0;0;0;0;0;0;0;0;0;0;0;0;0;0;0;0000000002
3557;RubyChest;0001;0481;0003;00;0001;0000;0000;0070;0000;0000;0000;0000;0000;0001;0008;0000;1000;1000;0080;294912;0000;0000;0005;94416550;1000;099;099;099;099;099;099;099;0000;0000;0000;0000;0000;0000;10000;00;0;0;100;0;3;0;0;0;0;0;900000;0;0;0;0;0;0;0;0;0;0;0;0;0;0;0;0;0;0;0000000002
3558;LuckyChest;0001;0141;0005;00;0001;0000;0000;0070;0000;0000;0000;0000;0000;0001;0008;0000;1000;1000;0080;294912;0000;0000;0005;94416550;1000;099;099;099;099;099;099;099;0000;0000;0000;0000;0000;0000;10000;00;0;0;100;0;3;0;0;0;0;0;900000;0;0;0;0;0;0;0;0;0;0;0;0;0;0;0;0;0;0;0000000002
4833;Pheasant;0001;0231;0033;00;0003;0002;0000;0000;0036;0000;0000;0000;0000;0001;0006;0000;1000;0500;0001;32771;0005;0000;0000;94416550;0500;099;099;099;099;099;099;099;1000000;1000000;0000;0000;0000;0000;6666;01;0;0;100;0;0;0;0;0;0;0;0;0;0;0;0;0;0;0;0;0;0;0;0;0;0;0;0;0;0;0000000000
4834;Turtledove;0001;0304;0081;00;0006;0005;0000;0000;0037;0000;0000;0000;0000;0001;0006;0000;1000;0500;0007;32771;0009;0000;0000;94416550;0500;099;000;099;000;000;099;001;1000000;1000000;0000;0000;0000;0000;6666;02;0;0;100;0;0;0;0;0;0;0;0;0;0;0;0;0;0;0;0;0;0;0;0;0;0;0;0;0;0;0000000000
4835;Robin;0001;0132;0122;00;0009;0007;0000;0000;0036;0000;0000;0000;0000;0001;0008;0000;1000;0500;0012;32771;0012;0000;0000;94416550;0500;000;001;000;001;001;099;003;1000000;1000000;0000;0000;0000;0000;6666;03;6;0;100;0;0;0;0;0;0;0;0;0;0;0;0;0;0;0;0;0;0;0;0;0;0;0;0;0;0;0000000000
4836;Apparition;0001;0233;0202;00;0007;0007;0000;0000;0069;0000;0000;0000;0000;0001;0008;0000;1000;0500;0017;32771;0015;0000;0001;94416550;0500;001;002;001;002;002;099;003;1000000;1000000;0000;0000;0000;0000;6666;04;7;0;100;0;0;0;0;0;0;0;0;0;0;0;0;0;0;0;0;0;0;0;0;0;0;0;0;0;0;0000000000
4838;WingedSnake;0001;0203;0445;00;0012;0011;0000;0000;0073;0000;0000;0000;0000;0001;0008;0000;1000;0500;0027;32771;0020;0000;0001;94416550;0500;002;004;002;004;004;099;005;1000010;1000010;0000;0000;0000;0000;6666;06;9;0;100;0;0;0;0;0;0;0;0;0;0;0;0;0;0;0;0;0;0;0;0;0;0;0;0;0;0;0000000000
4839;Bandit;0001;0201;0545;00;0015;0013;0000;0000;0075;0000;0000;0000;0000;0001;0008;0000;1000;0500;0032;32771;0023;0000;0001;94416550;0500;003;005;002;005;005;099;007;1000010;1000010;0000;0000;0000;0000;6666;07;10;0;100;0;0;0;0;0;0;0;0;0;0;0;0;0;0;0;0;0;0;0;0;0;0;0;0;0;0;0000000000
4840;Ratling;0001;0202;0666;00;0019;0017;0000;0000;0078;0000;0000;0000;0000;0001;0008;0000;1000;0500;0037;32771;0027;0000;0001;94416550;0500;003;006;003;006;006;099;007;1000010;1000010;0000;0000;0000;0000;6666;08;11;0;100;0;0;0;0;0;0;0;0;0;0;0;0;0;0;0;0;0;0;0;0;0;0;0;0;0;0;0000000000
4841;FireSpirit;0001;0202;1219;00;0022;0019;0000;0000;0075;0000;0000;0000;0000;0001;0008;0000;1000;0500;0042;32771;0039;0000;0001;94416550;0500;004;007;003;007;007;000;009;1000020;1000020;0000;0000;0000;0000;6666;09;0;0;100;0;0;0;0;0;0;0;0;0;0;0;0;0;0;0;0;0;0;0;0;0;0;0;0;0;0;0000000000
4842;Macaque;0001;0156;1467;00;0038;0035;0000;0000;0078;0000;0000;0000;0000;0001;0008;0000;1000;0500;0047;32771;0043;0000;0001;94416550;0500;004;008;004;008;008;001;009;1000020;1000020;0000;0000;0000;0000;6666;10;12;0;100;0;0;0;0;0;0;0;0;0;0;0;0;0;0;0;0;0;0;0;0;0;0;0;0;0;0;0000000000
4843;GiantApe;0001;0156;1763;00;0049;0044;0000;0000;0079;0000;0000;0000;0000;0001;0008;0000;1000;0500;0052;32771;0047;0000;0002;94416550;0500;005;009;005;009;009;002;011;1000020;1000020;0000;0000;0000;0000;6666;11;13;0;100;0;0;0;0;0;0;0;0;0;0;0;0;0;0;0;0;0;0;0;0;0;0;0;0;0;0;0000000000
4844;ThunderApe;0001;0103;2124;00;0062;0056;0000;0000;0082;0000;0000;0000;0000;0001;0008;0000;1000;0500;0057;32771;0051;0000;0001;94416550;0500;005;011;005;011;009;003;011;1000020;1000020;0000;0000;0000;0000;6666;12;14;0;100;0;0;0;0;0;0;0;0;0;0;0;0;0;0;0;0;0;0;0;0;0;0;0;0;0;0;0000000000
4845;Snakeman;0001;0204;3182;00;0077;0070;0000;0000;0083;0000;0000;0000;0000;0001;0008;0000;1000;0500;0062;32771;0066;0000;0001;94416550;0500;006;012;006;012;012;003;013;1000030;1000030;0000;0000;0000;0000;6666;13;16;0;100;0;0;0;0;0;0;0;0;0;0;0;0;0;0;0;0;0;0;0;0;0;0;0;0;0;0;0000000000
4846;SandMonster;0001;0309;3842;00;0293;0265;0000;0021;0087;0000;0000;0000;0000;0001;0008;0000;1000;0500;0067;32771;0073;0000;0003;94416550;0500;006;013;006;013;013;004;013;1000030;1000030;0000;0000;0000;0000;6666;14;15;0;100;0;0;0;0;0;0;0;0;0;0;0;0;0;0;0;0;0;0;0;0;0;0;0;0;0;0;0000000000
4847;HillMonster;0001;0105;4908;00;0331;0299;0000;0025;0083;0000;0000;0000;0000;0001;0008;0000;1000;0500;0072;32771;0079;0000;0002;94416550;0500;006;014;006;014;014;004;015;1000030;1000030;0000;0000;0000;0000;6666;15;17;0;100;0;0;0;0;0;0;0;0;0;0;0;0;0;0;0;0;0;0;0;0;0;0;0;0;0;0;0000000000
4848;RockMonster;0001;0105;5642;00;0393;0355;0000;0025;0086;0000;0000;0000;0000;0001;0008;0000;1000;0500;0077;32771;0085;0000;0002;94416550;0500;007;015;006;015;015;005;015;1000030;1000030;0000;0000;0000;0000;6666;16;18;0;100;0;0;0;0;0;0;0;0;0;0;0;0;0;0;0;0;0;0;0;0;0;0;0;0;0;0;0000000000
4849;BladeGhost;0001;0200;7786;00;0461;0416;0000;0028;0087;0000;0000;0000;0000;0001;0012;0000;1000;0500;0082;32771;0105;0000;0001;94416550;0500;007;016;007;016;016;006;017;1002000;1002000;0000;0000;0000;0000;6666;17;2;0;100;0;0;0;0;0;0;0;0;0;0;0;0;0;0;0;0;0;0;0;0;0;0;0;0;0;0;0000000000
4850;Birdman;0001;0205;8952;00;0540;0488;0000;0028;0085;0000;0000;0000;0000;0001;0008;0000;1000;0500;0087;32771;0111;0000;0001;94416550;0500;008;017;007;017;017;007;017;1002000;1002000;0000;0000;0000;0000;6666;18;19;0;100;0;0;0;0;0;0;0;0;0;0;0;0;0;0;0;0;0;0;0;0;0;0;0;0;0;0;0000000000
4851;Hawkman;0001;0205;10293;00;0631;0570;0000;0028;0085;0000;0000;0000;0000;0001;0010;0000;1000;1000;0092;32771;0117;0000;0001;94416550;0500;008;018;008;018;018;007;019;1002000;1002000;0000;0000;0000;0000;6666;19;20;0;100;0;0;0;0;0;0;0;0;0;0;0;0;0;0;0;0;0;0;0;0;0;0;0;0;0;0;0000000000
4852;BirdmanL88;0001;0605;17905;00;0568;0512;0000;0011;0091;0000;0000;0000;0000;0002;0015;0000;1000;0250;0088;32771;0111;0000;0001;94416550;0100;008;017;007;017;017;007;019;1002020;1002020;0000;0000;0000;0000;10000;18;19;0;100;0;0;0;0;0;0;0;0;0;0;0;0;0;0;0;0;0;0;0;0;0;0;0;0;0;0;0000000000
4853;HawkL93;0001;0605;20586;00;0663;0599;0000;0011;0092;0000;0000;0000;0000;0002;0018;0000;1000;0250;0093;32771;0117;0000;0001;94416550;0100;008;018;008;018;018;007;019;1002020;1002020;0000;0000;0000;0000;10000;19;20;0;100;0;0;0;0;0;0;0;0;0;0;0;0;0;0;0;0;0;0;0;0;0;0;0;0;0;0;0000000000
4854;BanditL98;0001;0601;27610;00;0842;0630;0000;0013;0086;0000;0000;0000;0000;0001;0018;0000;1000;0500;0098;32771;0125;0000;0001;94416550;0100;008;019;008;019;019;008;019;1002020;1002020;0000;0000;0000;0000;10000;55;21;0;100;0;0;0;0;0;0;0;0;0;0;0;0;0;0;0;0;0;0;0;0;0;0;0;0;0;0;0000000000
4855;TombBatL103;0001;0606;48944;00;1316;1191;0000;0013;0086;0000;0000;0000;0000;0002;0018;0000;1000;0500;0103;32771;0132;0000;0003;94416550;0100;008;020;009;020;020;008;009;1002020;1002020;0000;0000;0000;0000;10000;20;1;0;100;0;0;0;0;0;0;0;0;0;0;0;0;0;0;0;0;0;0;0;0;0;0;0;0;0;0;0000000000
4856;BloodyBatL108;0001;0248;56280;00;1682;1260;0000;0013;0089;0000;0000;0000;0000;0001;0018;0000;1000;0500;0108;32771;0138;0000;0001;94416550;0100;009;021;009;021;021;009;009;1002020;1002020;0000;0000;0000;0000;10000;56;23;0;100;0;0;0;0;0;0;0;0;0;0;0;0;0;0;0;0;0;0;0;0;0;0;0;0;0;0;0000000000
4857;BullMonsterL113;0001;0282;99295;00;1974;1365;0000;0019;0086;0000;0000;0000;0000;0001;0018;0000;1000;0500;0113;32771;0148;0000;0002;94416550;0100;009;022;009;022;022;009;009;1002020;1002020;0000;0000;0000;0000;10000;57;4;0;100;0;0;0;0;0;0;0;0;0;0;0;0;0;0;0;0;0;0;0;0;0;0;0;0;0;0;0000000000
4858;RedDevilL118;0001;0210;65535;00;2339;1575;0000;0019;0086;0000;0000;0000;0000;0001;0018;0000;1000;0500;0118;32771;0223;0000;0001;94416550;0100;009;021;009;021;021;009;009;1002020;1002020;0000;0000;0000;0000;10000;58;0;0;100;0;0;0;0;0;0;0;0;0;0;0;0;0;0;0;0;0;0;0;0;0;0;0;0;0;0;0000000000
4859;SerpentEnvoy;0001;0155;65535;00;2400;2400;2200;0100;0086;0000;0000;0000;0000;0009;0009;0000;1300;0500;0123;32771;0420;0000;0001;94416550;0500;099;099;099;099;099;099;099;1000040;1000040;1002;0099;0070;0000;6666;60;0;0;100;0;0;0;0;0;0;0;0;0;0;0;0;0;0;0;0;0;0;0;0;0;0;0;0;0;0;0000000000
4860;IcySerpent;0001;0255;65535;00;2400;1650;0000;0035;0086;0000;0000;0000;0000;0001;0010;0000;1000;1000;0122;32771;0251;0000;0001;94416550;0500;009;023;009;023;022;009;023;1000040;1000040;0000;0000;0000;0000;6666;60;0;0;100;0;0;0;0;0;0;0;0;0;0;0;0;0;0;0;0;0;0;0;0;0;0;0;0;0;0;0000000000
4862;SkySerpent;0001;0255;65535;00;2600;2300;45000;0073;0086;0000;0000;0000;0000;0001;0010;0000;1000;0500;0122;32771;0420;0000;0001;94416550;0500;099;099;099;099;099;099;099;1000040;1000040;0000;0099;0000;0000;6666;60;0;0;100;0;0;0;0;0;0;0;0;0;0;0;0;0;0;0;0;0;0;0;0;0;0;0;0;0;0;0000000000
4863;FrostSerpent;0001;0155;65535;00;2520;1732;0000;0035;0086;0000;0000;0000;0000;0001;0018;0000;1000;0500;0123;32771;0251;0000;0001;94416550;0100;009;023;009;023;022;009;023;1000040;1000040;0000;0000;0000;0000;6666;60;0;0;100;0;0;0;0;0;0;0;0;0;0;0;0;0;0;0;0;0;0;0;0;0;0;0;0;0;0;0000000000
4865;DarkElf;0001;0328;65535;00;2500;1800;0000;0036;0086;0000;0000;0000;0000;0001;0010;0000;1000;1000;0127;32771;0283;0000;0001;94416550;0500;009;023;009;023;022;009;023;1000040;1000040;0000;0000;0000;0000;6666;00;0;0;100;0;0;0;0;0;0;0;0;0;0;0;0;0;0;0;0;0;0;0;0;0;0;0;0;0;0;0000000000
4867;SnakeHubbub;0001;0162;65535;00;2500;1800;0000;0036;0086;0000;0000;0000;0000;0001;0010;0000;1000;1000;0127;32771;0283;0000;0001;94416550;0500;009;023;009;023;022;009;023;1000040;1000040;0000;0000;0000;0000;6666;00;0;0;100;0;0;0;0;0;0;0;0;0;0;0;0;0;0;0;0;0;0;0;0;0;0;0;0;0;0;0000000000
4868;CastleBandit;0001;0201;0545;00;0015;0013;0000;0000;0075;0000;0000;0000;0000;0001;0008;0000;1000;0500;0022;32771;0023;0000;0001;94416550;0500;003;005;002;005;005;099;007;1000010;1001010;0000;0000;0000;0000;6666;07;0;0;100;0;0;0;0;0;0;0;0;0;0;0;0;0;0;0;0;0;0;0;0;0;0;0;0;0;0;0000000000
4869;Vulture;0001;0132;1467;00;0038;0035;0000;0000;0078;0000;0000;0000;0000;0001;0008;0000;1000;0500;0047;32771;0043;0000;0001;94416550;0500;004;008;004;008;008;001;009;1000020;1001020;0000;0000;0000;0000;6666;10;12;0;100;0;0;0;0;0;0;0;0;0;0;0;0;0;0;0;0;0;0;0;0;0;0;0;0;0;0;0000000000
4870;GiantApeL53;0001;0556;5289;00;0052;0047;0000;0000;0079;0000;0000;0000;0000;0002;0015;0000;1000;0250;0053;32771;0047;0000;0002;94416550;0100;005;009;005;009;009;002;011;1002010;1001020;0000;0000;0000;0000;10000;11;13;0;100;0;0;0;0;0;0;0;0;0;0;0;0;0;0;0;0;0;0;0;0;0;0;0;0;0;0;0000000000
4871;HillMonsterL73;0001;0505;14723;00;0348;0314;0000;0003;0083;0000;0000;0000;0000;0002;0015;0000;1000;0250;0073;32771;0079;0000;0002;94416550;0100;006;014;006;014;014;004;015;1000030;1000030;0000;0000;0000;0000;10000;15;17;0;100;0;0;0;0;0;0;0;0;0;0;0;0;0;0;0;0;0;0;0;0;0;0;0;0;0;0;0000000000
4873;TombBat;0001;0206;24472;00;1253;1134;0000;0030;0086;0000;0000;0000;0000;0001;0010;0000;1000;1000;0102;32771;0132;0000;0001;94416550;0500;008;020;009;020;020;008;021;1002010;1002030;0000;0000;0000;0000;6666;20;1;0;100;0;0;0;0;0;0;0;0;0;0;0;0;0;0;0;0;0;0;0;0;0;0;0;0;0;0;0000000000
4874;BanditL97;0001;0201;13805;00;0802;0600;0000;0030;0086;0000;0000;0000;0000;0001;0010;0000;1000;1000;0097;32771;0125;0000;0001;94416550;0500;008;019;008;019;019;008;019;1002010;1002030;0000;0000;0000;0000;6666;55;21;0;100;0;0;0;0;0;0;0;0;0;0;0;0;0;0;0;0;0;0;0;0;0;0;0;0;0;0;0000000000
4875;BloodyBat;0001;0148;28140;00;1602;1200;0000;0030;0085;0000;0000;0000;0000;0001;0010;0000;1000;1000;0107;32771;0138;0000;0001;94416550;0500;009;021;009;021;021;009;021;1002010;1002030;0000;0000;0000;0000;6666;56;0;0;100;0;0;0;0;0;0;0;0;0;0;0;0;0;0;0;0;0;0;0;0;0;0;0;0;0;0;0000000000
4876;BullMonster;0001;0284;35050;00;1880;1300;0000;0033;0086;0000;0000;0000;0000;0001;0010;0000;1000;1000;0112;32771;0148;0000;0002;94416550;0500;009;022;009;022;022;009;023;1002020;1002040;0000;0000;0000;0000;6666;57;4;0;100;0;0;0;0;0;0;0;0;0;0;0;0;0;0;0;0;0;0;0;0;0;0;0;0;0;0;0000000000
4877;RedDevilL117;0001;0197;60460;00;2228;1500;0000;0033;0086;0000;0000;0000;0000;0001;0010;0000;1000;1000;0117;32771;0223;0000;0001;94416550;0500;009;021;009;021;021;009;023;1002020;1002040;0000;0000;0000;0000;10000;58;0;0;100;0;0;0;0;0;0;0;0;0;0;0;0;0;0;0;0;0;0;0;0;0;0;0;0;0;0;0000000000
4878;VampireBat;0001;0148;50000;00;1766;1323;0900;0013;0089;0000;0000;0000;0000;0001;0010;0000;1000;0500;0108;32771;0223;0000;0001;94416550;0300;009;021;009;021;021;009;023;1002020;1002040;0000;0060;0000;0000;6666;56;23;0;100;0;0;0;0;0;0;0;0;0;0;0;0;0;0;0;0;0;0;0;0;0;0;0;0;0;0;0000000000
4879;BloodyDevil;0001;0197;60000;00;2455;1653;0900;0019;0086;0000;0000;0000;0000;0001;0010;0000;1000;0500;0118;32771;0223;0000;0001;94416550;0300;009;021;009;021;021;009;023;1002020;1002040;0000;0060;0000;0000;6666;58;0;0;100;0;0;0;0;0;0;0;0;0;0;0;0;0;0;0;0;0;0;0;0;0;0;0;0;0;0;0000000000
4880;PheasantLord;0001;0231;0005;00;0005;0004;20000;0000;0036;0000;0000;0000;0000;0001;0006;0000;1000;0500;0020;32771;0005;0000;0000;94416550;0500;001;003;001;003;003;099;005;1000010;1000010;0000;0000;0000;0000;0001;01;0;0;100;0;0;0;0;0;0;0;0;0;0;0;0;0;0;0;0;0;0;0;0;0;0;0;0;0;0;0000000002
4881;WraithKing;0001;0233;0010;00;0010;0009;20000;0000;0071;0000;0000;0000;0000;0001;0008;0000;1000;0500;0030;32771;0016;0000;0001;94416550;0500;001;003;001;003;003;099;005;1000010;1000010;0000;0000;0000;0000;6666;05;8;0;100;0;0;0;0;0;0;0;0;0;0;0;0;0;0;0;0;0;0;0;0;0;0;0;0;0;0;0000000002
4882;Thief;0001;0201;0015;00;0065;0045;20000;0028;0085;0000;0000;0000;0000;0001;0010;0000;1000;1000;0065;32771;0034;0000;0001;94416550;0500;004;007;003;007;007;000;009;1000020;1000020;0000;0000;0000;0000;0001;00;0;0;100;0;0;0;0;0;0;0;0;0;0;0;0;0;0;0;0;0;0;0;0;0;0;0;0;0;0;0000000002
4883;MacaqueKing;0001;0556;0020;00;0088;0067;20000;0000;0078;0000;0000;0000;0000;0002;0015;0000;1000;0250;0075;32771;0043;0000;0001;94416550;0100;006;012;006;012;012;003;013;1000030;1000030;0000;0000;0000;0000;0001;10;12;0;100;0;0;0;0;0;0;0;0;0;0;0;0;0;0;0;0;0;0;0;0;0;0;0;0;0;0;0000000002
4884;BloodfireSnakeman;0001;0604;0020;00;0100;0090;20000;0000;0083;0000;0000;0000;0000;0002;0015;0000;1000;0250;0080;32771;0051;0000;0001;94416550;0100;006;012;006;012;012;003;013;1000030;1000030;0000;0000;0000;0000;0001;13;16;0;100;0;0;0;0;0;0;0;0;0;0;0;0;0;0;0;0;0;0;0;0;0;0;0;0;0;0;0000000002
4885;ThunderApeL85;0001;0503;0020;00;0150;0140;20000;0000;0082;0000;0000;0000;0000;0002;0015;0000;1000;0250;0085;32771;0066;0000;0001;94416550;0100;006;012;006;012;012;003;013;1000030;1000030;0000;0000;0000;0000;0001;12;14;0;100;0;0;0;0;0;0;0;0;0;0;0;0;0;0;0;0;0;0;0;0;0;0;0;0;0;0;0000000002
4886;SandKing`sMessenger;0001;0281;0025;00;0307;0278;20000;0004;0087;0000;0000;0000;0000;0002;0015;0000;1000;0250;0090;32771;0073;0000;0003;94416550;0100;007;016;007;016;016;006;017;1002000;1002000;0000;0000;0000;0000;0001;14;15;0;100;0;0;0;0;0;0;0;0;0;0;0;0;0;0;0;0;0;0;0;0;0;0;0;0;0;0;0000000002
4887;HillKing;0001;0505;0025;00;0348;0314;20000;0003;0083;0000;0000;0000;0000;0002;0015;0000;1000;0250;0095;32771;0079;0000;0002;94416550;0100;007;016;007;016;016;006;017;1002000;1002000;0000;0000;0000;0000;0001;15;17;0;100;0;0;0;0;0;0;0;0;0;0;0;0;0;0;0;0;0;0;0;0;0;0;0;0;0;0;0000000002
4888;BladeKing;0001;0240;0025;00;0507;0507;20000;0100;0027;0000;0000;0000;0000;0009;0010;0000;1300;0500;0100;32771;0090;0000;0001;94416550;0500;007;016;007;016;016;006;017;1002000;1002000;3012;0095;0070;0000;0001;17;2;0;100;0;0;0;0;0;0;0;0;0;0;0;0;0;0;0;0;0;0;0;0;0;0;0;0;0;0;0000000002
4889;ThunderHawkKing;0001;0605;0030;00;0842;0630;20000;0011;0091;0000;0000;0000;0000;0002;0015;0000;1000;0250;0105;32771;0111;0000;0001;94416550;0100;008;019;008;019;019;008;019;1002020;1002020;0000;0000;0000;0000;0001;18;19;0;100;0;0;0;0;0;0;0;0;0;0;0;0;0;0;0;0;0;0;0;0;0;0;0;0;0;0;0000000002
4890;IslandBanditLeader;0001;0601;0030;00;0842;0630;20000;0013;0086;0000;0000;0000;0000;0001;0018;0000;1000;0500;0110;32771;0125;0000;0001;94416550;0100;008;019;008;019;019;008;019;1002020;1002020;0000;0000;0000;0000;0001;55;21;0;100;0;0;0;0;0;0;0;0;0;0;0;0;0;0;0;0;0;0;0;0;0;0;0;0;0;0;0000000002
4892;ShadowKing;0001;0397;0035;00;1880;1300;20000;0013;0086;0000;0000;0000;0000;0001;0010;0000;1000;0500;0120;32771;0223;0000;0001;94416550;0300;009;021;009;021;021;009;023;1002020;1002040;0000;0060;0000;0000;0001;58;0;0;100;0;0;0;0;0;0;0;0;0;0;0;0;0;0;0;0;0;0;0;0;0;0;0;0;0;0;0000000002
4893;FuryBullKing;0001;0317;0035;00;1880;1300;20000;0013;0086;0000;0000;0000;0000;0001;0010;0000;1000;1000;0126;32771;0241;0000;0002;94416550;0500;009;021;009;021;021;009;023;1002020;1002040;0000;0000;0000;0000;0001;57;4;0;100;0;0;0;0;0;0;0;0;0;0;0;0;0;0;0;0;0;0;0;0;0;0;0;0;0;0;0000000002
4894;SerpentPhantom;0001;0155;0040;00;2450;2350;20000;0100;0086;0000;0000;0000;0000;0001;0010;0000;1000;0500;0135;32771;0420;0000;0001;94416550;0500;009;023;009;023;022;009;023;1000040;1000040;0000;0050;0000;0000;0001;60;0;0;100;0;0;0;0;0;0;0;0;0;0;0;0;0;0;0;0;0;0;0;0;0;0;0;0;0;0;0000000002
4895;SerpentWraith;0001;0155;0040;00;2520;1732;20000;0100;0086;0000;0000;0000;0000;0001;0018;0000;1000;0500;0138;32771;0438;0000;0001;94416550;0100;009;023;009;023;022;009;023;1000040;1000040;0000;0000;0000;0000;0001;60;0;0;100;0;0;0;0;0;0;0;0;0;0;0;0;0;0;0;0;0;0;0;0;0;0;0;0;0;0;0000000002
4896;DarkElfKing;0001;0228;0040;00;2550;2550;20000;0100;0086;0000;0000;0000;0000;0009;0009;0000;1300;0500;0142;32771;0450;0000;0001;94416550;0500;009;023;009;023;022;009;023;1000040;1000040;1002;0099;0070;0000;6666;00;0;0;100;0;0;0;0;0;0;0;0;0;0;0;0;0;0;0;0;0;0;0;0;0;0;0;0;0;0;0000000002
4897;CaptainSnake;0001;0262;0040;00;2550;2550;20000;0100;0086;0000;0000;0000;0000;0009;0009;0000;1300;0500;0148;32771;0450;0000;0001;94416550;0500;009;023;009;023;022;009;023;1000040;1000040;1002;0099;0070;0000;6666;00;0;0;100;0;0;0;0;0;0;0;0;0;0;0;0;0;0;0;0;0;0;0;0;0;0;0;0;0;0;0000000002
4898;GoldenPheasantKing;0001;0906;5000;00;0688;0588;0000;0010;0075;0000;0000;0000;0000;0001;0008;0000;1000;0500;0040;32771;0000;0000;0001;94416550;0500;099;099;099;099;099;099;099;1000010;1001010;1000;0050;0100;0000;0200;00;0;0;100;0;0;0;0;0;0;0;0;0;0;0;0;0;0;0;0;0;0;0;0;0;0;0;0;0;0;0000000000
4899;PlainsThief;0001;0601;15864;00;1000;1000;0000;0100;0033;0000;0000;0000;0000;0009;0010;0000;1300;0500;0070;32771;0390;0000;0001;94416550;0500;099;099;099;099;099;099;099;1000020;1000020;3014;0096;0070;0000;10000;00;0;0;100;0;0;0;0;0;0;0;0;0;0;0;0;0;0;0;0;0;0;0;0;0;0;0;0;0;0;0000000000
4901;SandMonsterKing;0001;0171;61349;00;2460;2014;0000;0035;0030;0000;0000;0000;0000;0001;0009;0000;1000;0500;0105;32771;0180;0000;0005;94416550;0500;099;099;099;099;099;099;099;1002000;1002000;0000;0093;0000;0000;10000;14;15;0;100;0;0;0;0;0;0;0;0;0;0;0;0;0;0;0;0;0;0;0;0;0;0;0;0;0;0;0000000000
4902;WaterDevilKing;0001;0915;80000;00;3246;2457;0800;0036;0086;0000;0000;0000;0000;0001;0010;0000;1000;1000;0120;32771;0000;0000;0001;94416550;0500;099;099;099;099;099;099;099;1002020;1002020;0000;0000;0000;0000;10000;61;0;0;100;0;0;0;0;0;0;0;0;0;0;0;0;0;0;0;0;0;0;0;0;0;0;0;0;0;0;0000000000
4903;DungeonGhostKing;0001;0374;120000;00;4000;3500;1000;0000;0000;0000;0000;0000;0000;0001;0010;0000;1000;1000;0130;32771;0138;0000;0002;94416550;0500;099;099;099;099;099;099;099;1002020;1002040;0000;0000;0000;0000;3000;00;0;0;100;0;0;0;0;0;0;0;0;0;0;0;0;0;0;0;0;0;0;0;0;0;0;0;0;0;0;0000000000
4904;SerpentKing;0001;0255;185535;00;5200;4600;1600;0073;0086;0000;0000;0000;0000;0001;0010;0000;1000;0500;0140;32771;0420;0000;0001;94416550;0500;099;099;099;099;099;099;099;1000040;1000040;0000;0099;0000;0000;1000;60;0;0;100;0;0;0;0;0;0;0;0;0;0;0;0;0;0;0;0;0;0;0;0;0;0;0;0;0;0;0000000000
4905;DarkKing;0001;0327;245535;00;6340;5040;2500;0100;0086;0000;0000;0000;0000;0009;0009;0000;1300;0500;0145;32771;0450;0000;0001;94416550;0500;099;099;099;099;099;099;099;1000040;1000040;1002;0099;0070;0000;10000;00;0;0;100;0;0;0;0;0;0;0;0;0;0;0;0;0;0;0;0;0;0;0;0;0;0;0;0;0;0;0000000000
4906;DarkSnakeKing;0001;0362;305535;00;7610;5501;2500;0100;0086;0000;0000;0000;0000;0009;0009;0000;1300;0500;0150;32771;0450;0000;0001;94416550;0500;099;099;099;099;099;099;099;1000040;1000040;1002;0099;0070;0000;10000;00;0;0;100;0;0;0;0;0;0;0;0;0;0;0;0;0;0;0;0;0;0;0;0;0;0;0;0;0;0;0000000000
4910;DoomDragon;0001;0950;320000000;00;10000;8500;28000;0070;0090;0000;0000;0000;0000;0018;0020;0000;1000;0500;0143;2916355;7500;0000;0005;94416550;1000;099;099;099;099;099;099;099;0000;0000;0000;0000;0000;0000;10000;00;0;0;100;0;3;75;75;75;75;75;900000;0;0;0;0;6000;0;0;0;25000;0;0;5000;0;0;0;0;0;0;0000000000
3991;SilentDevil;0001;0171;40000000;00;25000;23500;12000;0070;0090;0000;0000;0000;0000;0020;0020;0000;1000;0500;0140;819203;7500;0000;0005;94416550;1000;099;099;099;099;099;099;099;0000;0000;0000;0000;0000;0000;10000;00;0;0;100;0;3;75;75;75;75;75;900000;0;0;0;0;6000;0;0;0;25000;0;0;5000;0;0;0;0;0;0;0000000000
3504;DreamBeast;0001;0297;100000;00;3000;2000;4500;0180;0086;0000;0000;0000;0000;0002;0010;0000;1000;0500;0140;32771;0000;0000;0001;94416550;0500;099;099;099;099;099;099;099;1000040;1002040;0000;0000;0000;0000;5000;00;0;0;100;0;0;0;0;0;0;0;0;0;0;0;0;3200;0;0;0;10000;0;0;0;0;0;0;0;0;0;0000000000
3505;AzureDragon`sPhantom;0001;0975;130000;00;3500;2500;4500;0180;0086;0000;0000;0000;0000;0002;0010;0000;1000;0500;0140;32771;0000;0000;0001;94416550;0500;099;099;099;099;099;099;099;1000040;1002040;0000;0000;0000;0000;5000;00;0;0;100;0;0;0;0;0;0;0;0;0;0;0;0;3200;0;0;0;10000;0;0;0;0;0;0;0;0;0;0000000000
3529;Flerken;0001;0105;2000;00;0001;0000;0000;0000;0000;0000;0000;0000;0000;0001;0008;0000;1000;1000;0080;32771;0000;0000;0005;94416550;1000;099;099;099;099;099;099;099;0000;0000;0000;0000;0000;0000;10000;00;0;0;100;0;3;75;75;75;75;75;900000;0;0;0;0;0;0;0;0;0;0;0;0;0;0;0;0;0;0;0000000001
4986;FieryVulture;0001;0605;75000;00;5000;4000;3500;0160;0086;0000;0000;0000;0000;0002;0010;0000;1000;0500;0135;32771;0022;0000;0001;94416550;0500;099;099;099;099;099;099;099;1000040;1002040;0000;0000;0000;0000;5000;00;0;0;0;0;0;0;0;0;0;0;0;0;0;0;0;2000;0;0;0;6000;0;0;0;0;0;0;0;0;0;0000000000
5000;WildMonk(1F);0001;0006;100000;00;4000;3500;3500;0036;0085;0000;0000;0000;0000;0009;0010;0000;1000;1000;0135;32771;0000;0000;0001;9700000;0500;099;099;099;099;099;099;099;0000;0000;0000;0000;0000;0000;8000;00;0;0;100;0;0;0;0;0;0;0;0;0;0;0;0;0;0;0;0;0;0;0;0;0;0;0;0;0;0;0000000000
5001;WildMonk(2F);0001;0006;110000;00;4050;3550;3550;0036;0085;0000;0000;0000;0000;0009;0010;0000;1000;1000;0135;32771;0000;0000;0001;9700000;0500;099;099;099;099;099;099;099;0000;0000;0000;0000;0000;0000;8000;00;0;0;100;0;0;0;0;0;0;0;0;0;0;0;0;0;0;0;0;0;0;0;0;0;0;0;0;0;0;0000000000
5002;WildMonk(3F);0001;0006;120000;00;4100;3600;3600;0036;0085;0000;0000;0000;0000;0009;0010;0000;1000;1000;0135;32771;0000;0000;0001;9700000;0500;099;099;099;099;099;099;099;0000;0000;0000;0000;0000;0000;8000;00;0;0;100;0;0;0;0;0;0;0;0;0;0;0;0;0;0;0;0;0;0;0;0;0;0;0;0;0;0;0000000000
5003;ShadowHunter(4F);0001;0006;130000;00;4200;3700;3700;0036;0085;0000;0000;0000;0000;0009;0010;0000;1000;1000;0135;32771;0000;0000;0001;9700000;0500;099;099;099;099;099;099;099;0000;0000;0000;0000;0000;0000;8000;00;0;0;100;0;0;0;0;0;0;0;0;0;0;0;0;0;0;0;0;0;0;0;0;0;0;0;0;0;0;0000000000
5004;ShadowHunter(5F);0001;0006;140000;00;4300;3800;3800;0036;0085;0000;0000;0000;0000;0009;0010;0000;1000;1000;0135;32771;0000;0000;0001;9700000;0500;099;099;099;099;099;099;099;0000;0000;0000;0000;0000;0000;8000;00;0;0;100;0;0;0;0;0;0;0;0;0;0;0;0;0;0;0;0;0;0;0;0;0;0;0;0;0;0;0000000000
5005;ShadowHunter(6F);0001;0006;150000;00;4400;3900;3900;0036;0085;0000;0000;0000;0000;0009;0010;0000;1000;1000;0135;32771;0000;0000;0001;9700000;0500;099;099;099;099;099;099;099;0000;0000;0000;0000;0000;0000;8000;00;0;0;100;0;0;0;0;0;0;0;0;0;0;0;0;0;0;0;0;0;0;0;0;0;0;0;0;0;0;0000000000
5006;SwordsmanofAbyss(7F);0001;0006;160000;00;4500;4000;4000;0036;0085;0000;0000;0000;0000;0009;0010;0000;1000;1000;0135;32771;0000;0000;0001;9700000;0500;099;099;099;099;099;099;099;0000;0000;0000;0000;0000;0000;8000;00;0;0;100;0;0;0;0;0;0;0;0;0;0;0;0;0;0;0;0;0;0;0;0;0;0;0;0;0;0;0000000000
5007;SwordsmanofAbyss(8F);0001;0006;170000;00;4500;4000;4000;0036;0085;0000;0000;0000;0000;0009;0010;0000;1000;1000;0135;32771;0000;0000;0001;9700000;0500;099;099;099;099;099;099;099;0000;0000;0000;0000;0000;0000;8000;00;0;0;100;0;0;0;0;0;0;0;0;0;0;0;0;0;0;0;0;0;0;0;0;0;0;0;0;0;0;0000000000
5008;SwordsmanofAbyss(9F);0001;0006;180000;00;4500;4000;4000;0036;0085;0000;0000;0000;0000;0009;0010;0000;1000;1000;0135;32771;0000;0000;0001;9700000;0500;099;099;099;099;099;099;099;0000;0000;0000;0000;0000;0000;8000;00;0;0;100;0;0;0;0;0;0;0;0;0;0;0;0;0;0;0;0;0;0;0;0;0;0;0;0;0;0;0000000000
5009;ThundercloudTaoist;0001;0006;200000;00;5000;4500;4500;0036;0085;0000;0000;0000;0000;0009;0010;0000;1000;1000;0135;32771;0000;0000;0001;9700000;0500;099;099;099;099;099;099;099;0000;0000;0000;0000;0000;0000;8000;00;0;0;100;0;0;0;0;0;0;0;0;0;0;0;0;0;0;0;0;0;0;0;0;0;0;0;0;0;0;0000000000
1081;HellHawk;0001;0978;15000;00;1000;0800;0300;0060;0086;0000;0000;0000;0000;0001;0010;0000;1000;0500;0080;32771;0000;0000;0001;94416550;0500;099;099;099;099;099;099;099;0000;0000;0000;0000;0000;0000;10000;00;0;0;100;0;0;0;0;0;0;0;0;0;0;0;0;0;0;0;0;0;0;0;0;0;0;0;0;0;0;0000000000
5360;MindofEvil;0001;0281;0040;00;24000;20000;4000;0180;0086;0000;0000;0000;0000;0003;0012;0000;1000;0500;0135;32771;0283;0000;0001;94416550;0500;099;099;099;099;099;099;099;1000040;1002040;0000;0000;0000;0000;0001;00;0;0;100;0;0;0;0;0;0;0;0;0;0;0;0;2800;0;0;0;8000;0;0;0;0;0;0;0;0;0;0000000002
5361;EvilSword;0001;0327;0030;00;0500;0300;0000;0000;0083;0000;0000;0000;0000;0002;0015;0000;1000;0250;0080;32771;0000;0000;0001;94416550;0100;006;012;006;012;012;003;005;1002010;1001020;0000;0000;0000;0000;10000;13;16;0;100;0;0;0;0;0;0;0;0;0;0;0;0;0;0;0;0;0;500;0;0;0;0;0;0;0;0;0000000002
4990;SwordManiac;0001;0006;0030;00;0500;0300;0000;0000;0083;0000;0000;0000;0000;0002;0015;0000;1000;0250;0080;32771;0000;0000;0001;98054040;0100;006;012;006;012;012;003;005;1002010;1001020;0000;0000;0000;0000;10000;13;16;0;100;0;0;0;0;0;0;0;0;0;0;0;0;0;0;0;0;0;300;0;0;0;0;0;0;0;0;0000000000
5369;P1InfiniteDementor;0001;0262;0010;00;0500;0300;0000;0000;0083;0000;0000;0000;0000;0002;0015;0000;1000;0250;0080;32771;0000;0000;0001;98054040;0100;006;012;006;012;012;003;005;1002010;1001020;0000;0000;0000;0000;10000;13;16;0;100;0;0;0;0;0;0;0;0;0;0;0;0;0;0;0;0;0;100;0;0;0;0;0;0;0;0;0000000002
5370;P2InfiniteDementor;0001;0262;0003;00;0500;0300;0000;0000;0083;0000;0000;0000;0000;0002;0015;0000;1000;0250;0080;32771;0000;0000;0001;98054040;0100;006;012;006;012;012;003;005;1002010;1001020;0000;0000;0000;0000;10000;13;16;0;100;0;0;0;0;0;0;0;0;0;0;0;0;0;0;0;0;0;100;0;0;0;0;0;0;0;0;0000000002
5393;P3InfiniteDementor;0001;0262;0003;00;0500;0300;0000;0000;0083;0000;0000;0000;0000;0002;0015;0000;1000;0250;0080;32771;0000;0000;0001;98054040;0100;006;012;006;012;012;003;005;1002010;1001020;0000;0000;0000;0000;10000;13;16;0;100;0;0;0;0;0;0;0;0;0;0;0;0;0;0;0;0;0;100;0;0;0;0;0;0;0;0;0000000002
5394;P4InfiniteDementor;0001;0262;0003;00;0500;0300;0000;0000;0083;0000;0000;0000;0000;0002;0015;0000;1000;0250;0080;32771;0000;0000;0001;98054040;0100;006;012;006;012;012;003;005;1002010;1001020;0000;0000;0000;0000;10000;13;16;0;100;0;0;0;0;0;0;0;0;0;0;0;0;0;0;0;0;0;100;0;0;0;0;0;0;0;0;0000000002
5396;UltimateDementor;0001;0362;0030;00;0500;0300;0000;0000;0083;0000;0000;0000;0000;0002;0015;0000;1000;0250;0080;32771;0000;0000;0001;98054040;0100;006;012;006;012;012;003;005;1002010;1001020;0000;0000;0000;0000;10000;13;16;0;100;0;0;0;0;0;0;0;0;0;0;0;0;0;0;0;0;0;100;0;0;0;0;0;0;0;0;0000000002
4989;LostGhost;0001;0266;0020;00;0500;0300;0000;0000;0083;0000;0000;0000;0000;0002;0015;0000;1000;0250;0063;32771;0008;0000;0001;98054040;0100;006;012;006;012;012;003;005;1002010;1001020;0000;0000;0000;0000;10000;13;16;0;100;0;0;0;0;0;0;0;0;0;0;0;0;0;0;0;0;0;0;0;0;0;0;0;0;0;0;0000000000
4992;GhostGirl;0001;0228;0020;00;0500;0300;0000;0000;0083;0000;0000;0000;0000;0002;0015;0000;1000;0250;0063;32771;0008;0000;0001;98054040;0100;006;012;006;012;012;003;005;1002010;1001020;0000;0000;0000;0000;10000;13;16;0;100;0;0;0;0;0;0;0;0;0;0;0;0;0;0;0;0;0;0;0;0;0;0;0;0;0;0;0000000000
4993;GhostCalf;0001;0317;0020;00;0500;0300;0000;0000;0083;0000;0000;0000;0000;0002;0015;0000;1000;0250;0063;32771;0008;0000;0001;98054040;0100;006;012;006;012;012;003;005;1002010;1001020;0000;0000;0000;0000;10000;13;16;0;100;0;0;0;0;0;0;0;0;0;0;0;0;0;0;0;0;0;0;0;0;0;0;0;0;0;0;0000000000
4994;GhostBird;0001;0304;0020;00;0500;0300;0000;0000;0083;0000;0000;0000;0000;0002;0015;0000;1000;0250;0063;32771;0008;0000;0001;98054040;0100;006;012;006;012;012;003;005;1002010;1001020;0000;0000;0000;0000;10000;13;16;0;100;0;0;0;0;0;0;0;0;0;0;0;0;0;0;0;0;0;0;0;0;0;0;0;0;0;0;0000000000
3546;FlameDevil;0001;0924;40000000;00;25000;23500;12000;0070;0090;0000;0000;0000;0000;0020;0020;0000;1000;0500;0140;2916355;7500;0000;0005;94416550;1000;099;099;099;099;099;099;099;0000;0000;0000;0000;0000;0000;10000;00;0;0;100;0;3;75;75;75;75;75;900000;0;0;0;0;6000;0;0;0;25000;0;0;5000;0;0;0;0;0;0;0000000000
3547;IceDevil;0001;0923;40000000;00;25000;23500;12000;0070;0090;0000;0000;0000;0000;0020;0020;0000;1000;0500;0140;2916355;7500;0000;0005;94416550;1000;099;099;099;099;099;099;099;0000;0000;0000;0000;0000;0000;10000;00;0;0;100;0;3;75;75;75;75;75;900000;0;0;0;0;6000;0;0;0;25000;0;0;5000;0;0;0;0;0;0;0000000000
4991;AngryBlademaster;0001;0006;0020;00;0500;0300;0000;0000;0083;0000;0000;0000;0000;0002;0015;0000;1000;0250;0080;2916355;0000;0000;0001;94416550;0100;006;012;006;012;012;003;005;1002010;1001020;1045;0000;0000;0000;10000;13;16;0;100;0;0;0;0;0;0;0;900000;0;0;0;0;0;0;0;0;0;500;0;0;0;0;0;0;0;0;0000000001
2990;AncientCorpse;0001;0265;5642;00;0293;0255;0000;0025;0086;0000;0000;0000;0000;0001;0008;0000;1000;0500;0077;32771;0004;0000;0002;9593370;0500;007;015;006;015;015;005;015;1000030;1001030;0000;0000;0000;0000;10000;16;18;0;100;0;0;0;0;0;0;0;0;0;0;0;0;0;0;0;0;0;0;0;0;0;0;0;0;0;0;0000000000
5398;EarthSpirit;0001;0374;20000000;00;18000;17000;12000;0070;0090;0000;0000;0000;0000;0020;0020;0000;1000;0500;0140;819203;7500;0000;0005;94416550;1000;099;099;099;099;099;099;099;0000;0000;0000;0000;0000;0000;10000;00;0;0;100;0;3;75;75;75;75;75;900000;0;0;0;0;6000;0;0;0;25000;0;0;5000;0;0;0;0;0;0;0000000000
4995;Trojan(Male);0001;0387;30000;00;2000;1800;18000;0200;0090;0000;0000;0000;0000;0018;0018;0000;1000;0500;0140;819203;7500;0000;0002;94416550;1000;099;099;099;099;099;099;099;0000;0000;15990;0000;0000;0000;3000;00;0;0;100;0;99;70;70;70;70;70;900000;0;0;0;0;5600;0;0;0;18000;0;0;0;0;0;0;0;0;0;0000000000
4996;Trojan(Female);0001;0388;30000;00;2000;1800;18000;0200;0090;0000;0000;0000;0000;0018;0018;0000;1000;0500;0140;819203;7500;0000;0002;94416550;1000;099;099;099;099;099;099;099;0000;0000;15991;0000;0000;0000;3000;00;0;0;100;0;99;70;70;70;70;70;900000;0;0;0;0;5600;0;0;0;18000;0;0;0;0;0;0;0;0;0;0000000000
4997;DragonSpirit;0001;0107;3000;00;0200;0150;0000;0000;0078;0000;0000;0000;0000;0001;0008;0000;1000;0500;0042;32771;0000;0000;0001;9593270;0500;003;006;003;006;006;099;007;1000010;1001010;0000;0000;0000;0000;10000;08;11;0;100;0;0;0;0;0;0;0;0;0;0;0;0;0;0;0;0;0;0;0;0;0;0;0;0;0;0;0000000000
1054;RustyGhost;0001;0263;3657;00;0022;0019;0000;0000;0075;0000;0000;0000;0000;0001;0008;0000;1000;0500;0042;32771;0005;0000;0001;94416550;0500;004;007;003;007;007;000;009;1000020;1001020;0000;0000;0000;0000;10000;09;0;50;100;0;0;0;0;0;0;0;0;0;0;0;0;0;0;0;0;0;0;0;0;0;0;0;0;0;0;0000000000
1055;RustyDevil;0001;0006;20000;00;0022;0019;0000;0000;0075;0000;0000;0000;0000;0001;0008;0000;1000;0500;0042;32771;0005;0000;0001;94416550;0500;004;007;003;007;007;000;009;1000020;1001020;0000;0000;0000;0000;10000;09;0;53;100;0;0;0;0;0;0;0;0;0;0;0;0;0;0;0;0;0;0;0;0;0;0;0;0;0;0;0000000000
5433;JasperSnake;0001;0203;0001;00;0006;0005;0000;0000;0036;0000;0000;0000;0000;0001;0006;0000;1000;0500;0001;32771;0001;0000;0000;94416550;0500;099;099;099;099;099;099;099;1000000;1001000;0000;0000;0000;0000;10000;01;0;0;100;0;0;0;0;0;0;0;0;0;0;0;0;0;0;0;0;0;0;0;0;0;0;0;0;0;0;0000000002
5434;NightmareBanshee;0001;0230;0008;00;0010;0009;0000;0000;0071;0000;0000;0000;0000;0001;0008;0000;1000;0500;0022;32771;0002;0000;0001;94416550;0500;001;003;001;003;003;099;005;1000010;1001010;0000;0000;0000;0000;10000;05;8;0;100;0;0;0;0;0;0;0;0;0;0;0;0;0;0;0;0;0;0;0;0;0;0;0;0;0;0;0000000002
5435;DreamEater;0001;0279;0020;00;0015;0013;0000;0000;0075;0000;0000;0000;0000;0001;0008;0000;1000;0500;0032;32771;0003;0000;0001;94416550;0500;003;005;002;005;005;099;007;1000010;1001010;0000;0000;0000;0000;10000;07;10;0;100;0;0;0;0;0;0;0;0;0;0;0;0;0;0;0;0;0;0;0;0;0;0;0;0;0;0;0000000002
1092;GreyGhost;0001;0228;0005;00;0003;0002;0000;0000;0036;0000;0000;0000;0000;0001;0006;0000;1000;0500;0001;32771;0001;0000;0000;94416550;0500;099;099;099;099;099;099;099;1000000;1001000;0000;0000;0000;0000;10000;01;0;0;100;0;0;0;0;0;0;0;0;0;0;0;0;0;0;0;0;0;0;0;0;0;0;0;0;0;0;0000000000
5693;Demon;0001;0165;0033;00;0005;0004;0000;0000;0036;0000;0000;0000;0000;0001;0006;0000;1000;0500;0001;32771;0000;0000;0000;94416550;0500;099;099;099;099;099;099;099;1000000;1001000;0000;0000;0000;0000;10000;01;0;0;100;0;0;0;0;0;0;0;0;0;0;0;0;0;0;0;0;0;0;0;0;0;0;0;0;0;0;0000000000
5694;Demon;0001;0165;0033;00;0005;0004;0000;0000;0036;0000;0000;0000;0000;0001;0006;0000;1000;0500;0001;32771;0000;0000;0000;94416550;0500;099;099;099;099;099;099;099;1000000;1001000;0000;0000;0000;0000;10000;01;0;0;100;0;0;0;0;0;0;0;0;0;0;0;0;0;0;0;0;0;0;0;0;0;0;0;0;0;0;0000000000
5695;Demon;0001;0165;0033;00;0005;0004;0000;0000;0036;0000;0000;0000;0000;0001;0006;0000;1000;0500;0001;32771;0000;0000;0000;94416550;0500;099;099;099;099;099;099;099;1000000;1001000;0000;0000;0000;0000;10000;01;0;0;100;0;0;0;0;0;0;0;0;0;0;0;0;0;0;0;0;0;0;0;0;0;0;0;0;0;0;0000000000
5696;Demon;0001;0165;0033;00;0005;0004;0000;0000;0036;0000;0000;0000;0000;0001;0006;0000;1000;0500;0001;32771;0000;0000;0000;94416550;0500;099;099;099;099;099;099;099;1000000;1001000;0000;0000;0000;0000;10000;01;0;0;100;0;0;0;0;0;0;0;0;0;0;0;0;0;0;0;0;0;0;0;0;0;0;0;0;0;0;0000000000
1097;FireballRate;0001;0202;100000;00;7000;6000;4500;0180;0086;0000;0000;0000;0000;0002;0010;0000;1000;0500;0140;32771;0000;0000;0001;94416550;0500;099;099;099;099;099;099;099;1000040;1002040;0000;0000;0000;0000;5000;00;0;0;100;0;0;0;0;0;0;0;0;0;0;0;0;3200;0;0;0;10000;0;0;0;0;0;0;0;0;0;0000000000
5509;FlowerThief;0001;0222;0010;00;0420;0350;0000;0035;0065;0000;0000;0000;0000;0002;0007;0000;1000;0500;0070;32771;0000;0000;0002;94416550;0100;006;011;006;011;011;004;011;1000030;1001030;0000;0000;0000;0000;10000;00;0;0;100;0;0;0;0;0;0;0;0;0;0;0;0;0;0;0;0;0;0;0;0;0;0;0;0;0;0;0000000002
5740;Rabbit;0001;0286;30000;00;2000;1800;18000;0200;0090;0000;0000;0000;0000;0018;0018;0000;1000;0500;0140;819203;7500;0000;0002;94416550;1000;099;099;099;099;099;099;099;0000;0000;10642;0000;0000;0000;3000;00;0;0;100;0;99;70;70;70;70;70;900000;0;0;0;0;5600;0;0;0;18000;0;0;0;0;0;0;0;0;0;0000000000
5741;WoodcutterWoo;0001;0153;30000;00;2000;1800;18000;0200;0090;0000;0000;0000;0000;0018;0018;0000;1000;0500;0140;819203;7500;0000;0002;94416550;1000;099;099;099;099;099;099;099;0000;0000;10643;0000;0000;0000;3000;00;0;0;100;0;99;70;70;70;70;70;900000;0;0;0;0;5600;0;0;0;18000;0;0;0;0;0;0;0;0;0;0000000000
5742;RabbitGirl;0001;0280;30000;00;2000;1800;18000;0200;0090;0000;0000;0000;0000;0018;0018;0000;1000;0500;0140;819203;7500;0000;0002;94416550;1000;099;099;099;099;099;099;099;0000;0000;10641;0000;0000;0000;3000;00;0;0;100;0;99;70;70;70;70;70;900000;0;0;0;0;5600;0;0;0;18000;0;0;0;0;0;0;0;0;0;0000000000
5699;Invader;0001;0516;15000;00;1000;0800;0300;0060;0086;0000;0000;0000;0000;0001;0010;0000;1000;0500;0080;32771;0000;0000;0001;94416550;0500;099;099;099;099;099;099;099;0000;0000;0000;0000;0000;0000;10000;00;0;0;100;0;0;0;0;0;0;0;0;0;0;0;0;0;0;0;0;0;0;0;0;0;0;0;0;0;0;0000000000
5274;L70ThirstyWolf;0001;0129;5000;00;0420;0350;0000;0035;0065;0000;0000;0000;0000;0002;0007;0000;1000;0500;0070;32771;0000;0000;0001;94416550;0100;006;011;006;011;011;004;011;1000030;1001020;0000;0000;0000;0000;10000;00;0;90;100;0;0;0;0;0;0;0;0;0;0;0;0;0;0;0;0;0;0;0;0;0;0;0;0;0;0;0000000000
5275;L78IceApe;0001;0556;6000;00;0495;0450;0000;0040;0066;0000;0000;0000;0000;0002;0007;0000;1000;0500;0078;32771;0000;0000;0001;94416550;0100;006;011;006;011;012;004;011;1000030;1001020;0000;0000;0000;0000;10000;00;0;100;100;0;0;0;0;0;0;0;0;0;0;0;0;0;0;0;0;0;0;0;0;0;0;0;0;0;0;0000000000
5276;L85MesmericHawk;0001;0205;8000;00;0605;0550;0000;0045;0067;0000;0000;0000;0000;0002;0007;0000;1000;0500;0085;32771;0000;0000;0001;94416550;0100;007;013;007;013;013;005;013;1000030;1001020;0000;0000;0000;0000;10000;00;0;110;100;0;0;0;0;0;0;0;0;0;0;0;0;0;0;0;0;0;0;0;0;0;0;0;0;0;0;0000000000
5277;L93DustBeast;0001;0309;11000;00;0715;0650;0000;0050;0068;0000;0000;0000;0000;0002;0007;0000;1000;0500;0093;32771;0000;0000;0001;94416550;0100;007;013;007;013;014;006;013;1000030;1001020;0000;0000;0000;0000;10000;00;0;120;100;0;0;0;0;0;0;0;0;0;0;0;0;0;0;0;0;0;0;0;0;0;0;0;0;0;0;0000000000
5278;L101ChillyBird;0001;0906;15000;00;1440;1200;0000;0055;0070;0000;0000;0000;0000;0002;0008;0000;1000;0500;0101;32771;0000;0000;0001;94416550;0100;008;015;008;015;015;007;015;1002000;1001030;0000;0000;0000;0000;10000;00;0;140;100;0;0;0;0;0;0;0;0;0;0;0;0;0;0;0;0;0;0;0;0;0;0;0;0;0;0;0000000000
5279;L105HillBeast;0001;0282;20000;00;1800;1500;0000;0060;0071;0000;0000;0000;0000;0002;0008;0000;1000;0500;0105;32771;0000;0000;0001;94416550;0100;008;015;008;015;016;007;015;1002000;1001030;0000;0000;0000;0000;10000;00;0;150;100;0;0;0;0;0;0;0;0;0;0;0;0;0;0;0;0;0;0;0;0;0;0;0;0;0;0;0000000000
5280;L109Ghost;0001;0165;25000;00;2160;1800;0000;0065;0072;0000;0000;0000;0000;0002;0008;0000;1000;0500;0109;32771;0000;0000;0001;94416550;0100;008;015;008;015;017;007;015;1002000;1001030;0000;0000;0000;0000;10000;00;0;165;100;0;0;0;0;0;0;0;0;0;0;0;0;0;0;0;0;0;0;0;0;0;0;0;0;0;0;0000000000
5281;L113FlameRat;0001;0202;30000;00;2520;2100;0000;0070;0073;0000;0000;0000;0000;0002;0008;0000;1000;0500;0113;32771;0000;0000;0001;94416550;0100;008;017;008;017;018;008;017;1002010;1001030;0000;0000;0000;0000;10000;00;0;180;100;0;0;0;0;0;0;0;0;0;0;0;0;0;0;0;0;0;0;0;0;0;0;0;0;0;0;0000000000
5282;L117SoulBanshee;0001;0228;35000;00;2880;2400;0000;0075;0074;0000;0000;0000;0000;0002;0008;0000;1000;0500;0117;32771;0000;0000;0001;94416550;0100;008;017;008;017;019;008;017;1002010;1001030;0000;0000;0000;0000;10000;00;0;190;100;0;0;0;0;0;0;0;0;0;0;0;0;0;0;0;0;0;0;0;0;0;0;0;0;0;0;0000000000
5283;L121BatBanshee;0001;0230;40000;00;3360;2800;0300;0080;0076;0000;0000;0000;0000;0002;0009;0000;1000;0500;0121;32771;0000;0000;0001;94416550;0100;009;019;009;019;020;009;019;1002020;1001040;0000;0000;0000;0000;10000;00;0;210;100;0;0;0;0;0;0;0;0;0;0;0;0;0;0;0;0;0;0;0;0;0;0;0;0;0;0;0000000000
5284;L123GhostHerald;0001;0263;45000;00;3840;3200;0600;0085;0077;0000;0000;0000;0000;0002;0009;0000;1000;0500;0123;32771;0000;0000;0001;94416550;0100;009;019;009;019;020;009;019;1002020;1001040;0000;0000;0000;0000;10000;00;0;220;100;0;0;0;0;0;0;0;0;0;0;0;0;0;0;0;0;0;0;0;0;0;0;0;0;0;0;0000000000
5285;L126GoblinSoul;0001;0606;50000;00;4320;3600;0900;0090;0078;0000;0000;0000;0000;0002;0009;0000;1000;0500;0126;32771;0000;0000;0001;94416550;0100;009;019;009;019;021;009;019;1002020;1001040;0000;0000;0000;0000;10000;00;0;235;100;0;0;0;0;0;0;0;0;0;0;0;0;0;0;0;0;0;0;0;0;0;0;0;0;0;0;0000000000
5286;L128BluishSnake;0001;0604;55000;00;4800;4000;1200;0095;0079;0000;0000;0000;0000;0002;0009;0000;1000;0500;0128;32771;0000;0000;0001;94416550;0100;009;019;009;019;021;009;019;1002020;1001040;0000;0000;0000;0000;10000;00;0;245;100;0;0;0;0;0;0;0;0;0;0;0;0;0;0;0;0;0;0;0;0;0;0;0;0;0;0;0000000000
5287;L130FireBeast;0001;0913;60000;00;5280;4400;1600;0100;0080;0000;0000;0000;0000;0002;0009;0000;1000;0500;0130;32771;0000;0000;0001;94416550;0100;009;019;009;019;022;009;019;1002050;1002030;0000;0000;0000;0000;10000;00;0;260;100;0;0;0;0;0;0;0;0;0;0;0;0;0;0;0;0;0;0;0;0;0;0;0;0;0;0;0000000000
5288;L133FlyingSnake;0001;0258;65000;00;5760;4800;2000;0105;0081;0000;0000;0000;0000;0002;0009;0000;1000;0500;0133;32771;0000;0000;0001;94416550;0100;009;019;009;019;022;009;019;1002050;1002030;0000;0000;0000;0000;10000;00;0;270;100;0;0;0;0;0;0;0;0;0;0;0;0;0;0;0;0;0;0;0;0;0;0;0;0;0;0;0000000000
5289;L136Apparition;0001;0981;75000;00;6600;5500;2400;0110;0083;0000;0000;0000;0000;0002;0009;0000;1000;0500;0136;32771;0000;0000;0001;94416550;0100;010;021;010;021;023;010;021;1002050;1002030;0000;0000;0000;0000;10000;00;0;290;100;0;0;0;0;0;0;0;0;0;0;0;0;0;0;0;0;0;0;0;0;0;0;0;0;0;0;0000000000
5290;L138Ghoul;0001;0265;85000;00;7200;6000;2800;0120;0084;0000;0000;0000;0000;0002;0009;0000;1000;0500;0138;32771;0000;0000;0001;94416550;0100;010;021;010;021;023;010;021;1002050;1002030;0000;0000;0000;0000;10000;00;0;295;100;0;0;0;0;0;0;0;0;0;0;0;0;0;0;0;0;0;0;0;0;0;0;0;0;0;0;0000000000
5291;L139DarkSoldier;0001;0240;95000;00;7800;6500;3200;0130;0085;0000;0000;0000;0000;0002;0009;0000;1000;0500;0139;32771;0000;0000;0001;94416550;0100;010;021;010;021;023;010;021;1002050;1002030;0000;0000;0000;0000;10000;00;0;305;100;0;0;0;0;0;0;0;0;0;0;0;0;0;0;0;0;0;0;0;0;0;0;0;0;0;0;0000000000
5292;L141BloodBat;0001;0148;105000;00;8400;7000;3600;0140;0086;0000;0000;0000;0000;0002;0009;0000;1000;0500;0141;32771;0000;0000;0001;94416550;0100;010;021;010;021;023;010;021;1000040;1002040;0000;0000;0000;0000;10000;00;0;315;100;0;0;0;0;0;0;0;0;0;0;0;0;0;0;0;0;0;0;0;0;0;0;0;0;0;0;0000000000
5293;L143VenomousApe;0001;0356;115000;00;9000;7500;4000;0150;0087;0000;0000;0000;0000;0002;0009;0000;1000;0500;0143;32771;0000;0000;0001;94416550;0100;010;021;010;021;023;010;021;1000040;1002040;0000;0000;0000;0000;10000;00;0;325;100;0;0;0;0;0;0;0;0;0;0;0;0;0;0;0;0;0;0;0;0;0;0;0;0;0;0;0000000000
5294;L144BitterSoul;0001;0522;125000;00;9600;8000;4500;0160;0088;0000;0000;0000;0000;0002;0009;0000;1000;0500;0144;32771;0000;0000;0001;94416550;0100;010;021;010;021;023;010;021;1000040;1002040;0000;0000;0000;0000;10000;00;0;335;100;0;0;0;0;0;0;0;0;0;0;0;0;0;0;0;0;0;0;0;0;0;0;0;0;0;0;0000000000
5295;L146SoulBeast;0001;0505;135000;00;10200;8500;5000;0170;0089;0000;0000;0000;0000;0002;0009;0000;1000;0500;0146;32771;0000;0000;0001;94416550;0100;010;021;010;021;023;010;021;1000040;1002040;0000;0000;0000;0000;10000;00;0;345;100;0;0;0;0;0;0;0;0;0;0;0;0;0;0;0;0;0;0;0;0;0;0;0;0;0;0;0000000000
5296;L148WingedEvil;0001;0197;145000;00;10800;9000;5500;0180;0090;0000;0000;0000;0000;0002;0009;0000;1000;0500;0148;32771;0000;0000;0001;94416550;0100;010;021;010;021;023;010;021;1000040;1002040;0000;0000;0000;0000;10000;00;0;350;100;0;0;0;0;0;0;0;0;0;0;0;0;0;0;0;0;0;0;0;0;0;0;0;0;0;0;0000000000
5297;L115BluishSnake;0001;0155;30000;00;3600;3000;0000;0090;0088;0000;0000;0000;0000;0002;0009;0000;1000;0500;0115;32771;0000;0000;0001;94416550;0100;009;019;009;019;022;009;019;1002020;1001040;0000;0000;0000;0000;10000;00;0;240;100;0;0;0;0;0;0;0;0;0;0;0;0;0;0;0;0;0;0;0;0;0;0;0;0;0;0;0000000000
5298;L120Condor;0001;0332;40000;00;4800;4000;0500;0100;0089;0000;0000;0000;0000;0002;0009;0000;1000;0500;0120;32771;0000;0000;0001;94416550;0100;009;019;009;019;022;009;019;1002050;1002030;0000;0000;0000;0000;10000;00;0;260;100;0;0;0;0;0;0;0;0;0;0;0;0;0;0;0;0;0;0;0;0;0;0;0;0;0;0;0000000000
5299;L125GreenSnake;0001;0204;50000;00;6000;5000;1000;0115;0090;0000;0000;0000;0000;0002;0009;0000;1000;0500;0125;32771;0000;0000;0001;94416550;0100;009;019;009;019;022;009;019;1002050;1002030;0000;0000;0000;0000;10000;00;0;280;100;0;0;0;0;0;0;0;0;0;0;0;0;0;0;0;0;0;0;0;0;0;0;0;0;0;0;0000000000
5300;L130MadBull;0001;0179;70000;00;7200;6000;2000;0130;0091;0000;0000;0000;0000;0002;0009;0000;1000;0500;0130;32771;0000;0000;0001;94416550;0100;009;019;009;019;022;009;019;1000040;1002040;0000;0000;0000;0000;10000;00;0;300;100;0;0;0;0;0;0;0;0;0;0;0;0;0;0;0;0;0;0;0;0;0;0;0;0;0;0;0000000000
5301;L135TarzanApe;0001;0356;90000;00;8400;7000;3000;0145;0092;0000;0000;0000;0000;0002;0009;0000;1000;0500;0135;32771;0000;0000;0001;94416550;0100;010;021;010;021;023;010;021;1000040;1002040;0000;0000;0000;0000;10000;00;0;320;100;0;0;0;0;0;0;0;0;0;0;0;0;0;0;0;0;0;0;0;0;0;0;0;0;0;0;0000000000
5302;L140BridledHawk;0001;0205;105000;00;9600;8000;4000;0160;0093;0000;0000;0000;0000;0002;0009;0000;1000;0500;0140;32771;0000;0000;0001;94416550;0100;010;021;010;021;023;010;021;1000040;1002040;0000;0000;0000;0000;10000;00;0;340;100;0;0;0;0;0;0;0;0;0;0;0;0;0;0;0;0;0;0;0;0;0;0;0;0;0;0;0000000000
5303;L145HollowEvil;0001;0901;125000;00;10800;9000;5000;0175;0094;0000;0000;0000;0000;0002;0009;0000;1000;0500;0145;32771;0000;0000;0001;94416550;0100;010;021;010;021;023;010;021;1000040;1002040;0000;0000;0000;0000;10000;00;0;360;100;0;0;0;0;0;0;0;0;0;0;0;0;0;0;0;0;0;0;0;0;0;0;0;0;0;0;0000000000
5304;L150BulkyGiant;0001;0103;150000;00;12000;10000;6000;0190;0095;0000;0000;0000;0000;0002;0009;0000;1000;0500;0150;32771;0000;0000;0001;94416550;0100;010;021;010;021;023;010;021;1000040;1002040;0000;0000;0000;0000;10000;00;0;380;100;0;0;0;0;0;0;0;0;0;0;0;0;0;0;0;0;0;0;0;0;0;0;0;0;0;0;0000000000
5305;NightWolf;0001;0329;0010;00;0420;0350;0000;0035;0065;0000;0000;0000;0000;0002;0007;0000;1000;0500;0070;32771;0000;0000;0002;94416550;0100;006;011;006;011;011;004;011;1000030;1001030;0000;0000;0000;0000;10000;00;0;100;100;0;0;0;0;0;0;0;0;0;0;0;0;0;0;0;0;0;0;0;0;0;0;0;0;0;0;0000000002
5306;GiantApe(Lev78);0001;0503;0010;00;0495;0450;0000;0040;0066;0000;0000;0000;0000;0002;0007;0000;1000;0500;0078;32771;0000;0000;0002;94416550;0100;006;011;006;011;012;004;011;1000030;1001030;0000;0000;0000;0000;10000;00;0;110;100;0;0;0;0;0;0;0;0;0;0;0;0;0;0;0;0;0;0;0;0;0;0;0;0;0;0;0000000002
5307;GoldEagle;0001;0250;0010;00;0605;0550;0000;0045;0067;0000;0000;0000;0000;0002;0007;0000;1000;0500;0085;32771;0000;0000;0002;94416550;0100;007;013;007;013;013;005;013;1002000;1001040;0000;0000;0000;0000;10000;00;0;120;100;0;0;0;0;0;0;0;0;0;0;0;0;0;0;0;0;0;0;0;0;0;0;0;0;0;0;0000000002
5308;SandTroll;0001;0281;0010;00;0715;0650;0000;0050;0068;0000;0000;0000;0000;0002;0007;0000;1000;0500;0093;32771;0000;0000;0002;94416550;0100;007;013;007;013;014;006;013;1002020;1001020;0000;0000;0000;0000;10000;00;0;130;100;0;0;0;0;0;0;0;0;0;0;0;0;0;0;0;0;0;0;0;0;0;0;0;0;0;0;0000000002
5309;WindBird;0001;0304;0010;00;1440;1200;0000;0055;0070;0000;0000;0000;0000;0002;0008;0000;1000;0500;0101;32771;0000;0000;0002;94416550;0100;008;015;008;015;015;007;015;1002010;1002030;0000;0000;0000;0000;10000;00;0;150;100;0;0;0;0;0;0;0;0;0;0;0;0;0;0;0;0;0;0;0;0;0;0;0;0;0;0;0000000002
5310;MutantEvil;0001;0317;0010;00;1800;1500;0000;0060;0071;0000;0000;0000;0000;0002;0008;0000;1000;0500;0105;32771;0000;0000;0002;94416550;0100;008;015;008;015;016;007;015;1002010;1002030;0000;0000;0000;0000;10000;00;0;160;100;0;0;0;0;0;0;0;0;0;0;0;0;0;0;0;0;0;0;0;0;0;0;0;0;0;0;0000000002
5311;GhostKing(Lev109);0001;0265;0010;00;2160;1800;0000;0065;0072;0000;0000;0000;0000;0002;0008;0000;1000;0500;0109;32771;0000;0000;0002;94416550;0100;008;015;008;015;017;007;015;1002020;1001020;0000;0000;0000;0000;10000;00;0;175;100;0;0;0;0;0;0;0;0;0;0;0;0;0;0;0;0;0;0;0;0;0;0;0;0;0;0;0000000002
5312;ShadowRat;0001;0219;0010;00;2520;2100;0000;0070;0073;0000;0000;0000;0000;0002;0008;0000;1000;0500;0113;32771;0000;0000;0002;94416550;0100;008;017;008;017;018;008;017;1002020;1001020;0000;0000;0000;0000;10000;00;0;190;100;0;0;0;0;0;0;0;0;0;0;0;0;0;0;0;0;0;0;0;0;0;0;0;0;0;0;0000000002
5313;SpiritEnvoy;0001;0328;0010;00;2880;2400;0000;0075;0074;0000;0000;0000;0000;0002;0008;0000;1000;0500;0117;32771;0000;0000;0002;94416550;0100;008;017;008;017;019;008;017;1002020;1002040;0000;0000;0000;0000;10000;00;0;200;100;0;0;0;0;0;0;0;0;0;0;0;0;0;0;0;0;0;0;0;0;0;0;0;0;0;0;0000000002
5314;BatWitch;0001;0311;0010;00;3360;2800;0300;0080;0076;0000;0000;0000;0000;0002;0009;0000;1000;0500;0121;32771;0000;0000;0002;94416550;0100;009;019;009;019;020;009;019;1000040;1002040;0000;0000;0000;0000;10000;00;0;220;100;0;0;0;0;0;0;0;0;0;0;0;0;0;0;0;0;0;0;0;0;0;0;0;0;0;0;0000000002
5315;GhostGeneral(Lev123);0001;0363;0010;00;3840;3200;0600;0085;0077;0000;0000;0000;0000;0002;0009;0000;1000;0500;0123;32771;0000;0000;0002;94416550;0100;009;019;009;019;020;009;019;1000040;1002040;0000;0000;0000;0000;10000;00;0;230;100;0;0;0;0;0;0;0;0;0;0;0;0;0;0;0;0;0;0;0;0;0;0;0;0;0;0;0000000002
5316;InfernalSpirit;0001;0206;0010;00;4320;3600;0900;0090;0078;0000;0000;0000;0000;0002;0009;0000;1000;0500;0126;32771;0000;0000;0002;94416550;0100;009;019;009;019;021;009;019;1000040;1002040;0000;0000;0000;0000;10000;00;0;245;100;0;0;0;0;0;0;0;0;0;0;0;0;0;0;0;0;0;0;0;0;0;0;0;0;0;0;0000000002
5317;BluishSnakeKing;0001;0404;0010;00;4800;4000;1200;0095;0079;0000;0000;0000;0000;0002;0009;0000;1000;0500;0128;32771;0000;0000;0002;94416550;0100;009;019;009;019;021;009;019;1000040;1002040;0000;0000;0000;0000;10000;00;0;255;100;0;0;0;0;0;0;0;0;0;0;0;0;0;0;0;0;0;0;0;0;0;0;0;0;0;0;0000000002
5318;IcyBeast;0001;0882;0010;00;5280;4400;1600;0100;0080;0000;0000;0000;0000;0002;0009;0000;1000;0500;0130;32771;0000;0000;0002;94416550;0100;009;019;009;019;022;009;019;1000040;1002040;0000;0000;0000;0000;10000;00;0;270;100;0;0;0;0;0;0;0;0;0;0;0;0;0;0;0;0;0;0;0;0;0;0;0;0;0;0;0000000002
5319;FlyingSnakeKing;0001;0603;0010;00;5760;4800;2000;0105;0081;0000;0000;0000;0000;0002;0009;0000;1000;0500;0133;32771;0000;0000;0002;94416550;0100;009;019;009;019;022;009;019;1000040;1002040;0000;0000;0000;0000;10000;00;0;280;100;0;0;0;0;0;0;0;0;0;0;0;0;0;0;0;0;0;0;0;0;0;0;0;0;0;0;0000000002
5320;FieryGhostHead;0001;0519;0010;00;6600;5500;2400;0110;0083;0000;0000;0000;0000;0002;0009;0000;1000;0500;0136;32771;0000;0000;0002;94416550;0100;010;021;010;021;023;010;021;1000040;1002040;0000;0000;0000;0000;10000;00;0;300;100;0;0;0;0;0;0;0;0;0;0;0;0;0;0;0;0;0;0;0;0;0;0;0;0;0;0;0000000002
5321;VampireGhost;0001;0263;0010;00;7200;6000;2800;0120;0084;0000;0000;0000;0000;0002;0009;0000;1000;0500;0138;32771;0000;0000;0002;94416550;0100;010;021;010;021;023;010;021;1000040;1002040;0000;0000;0000;0000;10000;00;0;305;100;0;0;0;0;0;0;0;0;0;0;0;0;0;0;0;0;0;0;0;0;0;0;0;0;0;0;0000000002
5322;SplitterEvil;0001;0400;0010;00;7800;6500;3200;0130;0085;0000;0000;0000;0000;0002;0009;0000;1000;0500;0139;32771;0000;0000;0002;94416550;0100;010;021;010;021;023;010;021;1000040;1002040;0000;0000;0000;0000;10000;00;0;315;100;0;0;0;0;0;0;0;0;0;0;0;0;0;0;0;0;0;0;0;0;0;0;0;0;0;0;0000000002
5323;BloodBatKing;0001;0348;0010;00;8400;7000;3600;0140;0086;0000;0000;0000;0000;0002;0009;0000;1000;0500;0141;32771;0000;0000;0002;94416550;0100;010;021;010;021;023;010;021;1000040;1002040;0000;0000;0000;0000;10000;00;0;325;100;0;0;0;0;0;0;0;0;0;0;0;0;0;0;0;0;0;0;0;0;0;0;0;0;0;2;0000000002
5324;BlueScale;0001;0166;0010;00;9000;7500;4000;0150;0087;0000;0000;0000;0000;0002;0009;0000;1000;0500;0143;32771;0000;0000;0002;94416550;0100;010;021;010;021;023;010;021;1000040;1002040;0000;0000;0000;0000;10000;00;0;335;100;0;0;0;0;0;0;0;0;0;0;0;0;0;0;0;0;0;0;0;0;0;0;0;0;0;0;0000000002
5325;BindingBeast;0001;0520;0010;00;9600;8000;4500;0160;0088;0000;0000;0000;0000;0002;0009;0000;1000;0500;0144;32771;0000;0000;0002;94416550;0100;010;021;010;021;023;010;021;1000040;1002040;0000;0000;0000;0000;10000;00;0;345;100;0;0;0;0;0;0;0;0;0;0;0;0;0;0;0;0;0;0;0;0;0;0;0;0;0;0;0000000002
5326;RequiemBeast;0001;0105;0010;00;10200;8500;5000;0170;0089;0000;0000;0000;0000;0002;0009;0000;1000;0500;0146;32771;0000;0000;0002;94416550;0100;010;021;010;021;023;010;021;1000040;1002040;0000;0000;0000;0000;10000;00;0;355;100;0;0;0;0;0;0;0;0;0;0;0;0;0;0;0;0;0;0;0;0;0;0;0;0;0;0;0000000002
5327;WingedEvilKing;0001;0397;0010;00;10800;9000;5500;0180;0090;0000;0000;0000;0000;0002;0009;0000;1000;0500;0148;32771;0000;0000;0002;94416550;0100;010;021;010;021;023;010;021;1000040;1002040;0000;0000;0000;0000;10000;00;0;360;100;0;0;0;0;0;0;0;0;0;0;0;0;0;0;0;0;0;0;0;0;0;0;0;0;0;0;0000000002
5328;BlueSnakeKing;0001;0255;0010;00;3600;3000;0000;0090;0088;0000;0000;0000;0000;0002;0009;0000;1000;0500;0115;32771;0000;0000;0002;94416550;0100;009;019;009;019;022;009;019;1002020;1002040;0000;0000;0000;0000;10000;00;0;250;100;0;0;0;0;0;0;0;0;0;0;0;0;0;0;0;0;0;0;0;0;0;0;0;0;0;0;0000000002
5329;ShriekingBird;0001;0357;0010;00;4800;4000;0000;0100;0089;0000;0000;0000;0000;0002;0009;0000;1000;0500;0120;32771;0000;0000;0002;94416550;0100;009;019;009;019;022;009;019;1000040;1002040;0000;0000;0000;0000;10000;00;0;270;100;0;0;0;0;0;0;0;0;0;0;0;0;0;0;0;0;0;0;0;0;0;0;0;0;0;0;0000000002
5330;GreenSnakeKing;0001;0404;0010;00;6000;5000;0000;0115;0090;0000;0000;0000;0000;0002;0009;0000;1000;0500;0125;32771;0000;0000;0002;94416550;0100;009;019;009;019;022;009;019;1000040;1002040;0000;0000;0000;0000;10000;00;0;290;100;0;0;0;0;0;0;0;0;0;0;0;0;0;0;0;0;0;0;0;0;0;0;0;0;0;0;0000000002
5331;FerociousBull;0001;0279;0010;00;7200;6000;1500;0130;0091;0000;0000;0000;0000;0002;0009;0000;1000;0500;0130;32771;0000;0000;0002;94416550;0100;009;019;009;019;022;009;019;1000040;1002040;0000;0000;0000;0000;10000;00;0;310;100;0;0;0;0;0;0;0;0;0;0;0;0;0;0;0;0;0;0;0;0;0;0;0;0;0;0;0000000002
5332;NorthApeKing;0001;0637;0010;00;8400;7000;2500;0145;0092;0000;0000;0000;0000;0002;0009;0000;1000;0500;0135;32771;0000;0000;0002;94416550;0100;010;021;010;021;023;010;021;1000040;1002040;0000;0000;0000;0000;10000;00;0;330;100;0;0;0;0;0;0;0;0;0;0;0;0;0;0;0;0;0;0;0;0;0;0;0;0;0;0;0000000002
5333;GoldHawkKing;0001;0250;0010;00;9600;8000;4500;0160;0093;0000;0000;0000;0000;0002;0009;0000;1000;0500;0140;32771;0000;0000;0002;94416550;0100;010;021;010;021;023;010;021;1000040;1002040;0000;0000;0000;0000;10000;00;0;350;100;0;0;0;0;0;0;0;0;0;0;0;0;0;0;0;0;0;0;0;0;0;0;0;0;0;0;0000000002
5334;HowlingKing;0001;0903;0010;00;10800;9000;5500;0175;0094;0000;0000;0000;0000;0002;0009;0000;1000;0500;0145;32771;0000;0000;0002;94416550;0100;010;021;010;021;023;010;021;1000040;1002040;0000;0000;0000;0000;10000;00;0;370;100;0;0;0;0;0;0;0;0;0;0;0;0;0;0;0;0;0;0;0;0;0;0;0;0;0;0;0000000002
5335;MountainLord;0001;0303;0010;00;12000;10000;5500;0190;0095;0000;0000;0000;0000;0002;0009;0000;1000;0500;0150;32771;0000;0000;0002;94416550;0100;010;021;010;021;023;010;021;1000040;1002040;0000;0000;0000;0000;10000;00;0;390;100;0;0;0;0;0;0;0;0;0;0;0;0;0;0;0;0;0;0;0;0;0;0;0;0;0;0;0000000002
5336;L70Dralion;0001;0983;3000000;00;0720;0600;0000;0035;0065;0000;0000;0000;0000;0012;0014;0000;1000;0500;0070;9207811;0000;0000;0003;94416550;0100;099;099;099;099;099;099;099;1000040;1002040;0000;0000;0000;0000;10000;00;0;0;100;0;0;0;0;0;0;0;0;0;0;0;0;0;0;0;0;0;0;0;0;0;0;0;0;0;0;0000000000
5339;L100GoldenHorn;0001;0979;20000000;00;2400;2000;1500;0055;0070;0000;0000;0000;0000;0018;0020;0000;1000;0500;0100;9207811;0000;0000;0003;94416550;0100;099;099;099;099;099;099;099;1000040;1002040;0000;0000;0000;0000;10000;00;0;0;100;0;0;0;0;0;0;0;0;0;0;0;0;0;0;0;0;0;0;0;0;0;0;0;0;0;0;0000000000
5341;L110RoarWraith;0001;0210;40000000;00;3600;3000;2500;0070;0073;0000;0000;0000;0000;0018;0020;0000;1000;0500;0110;9207811;0000;0000;0003;94416550;0100;099;099;099;099;099;099;099;1000040;1002040;0000;0000;0000;0000;10000;00;0;0;100;0;0;0;0;0;0;0;0;0;0;0;0;0;0;0;0;0;0;0;0;0;0;0;0;0;0;0000000000
5348;L135AxeTroll;0001;0268;135000000;00;13200;11000;6000;0110;0083;0000;0000;0000;0000;0018;0020;0000;1000;0500;0135;9207939;0000;0000;0003;94416550;0100;099;099;099;099;099;099;099;1000040;1002040;0000;0000;0000;0000;10000;00;0;0;100;0;0;0;0;0;0;0;0;0;0;0;0;0;0;0;0;0;0;0;0;0;0;0;0;0;0;0000000000
5349;L137EvilLord;0001;0251;150000000;00;14400;12000;6500;0120;0084;0000;0000;0000;0000;0018;0020;0000;1000;0500;0137;9207939;0000;0000;0003;94416550;0100;099;099;099;099;099;099;099;1000040;1002040;0000;0000;0000;0000;10000;00;0;0;100;0;0;0;0;0;0;0;0;0;0;0;0;0;0;0;0;0;0;0;0;0;0;0;0;0;0;0000000000
5350;L139AzureKylin;0001;0914;160000000;00;15600;13000;7000;0130;0085;0000;0000;0000;0000;0018;0020;0000;1000;0500;0139;9207939;0000;0000;0003;94416550;0100;099;099;099;099;099;099;099;1000040;1002040;0000;0000;0000;0000;10000;00;0;0;100;0;0;0;0;0;0;0;0;0;0;0;0;0;0;0;0;0;0;0;0;0;0;0;0;0;0;0000000000
5351;L141SpectreKing;0001;0327;175000000;00;16800;14000;7500;0140;0086;0000;0000;0000;0000;0018;0020;0000;1000;0500;0141;9207939;0000;0000;0003;94416550;0100;099;099;099;099;099;099;099;1000040;1002040;0000;0000;0000;0000;10000;00;0;0;100;0;0;0;0;0;0;0;0;0;0;0;0;0;0;0;0;0;0;0;0;0;0;0;0;0;0;0000000000
5352;L143CloudSpirit;0001;0291;200000000;00;18000;15000;8000;0150;0087;0000;0000;0000;0000;0018;0020;0000;1000;0500;0143;9207939;0000;0000;0003;94416550;0100;099;099;099;099;099;099;099;1000040;1002040;0000;0000;0000;0000;10000;00;0;0;100;0;0;0;0;0;0;0;0;0;0;0;0;0;0;0;0;0;0;0;0;0;0;0;0;0;0;0000000000
5353;L145Sirius;0001;0153;210000000;00;19200;16000;8500;0160;0088;0000;0000;0000;0000;0018;0020;0000;1000;0500;0145;9207939;0000;0000;0003;94416550;0100;099;099;099;099;099;099;099;1000040;1002040;0000;0000;0000;0000;10000;00;0;0;100;0;0;0;0;0;0;0;0;0;0;0;0;0;0;0;0;0;0;0;0;0;0;0;0;0;0;0000000000
5354;L147BloodyEvil;0001;0276;250000000;00;20400;17000;9000;0170;0089;0000;0000;0000;0000;0018;0020;0000;1000;0500;0147;9207939;0000;0000;0003;94416550;0100;099;099;099;099;099;099;099;1000040;1002040;0000;0000;0000;0000;10000;00;0;0;100;0;0;0;0;0;0;0;0;0;0;0;0;0;0;0;0;0;0;0;0;0;0;0;0;0;0;0000000000
5355;EvilBloodyBanshee;0001;0951;150000000;00;12000;10000;6000;0130;0091;0000;0000;0000;0000;0018;0020;0000;1000;0500;0115;11304963;0000;0000;0003;94416550;0100;099;099;099;099;099;099;099;1000040;1002040;0000;0000;0000;0000;10000;00;0;0;100;0;0;0;0;0;0;0;0;0;0;0;0;0;0;0;0;0;0;0;0;0;0;0;0;0;0;0000000000
5357;EvilChillingSpook;0001;0952;350000000;00;24000;20000;8000;0160;0093;0000;0000;0000;0000;0018;0020;0000;1000;0500;0135;11305091;0000;0000;0003;94416550;0100;099;099;099;099;099;099;099;1000040;1002040;0000;0000;0000;0000;9000;00;0;0;100;0;0;0;0;0;0;0;0;0;0;0;0;0;0;0;0;0;0;0;0;0;0;0;0;0;0;0000000000
5358;EvilDragonWraith;0001;0950;450000000;00;30000;25000;9000;0175;0094;0000;0000;0000;0000;0018;0020;0000;1000;0500;0145;11305091;0000;0000;0003;94416550;0100;099;099;099;099;099;099;099;1000040;1002040;0000;0000;0000;0000;8500;00;0;0;100;0;0;0;0;0;0;0;0;0;0;0;0;0;0;0;0;0;0;0;0;0;0;0;0;0;0;0000000000
5359;QueenOfEvil;0001;0919;540000000;00;36000;30000;12000;0190;0095;0000;0000;0000;0000;0018;0020;0000;1000;0500;0150;15499267;0000;0000;0003;94416550;0100;099;099;099;099;099;099;099;1000040;1002040;0000;0000;0000;0000;8000;00;0;0;100;0;0;0;0;0;0;0;0;0;0;0;0;0;0;0;0;0;0;0;0;0;0;0;0;0;0;0000000000
5014;L70ThirstyWolf;0001;0129;5000;00;0420;0350;0000;0035;0065;0000;0000;0000;0000;0002;0007;0000;1000;0500;0070;32771;0000;0000;0001;0000;0100;006;011;006;011;011;004;011;1000030;1001020;0000;0000;0000;0000;10000;00;0;90;100;0;0;0;0;0;0;0;0;0;0;0;0;0;0;0;0;0;0;0;0;0;0;0;0;0;0;0000000000
5015;L78IceApe;0001;0556;6000;00;0495;0450;0000;0040;0066;0000;0000;0000;0000;0002;0007;0000;1000;0500;0078;32771;0000;0000;0001;0000;0100;006;011;006;011;012;004;011;1000030;1001020;0000;0000;0000;0000;10000;00;0;100;100;0;0;0;0;0;0;0;0;0;0;0;0;0;0;0;0;0;0;0;0;0;0;0;0;0;0;0000000000
5016;L85MesmericHawk;0001;0205;8000;00;0605;0550;0000;0045;0067;0000;0000;0000;0000;0002;0007;0000;1000;0500;0085;32771;0000;0000;0001;0000;0100;007;013;007;013;013;005;013;1000030;1001020;0000;0000;0000;0000;10000;00;0;110;100;0;0;0;0;0;0;0;0;0;0;0;0;0;0;0;0;0;0;0;0;0;0;0;0;0;0;0000000000
5017;L93DustBeast;0001;0309;11000;00;0715;0650;0000;0050;0068;0000;0000;0000;0000;0002;0007;0000;1000;0500;0093;32771;0000;0000;0001;0000;0100;007;013;007;013;014;006;013;1000030;1001020;0000;0000;0000;0000;10000;00;0;120;100;0;0;0;0;0;0;0;0;0;0;0;0;0;0;0;0;0;0;0;0;0;0;0;0;0;0;0000000000
5018;L101ChillyBird;0001;0906;15000;00;1440;1200;0000;0055;0070;0000;0000;0000;0000;0002;0008;0000;1000;0500;0101;32771;0000;0000;0001;0000;0100;008;015;008;015;015;007;015;1002000;1001030;0000;0000;0000;0000;10000;00;0;140;100;0;0;0;0;0;0;0;0;0;0;0;0;0;0;0;0;0;0;0;0;0;0;0;0;0;0;0000000000
5019;L105HillBeast;0001;0282;20000;00;1800;1500;0000;0060;0071;0000;0000;0000;0000;0002;0008;0000;1000;0500;0105;32771;0000;0000;0001;0000;0100;008;015;008;015;016;007;015;1002000;1001030;0000;0000;0000;0000;10000;00;0;150;100;0;0;0;0;0;0;0;0;0;0;0;0;0;0;0;0;0;0;0;0;0;0;0;0;0;0;0000000000
5020;L109Ghost;0001;0165;25000;00;2160;1800;0000;0065;0072;0000;0000;0000;0000;0002;0008;0000;1000;0500;0109;32771;0000;0000;0001;0000;0100;008;015;008;015;017;007;015;1002000;1001030;0000;0000;0000;0000;10000;00;0;165;100;0;0;0;0;0;0;0;0;0;0;0;0;0;0;0;0;0;0;0;0;0;0;0;0;0;0;0000000000
5021;L113FlameRat;0001;0202;30000;00;2520;2100;0000;0070;0073;0000;0000;0000;0000;0002;0008;0000;1000;0500;0113;32771;0000;0000;0001;0000;0100;008;017;008;017;018;008;017;1002010;1001030;0000;0000;0000;0000;10000;00;0;180;100;0;0;0;0;0;0;0;0;0;0;0;0;0;0;0;0;0;0;0;0;0;0;0;0;0;0;0000000000
5022;L117SoulBanshee;0001;0228;35000;00;2880;2400;0000;0075;0074;0000;0000;0000;0000;0002;0008;0000;1000;0500;0117;32771;0000;0000;0001;0000;0100;008;017;008;017;019;008;017;1002010;1001030;0000;0000;0000;0000;10000;00;0;190;100;0;0;0;0;0;0;0;0;0;0;0;0;0;0;0;0;0;0;0;0;0;0;0;0;0;0;0000000000
5023;L121BatBanshee;0001;0230;40000;00;3360;2800;0300;0080;0076;0000;0000;0000;0000;0002;0009;0000;1000;0500;0121;32771;0000;0000;0001;0000;0100;009;019;009;019;020;009;019;1002020;1001040;0000;0000;0000;0000;10000;00;0;210;100;0;0;0;0;0;0;0;0;0;0;0;0;0;0;0;0;0;0;0;0;0;0;0;0;0;0;0000000000
5024;L123GhostHerald;0001;0263;45000;00;3840;3200;0600;0085;0077;0000;0000;0000;0000;0002;0009;0000;1000;0500;0123;32771;0000;0000;0001;0000;0100;009;019;009;019;020;009;019;1002020;1001040;0000;0000;0000;0000;10000;00;0;220;100;0;0;0;0;0;0;0;0;0;0;0;0;0;0;0;0;0;0;0;0;0;0;0;0;0;0;0000000000
5025;L126GoblinSoul;0001;0606;50000;00;4320;3600;0900;0090;0078;0000;0000;0000;0000;0002;0009;0000;1000;0500;0126;32771;0000;0000;0001;0000;0100;009;019;009;019;021;009;019;1002020;1001040;0000;0000;0000;0000;10000;00;0;235;100;0;0;0;0;0;0;0;0;0;0;0;0;0;0;0;0;0;0;0;0;0;0;0;0;0;0;0000000000
5026;L128BluishSnake;0001;0604;55000;00;4800;4000;1200;0095;0079;0000;0000;0000;0000;0002;0009;0000;1000;0500;0128;32771;0000;0000;0001;0000;0100;009;019;009;019;021;009;019;1002020;1001040;0000;0000;0000;0000;10000;00;0;245;100;0;0;0;0;0;0;0;0;0;0;0;0;0;0;0;0;0;0;0;0;0;0;0;0;0;0;0000000000
5027;L130FireBeast;0001;0913;60000;00;5280;4400;1600;0100;0080;0000;0000;0000;0000;0002;0009;0000;1000;0500;0130;32771;0000;0000;0001;0000;0100;009;019;009;019;022;009;019;1002050;1002030;0000;0000;0000;0000;10000;00;0;260;100;0;0;0;0;0;0;0;0;0;0;0;0;0;0;0;0;0;0;0;0;0;0;0;0;0;0;0000000000
5028;L133FlyingSnake;0001;0258;65000;00;5760;4800;2000;0105;0081;0000;0000;0000;0000;0002;0009;0000;1000;0500;0133;32771;0000;0000;0001;0000;0100;009;019;009;019;022;009;019;1002050;1002030;0000;0000;0000;0000;10000;00;0;270;100;0;0;0;0;0;0;0;0;0;0;0;0;0;0;0;0;0;0;0;0;0;0;0;0;0;0;0000000000
5029;L136Apparition;0001;0981;75000;00;6600;5500;2400;0110;0083;0000;0000;0000;0000;0002;0009;0000;1000;0500;0136;32771;0000;0000;0001;0000;0100;010;021;010;021;023;010;021;1002050;1002030;0000;0000;0000;0000;10000;00;0;290;100;0;0;0;0;0;0;0;0;0;0;0;0;0;0;0;0;0;0;0;0;0;0;0;0;0;0;0000000000
5030;L138Ghoul;0001;0265;85000;00;7200;6000;2800;0120;0084;0000;0000;0000;0000;0002;0009;0000;1000;0500;0138;32771;0000;0000;0001;0000;0100;010;021;010;021;023;010;021;1002050;1002030;0000;0000;0000;0000;10000;00;0;295;100;0;0;0;0;0;0;0;0;0;0;0;0;0;0;0;0;0;0;0;0;0;0;0;0;0;0;0000000000
5031;L139DarkSoldier;0001;0240;95000;00;7800;6500;3200;0130;0085;0000;0000;0000;0000;0002;0009;0000;1000;0500;0139;32771;0000;0000;0001;0000;0100;010;021;010;021;023;010;021;1002050;1002030;0000;0000;0000;0000;10000;00;0;305;100;0;0;0;0;0;0;0;0;0;0;0;0;0;0;0;0;0;0;0;0;0;0;0;0;0;0;0000000000
5032;L141BloodBat;0001;0148;105000;00;8400;7000;3600;0140;0086;0000;0000;0000;0000;0002;0009;0000;1000;0500;0141;32771;0000;0000;0001;0000;0100;010;021;010;021;023;010;021;1000040;1002040;0000;0000;0000;0000;10000;00;0;315;100;0;0;0;0;0;0;0;0;0;0;0;0;0;0;0;0;0;0;0;0;0;0;0;0;0;0;0000000000
5033;L143VenomousApe;0001;0356;115000;00;9000;7500;4000;0150;0087;0000;0000;0000;0000;0002;0009;0000;1000;0500;0143;32771;0000;0000;0001;0000;0100;010;021;010;021;023;010;021;1000040;1002040;0000;0000;0000;0000;10000;00;0;325;100;0;0;0;0;0;0;0;0;0;0;0;0;0;0;0;0;0;0;0;0;0;0;0;0;0;0;0000000000
5034;L144BitterSoul;0001;0522;125000;00;9600;8000;4500;0160;0088;0000;0000;0000;0000;0002;0009;0000;1000;0500;0144;32771;0000;0000;0001;0000;0100;010;021;010;021;023;010;021;1000040;1002040;0000;0000;0000;0000;10000;00;0;335;100;0;0;0;0;0;0;0;0;0;0;0;0;0;0;0;0;0;0;0;0;0;0;0;0;0;0;0000000000
5035;L146SoulBeast;0001;0505;135000;00;10200;8500;5000;0170;0089;0000;0000;0000;0000;0002;0009;0000;1000;0500;0146;32771;0000;0000;0001;0000;0100;010;021;010;021;023;010;021;1000040;1002040;0000;0000;0000;0000;10000;00;0;345;100;0;0;0;0;0;0;0;0;0;0;0;0;0;0;0;0;0;0;0;0;0;0;0;0;0;0;0000000000
5036;L148WingedEvil;0001;0197;145000;00;10800;9000;5500;0180;0090;0000;0000;0000;0000;0002;0009;0000;1000;0500;0148;32771;0000;0000;0001;0000;0100;010;021;010;021;023;010;021;1000040;1002040;0000;0000;0000;0000;10000;00;0;350;100;0;0;0;0;0;0;0;0;0;0;0;0;0;0;0;0;0;0;0;0;0;0;0;0;0;0;0000000000
5037;L115BluishSnake;0001;0155;30000;00;3600;3000;0000;0090;0088;0000;0000;0000;0000;0002;0009;0000;1000;0500;0115;32771;0000;0000;0001;0000;0100;009;019;009;019;022;009;019;1002020;1001040;0000;0000;0000;0000;10000;00;0;240;100;0;0;0;0;0;0;0;0;0;0;0;0;0;0;0;0;0;0;0;0;0;0;0;0;0;0;0000000000
5038;L120Condor;0001;0332;40000;00;4800;4000;0500;0100;0089;0000;0000;0000;0000;0002;0009;0000;1000;0500;0120;32771;0000;0000;0001;0000;0100;009;019;009;019;022;009;019;1002050;1002030;0000;0000;0000;0000;10000;00;0;260;100;0;0;0;0;0;0;0;0;0;0;0;0;0;0;0;0;0;0;0;0;0;0;0;0;0;0;0000000000
5039;L125GreenSnake;0001;0204;50000;00;6000;5000;1000;0115;0090;0000;0000;0000;0000;0002;0009;0000;1000;0500;0125;32771;0000;0000;0001;0000;0100;009;019;009;019;022;009;019;1002050;1002030;0000;0000;0000;0000;10000;00;0;280;100;0;0;0;0;0;0;0;0;0;0;0;0;0;0;0;0;0;0;0;0;0;0;0;0;0;0;0000000000
5040;L130MadBull;0001;0179;70000;00;7200;6000;2000;0130;0091;0000;0000;0000;0000;0002;0009;0000;1000;0500;0130;32771;0000;0000;0001;0000;0100;009;019;009;019;022;009;019;1000040;1002040;0000;0000;0000;0000;10000;00;0;300;100;0;0;0;0;0;0;0;0;0;0;0;0;0;0;0;0;0;0;0;0;0;0;0;0;0;0;0000000000
5041;L135TarzanApe;0001;0356;90000;00;8400;7000;3000;0145;0092;0000;0000;0000;0000;0002;0009;0000;1000;0500;0135;32771;0000;0000;0001;0000;0100;010;021;010;021;023;010;021;1000040;1002040;0000;0000;0000;0000;10000;00;0;320;100;0;0;0;0;0;0;0;0;0;0;0;0;0;0;0;0;0;0;0;0;0;0;0;0;0;0;0000000000
5042;L140BridledHawk;0001;0205;105000;00;9600;8000;4000;0160;0093;0000;0000;0000;0000;0002;0009;0000;1000;0500;0140;32771;0000;0000;0001;0000;0100;010;021;010;021;023;010;021;1000040;1002040;0000;0000;0000;0000;10000;00;0;340;100;0;0;0;0;0;0;0;0;0;0;0;0;0;0;0;0;0;0;0;0;0;0;0;0;0;0;0000000000
5043;L145HollowEvil;0001;0901;125000;00;10800;9000;5000;0175;0094;0000;0000;0000;0000;0002;0009;0000;1000;0500;0145;32771;0000;0000;0001;0000;0100;010;021;010;021;023;010;021;1000040;1002040;0000;0000;0000;0000;10000;00;0;360;100;0;0;0;0;0;0;0;0;0;0;0;0;0;0;0;0;0;0;0;0;0;0;0;0;0;0;0000000000
5044;L150BulkyGiant;0001;0103;150000;00;12000;10000;6000;0190;0095;0000;0000;0000;0000;0002;0009;0000;1000;0500;0150;32771;0000;0000;0001;0000;0100;010;021;010;021;023;010;021;1000040;1002040;0000;0000;0000;0000;10000;00;0;380;100;0;0;0;0;0;0;0;0;0;0;0;0;0;0;0;0;0;0;0;0;0;0;0;0;0;0;0000000000
5697;L85Thief;0001;0201;8086;00;0461;0416;0000;0028;0087;0000;0000;0000;0000;0001;0012;0000;1000;0500;0085;32771;0000;0000;0001;94416550;0500;007;016;007;016;016;006;017;1002000;1001040;0000;0000;0000;0000;10000;00;0;0;100;0;0;0;0;0;0;0;0;0;0;0;0;0;0;0;0;0;0;0;0;0;0;0;0;0;0;0000000000
5698;L130Thief;0001;0201;65535;00;2850;2650;1500;0100;0086;0000;0000;0000;0000;0009;0009;0000;1300;0500;0130;32771;0000;0000;0001;94416550;0500;099;099;099;099;099;099;099;1000040;1002040;1002;0099;0070;0000;10000;00;0;0;100;0;0;0;0;0;0;0;0;0;0;0;0;0;0;0;0;0;0;0;0;0;0;0;0;0;0;0000000000
4250;LonelyCloudBeast;0001;0213;50000;00;1500;1100;1300;0060;0086;0000;0000;0000;0000;0001;0010;0000;1000;0500;0135;294915;0000;0000;0001;94416550;0500;099;099;099;099;099;099;099;0000;0000;0000;0000;0000;0000;8000;00;0;0;100;0;0;0;0;0;0;0;0;0;0;0;0;0;0;0;0;0;0;0;0;0;0;0;0;0;0;0000000000
5552;DistributorTransform;0001;0278;65535;00;0010;0001;60000;0100;0035;0000;0000;0000;0000;0001;0008;0000;1000;0500;0130;32803;0000;0000;0001;0000;0200;099;099;099;099;099;099;099;0000;0000;0000;0094;0000;0000;0001;00;0;0;100;0;0;0;0;0;0;0;0;0;0;0;0;0;0;0;0;0;0;0;0;0;0;0;0;0;0;0000000000
1169;3-starFlameGiant;0001;0247;60000000;00;0020;0020;9000;0070;0090;0000;0000;0000;0000;0020;0020;0000;1000;0500;0140;819267;0000;0000;0005;94416550;1000;099;099;099;099;099;099;099;0000;0000;0000;0000;0000;0000;10000;00;0;0;100;0;3;75;75;75;75;75;900000;0;0;0;0;6000;0;0;0;25000;0;0;5000;0;0;0;0;0;0;0000000000
1170;LordofFear;0001;0954;10000000;00;0010;0005;2000;0050;0000;0000;0000;0000;0000;0020;0020;0000;1000;0500;0100;2916355;0000;0000;0003;94416550;0100;099;099;099;099;099;099;099;1000040;1002040;0000;0000;0000;0000;10000;00;0;0;100;0;0;0;0;0;0;0;0;0;0;0;0;6000;0;0;0;25000;0;0;5000;0;0;0;0;0;0;0000000000
1171;LordofHorror;0001;0917;10000000;00;0010;0005;2000;0050;0000;0000;0000;0000;0000;0020;0020;0000;1000;0500;0100;2916355;0000;0000;0003;94416550;0100;099;099;099;099;099;099;099;1000040;1002040;0000;0000;0000;0000;10000;00;0;0;100;0;0;0;0;0;0;0;0;0;0;0;0;6000;0;0;0;25000;0;0;5000;0;0;0;0;0;0;0000000000
1172;LordofDread;0001;0978;10000000;00;0010;0005;2000;0050;0000;0000;0000;0000;0000;0020;0020;0000;1000;0500;0100;2916355;0000;0000;0003;94416550;0100;099;099;099;099;099;099;099;1000040;1002040;0000;0000;0000;0000;10000;00;0;0;100;0;0;0;0;0;0;0;0;0;0;0;0;6000;0;0;0;25000;0;0;5000;0;0;0;0;0;0;0000000000
1173;LordofShock;0001;0908;10000000;00;0010;0005;2000;0050;0000;0000;0000;0000;0000;0020;0020;0000;1000;0500;0100;2916355;0000;0000;0003;94416550;0100;099;099;099;099;099;099;099;1000040;1002040;0000;0000;0000;0000;10000;00;0;0;100;0;0;0;0;0;0;0;0;0;0;0;0;6000;0;0;0;25000;0;0;5000;0;0;0;0;0;0;0000000000
1174;DemonSprite;0001;0902;65535;00;0010;0005;2000;0050;0090;0000;0000;0000;0000;0020;0020;0000;1000;0500;0100;2916355;0000;0000;0003;94416550;0100;099;099;099;099;099;099;099;1000040;1002040;0000;0000;0000;0000;10000;00;0;0;100;0;0;0;0;0;0;0;0;0;0;0;0;6000;0;0;0;25000;0;0;5000;0;0;0;0;0;0;0000000000
5747;MichaelMyers;0001;0212;65000000;00;23000;21500;8000;0070;0090;0000;0000;0000;0000;0018;0020;0000;1000;0500;0145;2916355;7500;0000;0005;94416550;1000;099;099;099;099;099;099;099;0000;0000;0000;0000;0000;0000;2000;00;0;0;100;0;0;75;75;75;75;75;900000;0;0;0;0;6000;0;0;0;25000;0;0;5000;0;0;0;0;0;0;0000000000
1253;4-StarFightingZombie;0001;0184;100000;00;1000;0800;0000;0000;0073;0000;0000;0000;0000;0002;0015;0000;1000;0250;0028;32771;0001;0000;0001;0000;0100;002;004;002;004;004;099;002;1000030;1001020;0000;0000;0000;0000;10000;06;9;0;100;0;0;0;0;0;0;0;0;0;0;0;0;0;0;0;0;0;0;0;0;0;0;0;0;0;0;0000000000
1254;4-StarDroughtZombie;0001;0181;100000;00;1000;0800;0000;0000;0073;0000;0000;0000;0000;0002;0015;0000;1000;0250;0028;32771;0001;0000;0001;0000;0100;002;004;002;004;004;099;002;1000030;1001020;0000;0000;0000;0000;10000;06;9;0;100;0;0;0;0;0;0;0;0;0;0;0;0;0;0;0;0;0;0;0;0;0;0;0;0;0;0;0000000000
1255;4-StarDemonie;0001;0185;100000;00;1000;0800;0000;0000;0073;0000;0000;0000;0000;0002;0015;0000;1000;0250;0028;32771;0001;0000;0001;0000;0100;002;004;002;004;004;099;002;1000030;1001020;0000;0000;0000;0000;10000;06;9;0;100;0;0;0;0;0;0;0;0;0;0;0;0;0;0;0;0;0;0;0;0;0;0;0;0;0;0;0000000000
1256;4-StarWerewolf;0001;0186;100000;00;1000;0800;0000;0000;0073;0000;0000;0000;0000;0002;0015;0000;1000;0250;0028;32771;0001;0000;0001;0000;0100;002;004;002;004;004;099;002;1000030;1001020;0000;0000;0000;0000;10000;06;9;0;100;0;0;0;0;0;0;0;0;0;0;0;0;0;0;0;0;0;0;0;0;0;0;0;0;0;0;0000000000
1257;4-StarBloodQueen;0001;0190;100000;00;1000;0800;0000;0000;0073;0000;0000;0000;0000;0002;0015;0000;1000;0250;0028;32771;0001;0000;0001;0000;0100;002;004;002;004;004;099;002;1000030;1001020;0000;0000;0000;0000;10000;06;9;0;100;0;0;0;0;0;0;0;0;0;0;0;0;0;0;0;0;0;0;0;0;0;0;0;0;0;0;0000000000
1258;5-StarWhiteGhost;0001;0180;100000;00;1000;0800;0000;0000;0073;0000;0000;0000;0000;0002;0015;0000;1000;0250;0028;32771;0001;0000;0001;0000;0100;002;004;002;004;004;099;002;1000030;1001020;0000;0000;0000;0000;10000;06;9;0;100;0;0;0;0;0;0;0;0;0;0;0;0;0;0;0;0;0;0;0;0;0;0;0;0;0;0;0000000000
1259;5-StarBloodyZombie;0001;0187;100000;00;1000;0800;0000;0000;0073;0000;0000;0000;0000;0002;0015;0000;1000;0250;0028;32771;0001;0000;0001;0000;0100;002;004;002;004;004;099;002;1000030;1001020;0000;0000;0000;0000;10000;06;9;0;100;0;0;0;0;0;0;0;0;0;0;0;0;0;0;0;0;0;0;0;0;0;0;0;0;0;0;0000000000
1260;5-StarPharaohMummy;0001;0182;100000;00;1000;0800;0000;0000;0073;0000;0000;0000;0000;0002;0015;0000;1000;0250;0028;32771;0001;0000;0001;0000;0100;002;004;002;004;004;099;002;1000030;1001020;0000;0000;0000;0000;10000;06;9;0;100;0;0;0;0;0;0;0;0;0;0;0;0;0;0;0;0;0;0;0;0;0;0;0;0;0;0;0000000000
1261;5-StarGhostCaptain;0001;0183;100000;00;1000;0800;0000;0000;0073;0000;0000;0000;0000;0002;0015;0000;1000;0250;0028;32771;0001;0000;0001;0000;0100;002;004;002;004;004;099;002;1000030;1001020;0000;0000;0000;0000;10000;06;9;0;100;0;0;0;0;0;0;0;0;0;0;0;0;0;0;0;0;0;0;0;0;0;0;0;0;0;0;0000000000
1265;GreatPheasant(Shifted);0001;0239;100000;00;1000;0800;0000;0000;0073;0000;0000;0000;0000;0002;0015;0000;1000;0250;0028;32771;0001;0000;0001;0000;0100;002;004;002;004;004;099;002;1000030;1001020;0000;0000;0000;0000;10000;06;9;0;100;0;0;0;0;0;0;0;0;0;0;0;0;0;0;0;0;0;0;0;0;0;0;0;0;0;0;0000000000
1266;WingedLord(Shifted);0001;0397;100000;00;1000;0800;0000;0000;0073;0000;0000;0000;0000;0002;0015;0000;1000;0250;0028;32771;0001;0000;0001;0000;0100;002;004;002;004;004;099;002;1000030;1001020;0000;0000;0000;0000;10000;06;9;0;100;0;0;0;0;0;0;0;0;0;0;0;0;0;0;0;0;0;0;0;0;0;0;0;0;0;0;0000000000
1267;WaterTerror(Shifted);0001;0273;100000;00;1000;0800;0000;0000;0073;0000;0000;0000;0000;0002;0015;0000;1000;0250;0028;32771;0001;0000;0001;0000;0100;002;004;002;004;004;099;002;1000030;1001020;0000;0000;0000;0000;10000;06;9;0;100;0;0;0;0;0;0;0;0;0;0;0;0;0;0;0;0;0;0;0;0;0;0;0;0;0;0;0000000000
1268;RuthlessAsura(Shifted);0001;0264;100000;00;1000;0800;0000;0000;0073;0000;0000;0000;0000;0002;0015;0000;1000;0250;0028;32771;0001;0000;0001;0000;0100;002;004;002;004;004;099;002;1000030;1001020;0000;0000;0000;0000;10000;06;9;0;100;0;0;0;0;0;0;0;0;0;0;0;0;0;0;0;0;0;0;0;0;0;0;0;0;0;0;0000000000
1269;SoulStrangler(Shifted);0001;0251;100000;00;1000;0800;0000;0000;0073;0000;0000;0000;0000;0002;0015;0000;1000;0250;0028;32771;0001;0000;0001;0000;0100;002;004;002;004;004;099;002;1000030;1001020;0000;0000;0000;0000;10000;06;9;0;100;0;0;0;0;0;0;0;0;0;0;0;0;0;0;0;0;0;0;0;0;0;0;0;0;0;0;0000000000
1270;DarkGlutton(Shifted);0001;0259;100000;00;1000;0800;0000;0000;0073;0000;0000;0000;0000;0002;0015;0000;1000;0250;0028;32771;0001;0000;0001;0000;0100;002;004;002;004;004;099;002;1000030;1001020;0000;0000;0000;0000;10000;06;9;0;100;0;0;0;0;0;0;0;0;0;0;0;0;0;0;0;0;0;0;0;0;0;0;0;0;0;0;0000000000
1271;AlienDragon(Shifted);0001;0249;100000;00;1000;0800;0000;0000;0073;0000;0000;0000;0000;0002;0015;0000;1000;0250;0028;32771;0001;0000;0001;0000;0100;002;004;002;004;004;099;002;1000030;1001020;0000;0000;0000;0000;10000;06;9;0;100;0;0;0;0;0;0;0;0;0;0;0;0;0;0;0;0;0;0;0;0;0;0;0;0;0;0;0000000000
1272;ShadowSpider(Shifted);0001;0256;100000;00;1000;0800;0000;0000;0073;0000;0000;0000;0000;0002;0015;0000;1000;0250;0028;32771;0001;0000;0001;0000;0100;002;004;002;004;004;099;002;1000030;1001020;0000;0000;0000;0000;10000;06;9;0;100;0;0;0;0;0;0;0;0;0;0;0;0;0;0;0;0;0;0;0;0;0;0;0;0;0;0;0000000000
1273;FlameGiant(Shifted);0001;0247;100000;00;1000;0800;0000;0000;0073;0000;0000;0000;0000;0002;0015;0000;1000;0250;0028;32771;0001;0000;0001;0000;0100;002;004;002;004;004;099;002;1000030;1001020;0000;0000;0000;0000;10000;06;9;0;100;0;0;0;0;0;0;0;0;0;0;0;0;0;0;0;0;0;0;0;0;0;0;0;0;0;0;0000000000
3249;2-StarSnakemanL63;0001;0221;100000;00;1000;0800;0000;0000;0083;0000;0000;0000;0000;0002;0015;0000;1000;0250;0063;32771;0005;0000;0001;0000;0100;006;012;006;012;012;003;005;1002010;1001020;0000;0000;0000;0000;10000;13;16;0;100;0;0;0;0;0;0;0;0;0;0;0;0;0;0;0;0;0;0;0;0;0;0;0;0;0;0;0000000000
3129;1-StarWingedSnakeL28;0001;0220;100000;00;1000;0800;0000;0000;0073;0000;0000;0000;0000;0002;0015;0000;1000;0250;0028;32771;0001;0000;0001;0000;0100;002;004;002;004;004;099;002;1000030;1001020;0000;0000;0000;0000;10000;06;9;0;100;0;0;0;0;0;0;0;0;0;0;0;0;0;0;0;0;0;0;0;0;0;0;0;0;0;0;0000000000
3597;1-StarPheasant;0001;0231;100000;00;1000;0800;0000;0000;0073;0000;0000;0000;0000;0002;0015;0000;1000;0250;0028;32771;0001;0000;0001;0000;0100;002;004;002;004;004;099;002;1000030;1001020;0000;0000;0000;0000;10000;06;9;0;100;0;0;0;0;0;0;0;0;0;0;0;0;0;0;0;0;0;0;0;0;0;0;0;0;0;0;0000000000
3598;1-StarFireSpiritL43;0001;0219;100000;00;1000;0800;0000;0000;0073;0000;0000;0000;0000;0002;0015;0000;1000;0250;0028;32771;0001;0000;0001;0000;0100;002;004;002;004;004;099;002;1000030;1001020;0000;0000;0000;0000;10000;06;9;0;100;0;0;0;0;0;0;0;0;0;0;0;0;0;0;0;0;0;0;0;0;0;0;0;0;0;0;0000000000
3599;1-StarSandMonsterL68;0001;0281;100000;00;1000;0800;0000;0000;0073;0000;0000;0000;0000;0002;0015;0000;1000;0250;0028;32771;0001;0000;0001;0000;0100;002;004;002;004;004;099;002;1000030;1001020;0000;0000;0000;0000;10000;06;9;0;100;0;0;0;0;0;0;0;0;0;0;0;0;0;0;0;0;0;0;0;0;0;0;0;0;0;0;0000000000
4011;1-StarBladeGhost;0001;0200;100000;00;1000;0800;0000;0000;0073;0000;0000;0000;0000;0002;0015;0000;1000;0250;0028;32771;0001;0000;0001;0000;0100;002;004;002;004;004;099;002;1000030;1001020;0000;0000;0000;0000;10000;06;9;0;100;0;0;0;0;0;0;0;0;0;0;0;0;0;0;0;0;0;0;0;0;0;0;0;0;0;0;0000000000
4012;2-StarBattleGhost;0001;0308;100000;00;1000;0800;0000;0000;0083;0000;0000;0000;0000;0002;0015;0000;1000;0250;0063;32771;0005;0000;0001;0000;0100;006;012;006;012;012;003;005;1002010;1001020;0000;0000;0000;0000;10000;13;16;0;100;0;0;0;0;0;0;0;0;0;0;0;0;0;0;0;0;0;0;0;0;0;0;0;0;0;0;0000000000
4013;2-StarThunderApe;0001;0103;100000;00;1000;0800;0000;0000;0083;0000;0000;0000;0000;0002;0015;0000;1000;0250;0063;32771;0005;0000;0001;0000;0100;006;012;006;012;012;003;005;1002010;1001020;0000;0000;0000;0000;10000;13;16;0;100;0;0;0;0;0;0;0;0;0;0;0;0;0;0;0;0;0;0;0;0;0;0;0;0;0;0;0000000000
4014;2-StarTitanL77;0001;0153;100000;00;1000;0800;0000;0000;0083;0000;0000;0000;0000;0002;0015;0000;1000;0250;0063;32771;0005;0000;0001;0000;0100;006;012;006;012;012;003;005;1002010;1001020;0000;0000;0000;0000;10000;13;16;0;100;0;0;0;0;0;0;0;0;0;0;0;0;0;0;0;0;0;0;0;0;0;0;0;0;0;0;0000000000
4015;2-StarBloodyKing;0001;0348;100000;00;1000;0800;0000;0000;0083;0000;0000;0000;0000;0002;0015;0000;1000;0250;0063;32771;0005;0000;0001;0000;0100;006;012;006;012;012;003;005;1002010;1001020;0000;0000;0000;0000;10000;13;16;0;100;0;0;0;0;0;0;0;0;0;0;0;0;0;0;0;0;0;0;0;0;0;0;0;0;0;0;0000000000
4016;2-StarHawKing;0001;0205;100000;00;1000;0800;0000;0000;0083;0000;0000;0000;0000;0002;0015;0000;1000;0250;0063;32771;0005;0000;0001;0000;0100;006;012;006;012;012;003;005;1002010;1001020;0000;0000;0000;0000;10000;13;16;0;100;0;0;0;0;0;0;0;0;0;0;0;0;0;0;0;0;0;0;0;0;0;0;0;0;0;0;0000000000
4017;2-StarBullDevil;0001;0317;100000;00;1000;0800;0000;0000;0083;0000;0000;0000;0000;0002;0015;0000;1000;0250;0063;32771;0005;0000;0001;0000;0100;006;012;006;012;012;003;005;1002010;1001020;0000;0000;0000;0000;10000;13;16;0;100;0;0;0;0;0;0;0;0;0;0;0;0;0;0;0;0;0;0;0;0;0;0;0;0;0;0;0000000000
4018;2-StarDevilKing;0001;0197;100000;00;1000;0800;0000;0000;0083;0000;0000;0000;0000;0002;0015;0000;1000;0250;0063;32771;0005;0000;0001;0000;0100;006;012;006;012;012;003;005;1002010;1001020;0000;0000;0000;0000;10000;13;16;0;100;0;0;0;0;0;0;0;0;0;0;0;0;0;0;0;0;0;0;0;0;0;0;0;0;0;0;0000000000
4019;DemonMyers;0001;0212;100000;00;1000;0800;0000;0000;0083;0000;0000;0000;0000;0002;0015;0000;1000;0250;0063;32771;0005;0000;0001;0000;0100;006;012;006;012;012;003;005;1002010;1001020;0000;0000;0000;0000;10000;13;16;0;100;0;0;0;0;0;0;0;0;0;0;0;0;0;0;0;0;0;0;0;0;0;0;0;0;0;0;0000000000
5803;YellowTurkey;0001;0333;100000;200;0100;0050;0900;0050;0050;0000;0000;0000;0000;0009;0035;0000;1000;0500;0080;2916355;0000;0000;0005;94416550;1000;099;099;099;099;099;099;099;0000;0000;0000;0000;0000;0000;50000;00;0;0;100;0;3;75;75;75;75;75;900000;0;0;0;0;6000;0;0;0;0;0;0;0;0;0;0;0;0;0;0000000000
5804;GrayTurkey;0001;0333;500000;210;0500;0100;1000;0050;0050;0000;0000;0000;0000;0009;0035;0000;1000;0500;0100;2916355;0000;0000;0005;94416550;1000;099;099;099;099;099;099;099;0000;0000;0000;0000;0000;0000;30000;00;0;100;100;0;3;75;75;75;75;75;900000;0;0;0;0;6000;0;0;0;0;0;0;0;0;0;0;0;0;0;0000000000
5805;OrangeTurkey;0001;0334;1000000;220;1000;0500;1080;0050;0050;0000;0000;0000;0000;0009;0035;0000;1000;0500;0120;2916355;0000;0000;0005;94416550;1000;099;099;099;099;099;099;099;0000;0000;0000;0000;0000;0000;15000;00;0;200;100;0;3;75;75;75;75;75;900000;0;0;0;0;6000;0;0;0;0;0;0;0;0;0;0;0;0;0;0000000000
5806;RedTurkey;0001;0335;3000000;250;4300;3800;1500;0050;0050;0000;0000;0000;0000;0009;0035;0000;1000;0500;0130;2916355;0000;0000;0005;94416550;1000;099;099;099;099;099;099;099;0000;0000;0000;0000;0000;0000;10000;00;0;250;100;0;3;75;75;75;75;75;900000;0;0;0;0;6000;0;0;0;0;0;0;0;0;0;0;0;0;0;0000000000
5807;TurkeyBandit;0001;0336;6000000;300;7200;6480;2700;0075;0050;0000;0000;0000;0000;0009;0035;0000;1000;0500;0135;2916355;0000;0000;0005;94416550;1000;099;099;099;099;099;099;099;0000;0000;0000;0000;0000;0000;9500;00;0;300;100;0;3;75;75;75;75;75;900000;0;0;0;0;6000;0;0;0;0;0;0;0;0;0;0;0;0;0;0000000000
5808;TurkeyRogue;0001;0337;18000000;350;12000;10800;5000;0100;0050;0000;0000;0000;0000;0009;0035;0000;1000;0500;0140;2916355;0000;0000;0005;94416550;1000;099;099;099;099;099;099;099;0000;0000;0000;0000;0000;0000;9100;00;0;350;100;0;3;75;75;75;75;75;900000;0;0;0;0;6000;0;2000;2000;25000;500;500;500;0;0;0;0;0;0;0000000000
5809;TurkeyKnight;0001;0338;24000000;370;14000;12600;6000;0110;0050;0000;0000;0000;0000;0009;0035;0000;1000;0500;0145;2916355;0000;0000;0005;94416550;1000;099;099;099;099;099;099;099;0000;0000;0000;0000;0000;0000;8900;00;0;375;100;0;3;75;75;75;75;75;900000;0;0;0;0;6000;50;3000;3000;25000;700;700;700;0;0;0;0;0;0;0000000000
5810;TurkeySwordman;0001;0339;33000000;400;17000;15300;7500;0125;0050;0000;0000;0000;0000;0009;0035;0000;1000;0500;0148;2916355;0000;0000;0005;94416550;1000;099;099;099;099;099;099;099;0000;0000;0000;0000;0000;0000;8600;00;0;400;100;0;3;75;75;75;75;75;900000;0;0;0;0;6000;125;4500;4500;25000;1000;1000;1000;0;0;0;0;0;0;0000000000
5811;TurkeyLeader;0001;0340;51000000;430;26000;23400;11000;0155;0050;0000;0000;0000;0000;0009;0035;0000;1000;0500;0150;2916355;0000;0000;0005;94416550;1000;099;099;099;099;099;099;099;0000;0000;0000;0000;0000;0000;8000;00;0;430;100;0;3;75;75;75;75;75;900000;0;0;0;0;6000;275;7500;7500;25000;1600;1600;1600;0;0;0;0;0;0;0000000000
5812;GiantTurkey;0001;0341;80000000;460;38000;34200;17000;0185;0050;0000;0000;0000;0000;0009;0035;0000;1000;0500;0150;2916355;0000;0000;0005;94416550;1000;099;099;099;099;099;099;099;0000;0000;0000;0000;0000;0000;7400;00;0;450;100;0;3;75;75;75;75;75;900000;0;0;0;0;6000;425;10500;10500;25000;2000;2000;2000;0;0;0;0;0;0;0000000000
5813;GrayTurkey;0001;0333;500000;210;0500;0100;1000;0050;0050;0000;0000;0000;0000;0009;0035;0000;1000;0500;0100;2916355;0000;0000;0005;94416550;1000;099;099;099;099;099;099;099;0000;0000;0000;0000;0000;0000;30000;00;0;100;100;0;3;75;75;75;75;75;900000;0;0;0;0;6000;0;0;0;0;0;0;0;0;0;0;0;0;0;0000000000
5814;OrangeTurkey;0001;0334;1000000;220;1000;0500;1080;0050;0050;0000;0000;0000;0000;0009;0035;0000;1000;0500;0120;2916355;0000;0000;0005;94416550;1000;099;099;099;099;099;099;099;0000;0000;0000;0000;0000;0000;15000;00;0;200;100;0;3;75;75;75;75;75;900000;0;0;0;0;6000;0;0;0;0;0;0;0;0;0;0;0;0;0;0000000000
5815;RedTurkey;0001;0335;3000000;250;4300;3800;1500;0050;0050;0000;0000;0000;0000;0009;0035;0000;1000;0500;0130;2916355;0000;0000;0005;94416550;1000;099;099;099;099;099;099;099;0000;0000;0000;0000;0000;0000;10000;00;0;250;100;0;3;75;75;75;75;75;900000;0;0;0;0;6000;0;0;0;0;0;0;0;0;0;0;0;0;0;0000000000
5816;TurkeyBandit;0001;0336;6000000;300;7200;6480;2700;0075;0050;0000;0000;0000;0000;0009;0035;0000;1000;0500;0135;2916355;0000;0000;0005;94416550;1000;099;099;099;099;099;099;099;0000;0000;0000;0000;0000;0000;9500;00;0;300;100;0;3;75;75;75;75;75;900000;0;0;0;0;6000;0;0;0;0;0;0;0;0;0;0;0;0;0;0000000000
5817;TurkeyRogue;0001;0337;18000000;350;12000;10800;5000;0100;0050;0000;0000;0000;0000;0009;0035;0000;1000;0500;0140;2916355;0000;0000;0005;94416550;1000;099;099;099;099;099;099;099;0000;0000;0000;0000;0000;0000;9100;00;0;350;100;0;3;75;75;75;75;75;900000;0;0;0;0;6000;0;2000;2000;25000;500;500;500;0;0;0;0;0;0;0000000000
5818;TurkeyKnight;0001;0338;24000000;370;14000;12600;6000;0110;0050;0000;0000;0000;0000;0009;0035;0000;1000;0500;0145;2916355;0000;0000;0005;94416550;1000;099;099;099;099;099;099;099;0000;0000;0000;0000;0000;0000;8900;00;0;375;100;0;3;75;75;75;75;75;900000;0;0;0;0;6000;50;3000;3000;25000;700;700;700;0;0;0;0;0;0;0000000000
5819;TurkeySwordman;0001;0339;33000000;400;17000;15300;7500;0125;0050;0000;0000;0000;0000;0009;0035;0000;1000;0500;0148;2916355;0000;0000;0005;94416550;1000;099;099;099;099;099;099;099;0000;0000;0000;0000;0000;0000;8600;00;0;400;100;0;3;75;75;75;75;75;900000;0;0;0;0;6000;125;4500;4500;25000;1000;1000;1000;0;0;0;0;0;0;0000000000
5820;TurkeyLeader;0001;0340;51000000;430;26000;23400;11000;0155;0050;0000;0000;0000;0000;0009;0035;0000;1000;0500;0150;2916355;0000;0000;0005;94416550;1000;099;099;099;099;099;099;099;0000;0000;0000;0000;0000;0000;8000;00;0;430;100;0;3;75;75;75;75;75;900000;0;0;0;0;6000;275;7500;7500;25000;1600;1600;1600;0;0;0;0;0;0;0000000000
5821;GiantTurkey;0001;0341;80000000;460;38000;34200;17000;0185;0050;0000;0000;0000;0000;0009;0035;0000;1000;0500;0150;2916355;0000;0000;0005;94416550;1000;099;099;099;099;099;099;099;0000;0000;0000;0000;0000;0000;7400;00;0;450;100;0;3;75;75;75;75;75;900000;0;0;0;0;6000;425;10500;10500;25000;2000;2000;2000;0;0;0;0;0;0;0000000000
1148;AquaRoarBeast;0001;0850;15000000;00;20000;15000;28000;0070;0090;0000;0000;0000;0000;0018;0020;0000;1000;0500;0143;2916355;0000;0000;0005;9700000;1000;099;099;099;099;099;099;099;0000;0000;0000;0000;0000;0000;5000;00;0;0;100;0;3;75;75;75;75;75;900000;0;0;0;0;6000;0;0;0;25000;0;0;5000;0;0;0;0;0;0;0000000000
1149;Dragon;0001;0975;5000000;00;10000;8500;28000;0070;0090;0000;0000;0000;0000;0018;0020;0000;1000;0500;0143;2916355;0000;0000;0005;9700000;1000;099;099;099;099;099;099;099;0000;0000;0000;0000;0000;0000;5000;00;0;0;100;0;3;75;75;75;75;75;900000;0;0;0;0;6000;0;0;0;25000;0;0;5000;0;0;0;0;0;0;0000000000
3045;ChestGenie;0001;0479;0030;00;0420;0350;0000;0035;0065;0000;0000;0000;0000;0002;0007;0000;1000;0500;0070;262177;0000;0000;0002;94416550;0100;006;011;006;011;011;004;011;1000030;1001030;0000;0000;0000;0000;10000;00;0;100;100;0;0;0;0;0;0;0;0;0;0;0;0;0;0;0;0;0;0;0;0;0;0;0;0;0;0;0000000002
5822;Level1CelestialKylin;0001;0913;0010;00;0001;0001;0001;0070;0000;0000;0000;0000;0000;0001;0008;0000;1000;0500;0080;2916419;0000;0000;0005;94416550;1000;099;099;099;099;099;099;099;0000;0000;0000;0000;0000;0000;10000;00;0;0;100;0;3;75;75;75;75;75;900000;0;0;0;0;6000;0;0;0;25000;0;0;5000;0;0;0;0;0;0;0000000002
5823;Level2CelestialKylin;0001;0913;0010;00;0001;0001;0001;0070;0000;0000;0000;0000;0000;0001;0008;0000;1000;0500;0080;2916419;0000;0000;0005;94416550;1000;099;099;099;099;099;099;099;0000;0000;0000;0000;0000;0000;10000;00;0;0;100;0;3;75;75;75;75;75;900000;0;0;0;0;6000;0;0;0;25000;0;0;5000;0;0;0;0;0;0;0000000002
5824;Level3CelestialKylin;0001;0913;0010;00;0001;0001;0001;0070;0000;0000;0000;0000;0000;0001;0008;0000;1000;0500;0080;2916419;0000;0000;0005;94416550;1000;099;099;099;099;099;099;099;0000;0000;0000;0000;0000;0000;10000;00;0;0;100;0;3;75;75;75;75;75;900000;0;0;0;0;6000;0;0;0;25000;0;0;5000;0;0;0;0;0;0;0000000002
5825;Level4CelestialKylin;0001;0913;0010;00;0001;0001;0001;0070;0000;0000;0000;0000;0000;0001;0008;0000;1000;0500;0080;2916419;0000;0000;0005;94416550;1000;099;099;099;099;099;099;099;0000;0000;0000;0000;0000;0000;10000;00;0;0;100;0;3;75;75;75;75;75;900000;0;0;0;0;6000;0;0;0;25000;0;0;5000;0;0;0;0;0;0;0000000002
5826;Level5CelestialKylin;0001;0913;0010;00;0001;0001;0001;0070;0000;0000;0000;0000;0000;0001;0008;0000;1000;0500;0080;2916419;0000;0000;0005;94416550;1000;099;099;099;099;099;099;099;0000;0000;0000;0000;0000;0000;10000;00;0;0;100;0;3;75;75;75;75;75;900000;0;0;0;0;6000;0;0;0;25000;0;0;5000;0;0;0;0;0;0;0000000002
5827;Level6CelestialKylin;0001;0913;0010;00;0001;0001;0001;0070;0000;0000;0000;0000;0000;0001;0008;0000;1000;0500;0080;2916419;0000;0000;0005;94416550;1000;099;099;099;099;099;099;099;0000;0000;0000;0000;0000;0000;10000;00;0;0;100;0;3;75;75;75;75;75;900000;0;0;0;0;6000;0;0;0;25000;0;0;5000;0;0;0;0;0;0;0000000002
5828;Level7CelestialKylin;0001;0913;0010;00;0001;0001;0001;0070;0000;0000;0000;0000;0000;0001;0008;0000;1000;0500;0080;2916419;0000;0000;0005;94416550;1000;099;099;099;099;099;099;099;0000;0000;0000;0000;0000;0000;10000;00;0;0;100;0;3;75;75;75;75;75;900000;0;0;0;0;6000;0;0;0;25000;0;0;5000;0;0;0;0;0;0;0000000002
5829;Level8CelestialKylin;0001;0913;0010;00;0001;0001;0001;0070;0000;0000;0000;0000;0000;0001;0008;0000;1000;0500;0080;2916419;0000;0000;0005;94416550;1000;099;099;099;099;099;099;099;0000;0000;0000;0000;0000;0000;10000;00;0;0;100;0;3;75;75;75;75;75;900000;0;0;0;0;6000;0;0;0;25000;0;0;5000;0;0;0;0;0;0;0000000002
5830;Level9CelestialKylin;0001;0913;0010;00;0001;0001;0001;0070;0000;0000;0000;0000;0000;0001;0008;0000;1000;0500;0080;2916419;0000;0000;0005;94416550;1000;099;099;099;099;099;099;099;0000;0000;0000;0000;0000;0000;10000;00;0;0;100;0;3;75;75;75;75;75;900000;0;0;0;0;6000;0;0;0;25000;0;0;5000;0;0;0;0;0;0;0000000002
5831;Level10CelestialKylin;0001;0913;0010;00;0001;0001;0001;0070;0000;0000;0000;0000;0000;0001;0008;0000;1000;0500;0080;2916419;0000;0000;0005;94416550;1000;099;099;099;099;099;099;099;0000;0000;0000;0000;0000;0000;10000;00;0;0;100;0;3;75;75;75;75;75;900000;0;0;0;0;6000;0;0;0;25000;0;0;5000;0;0;0;0;0;0;0000000002
5832;Level11CelestialKylin;0001;0913;0010;00;0001;0001;0001;0070;0000;0000;0000;0000;0000;0001;0008;0000;1000;0500;0080;2916419;0000;0000;0005;94416550;1000;099;099;099;099;099;099;099;0000;0000;0000;0000;0000;0000;10000;00;0;0;100;0;3;75;75;75;75;75;900000;0;0;0;0;6000;0;0;0;25000;0;0;5000;0;0;0;0;0;0;0000000002
5833;Level12CelestialKylin;0001;0913;0010;00;0001;0001;0001;0070;0000;0000;0000;0000;0000;0001;0008;0000;1000;0500;0080;2916419;0000;0000;0005;94416550;1000;099;099;099;099;099;099;099;0000;0000;0000;0000;0000;0000;10000;00;0;0;100;0;3;75;75;75;75;75;900000;0;0;0;0;6000;0;0;0;25000;0;0;5000;0;0;0;0;0;0;0000000002
5834;Level13CelestialKylin;0001;0913;0010;00;0001;0001;0001;0070;0000;0000;0000;0000;0000;0001;0008;0000;1000;0500;0080;2916419;0000;0000;0005;94416550;1000;099;099;099;099;099;099;099;0000;0000;0000;0000;0000;0000;10000;00;0;0;100;0;3;75;75;75;75;75;900000;0;0;0;0;6000;0;0;0;25000;0;0;5000;0;0;0;0;0;0;0000000002
5835;Level14CelestialKylin;0001;0913;0010;00;0001;0001;0001;0070;0000;0000;0000;0000;0000;0001;0008;0000;1000;0500;0080;2916419;0000;0000;0005;94416550;1000;099;099;099;099;099;099;099;0000;0000;0000;0000;0000;0000;10000;00;0;0;100;0;3;75;75;75;75;75;900000;0;0;0;0;6000;0;0;0;25000;0;0;5000;0;0;0;0;0;0;0000000002
5836;Level15CelestialKylin;0001;0913;0010;00;0001;0001;0001;0070;0000;0000;0000;0000;0000;0001;0008;0000;1000;0500;0080;2916419;0000;0000;0005;94416550;1000;099;099;099;099;099;099;099;0000;0000;0000;0000;0000;0000;10000;00;0;0;100;0;3;75;75;75;75;75;900000;0;0;0;0;6000;0;0;0;25000;0;0;5000;0;0;0;0;0;0;0000000002
4216;ThrillingSpook2;0001;0952;32000000;00;5500;4800;6000;0060;0060;0000;0000;0000;0000;0020;0020;0000;1000;0500;0120;819203;7500;0000;0008;98054392;1000;099;099;099;099;099;099;099;0000;0000;0000;0000;0000;0000;10000;00;0;0;100;0;1;0;0;0;0;0;900000;0;0;0;0;0;0;0;0;0;0;0;0;0;0;0;0;0;0;0000000000
4217;ThrillingSpook3;0001;0952;55000000;00;9000;7000;18000;0070;0070;0000;0000;0000;0000;0020;0020;0000;1000;0500;0140;819203;7500;0000;0009;98054393;1000;099;099;099;099;099;099;099;0000;0000;0000;0000;0000;0000;9000;00;0;0;100;0;1;50;50;50;50;50;900000;0;0;0;0;5500;0;0;0;0;0;0;0;0;0;0;0;0;0;0000000000
7565;PurpleBanshee;0001;0951;54000000;00;7600;6960;9000;0070;0090;0000;0000;0000;0000;0020;0020;0000;1000;0500;0138;819203;7500;0000;0002;97216100;1000;099;099;099;099;099;099;099;0000;0000;0000;0000;0000;0000;10000;00;0;0;100;0;1;0;0;50;0;0;900000;0;0;0;0;5000;0;0;0;0;0;0;0;0;0;0;0;0;0;0000000000
