200,1300,85,279,70,40,5,1,15
200,1300,101,353,40,63,4,1,15
200,1300,153,401,90,63,6,1,15
200,1300,232,175,37,24,2,1,15
200,1300,333,253,90,63,6,1,15
200,1300,342,171,46,60,4,1,15
200,1300,265,131,67,41,4,1,15
201,1300,276,196,45,72,5,1,15
201,1300,309,597,44,51,3,1,39
201,1300,257,549,40,63,3,1,39
201,1300,207,518,40,30,2,1,39
201,1300,317,514,25,26,1,1,39
201,1300,241,473,62,55,3,1,39
201,1300,362,605,36,30,2,1,39
201,1300,388,371,40,24,2,1,39
201,1300,220,347,38,24,2,1,39
201,1300,347,378,30,26,2,1,39
201,1300,253,304,70,53,5,1,39
201,1300,329,343,26,25,1,1,39
201,1300,320,425,90,64,6,1,39
201,1300,162,319,65,60,5,1,39
201,1300,52,323,35,25,2,1,39
201,1300,85,279,70,40,5,1,39
201,1300,101,353,40,63,4,1,39
201,1300,153,401,90,63,6,1,39
201,1300,342,171,46,60,4,1,39
201,1300,265,131,67,41,4,1,39
201,1300,276,196,45,72,5,1,39
201,1300,232,175,37,24,2,1,39
201,1300,333,253,90,63,6,1,39
201,1300,264,368,45,72,5,1,18
201,1300,421,327,68,41,3,1,18
201,1300,433,155,70,54,5,1,18
201,1300,510,196,45,56,3,1,18
201,1300,489,449,90,60,6,1,18
201,1300,498,367,46,60,3,1,18
201,1300,501,277,90,65,6,1,18
201,1300,432,392,45,72,4,1,18
201,1300,400,199,37,24,2,1,18
201,1300,444,220,55,72,5,1,18
201,1300,264,368,45,72,5,1,33
201,1300,421,327,68,41,3,1,33
201,1300,433,155,70,54,5,1,33
201,1300,510,196,45,56,3,1,33
201,1300,489,449,90,60,6,1,43
201,1300,498,367,46,60,3,1,33
201,1300,501,277,90,65,6,1,43
201,1300,432,392,45,72,4,1,33
201,1300,400,199,37,24,2,1,18
201,1300,444,220,55,72,5,1,33
3142,1351,119,87,11,11,3,10,6
3141,1351,79,114,17,17,3,10,6
3141,1351,54,146,9,24,3,10,6
3141,1351,25,125,20,2,3,10,6
3142,1351,156,48,20,2,3,10,6
3141,1351,192,81,20,7,3,10,8
3141,1351,152,160,24,6,3,10,6
3141,1351,185,216,23,13,3,10,6
3141,1351,162,243,15,10,3,10,6
3141,1351,245,278,20,10,3,10,6
3142,1351,206,314,24,9,3,10,6
3141,1351,346,282,28,11,3,10,6
3141,1351,382,275,25,6,3,10,6
3142,1351,221,114,25,19,3,10,6
3141,1351,116,191,20,9,3,10,6
3141,1351,424,398,24,15,3,10,6
3141,1351,462,363,24,10,3,10,6
3143,1351,218,133,30,30,1,43200,30
3141,1351,77,134,24,10,3,10,6
3141,1351,100,128,9,24,3,10,6
3141,1351,112,91,17,17,3,10,6
3142,1351,140,65,11,11,3,10,6
3142,1351,150,57,20,2,3,10,6
3141,1351,192,81,20,7,3,10,8
3141,1351,179,72,20,7,3,10,8
3141,1351,229,147,24,10,3,10,6
3141,1351,224,175,23,13,3,10,6
3141,1351,254,161,30,10,3,10,6
3141,1351,245,278,20,10,3,10,6
3142,1351,220,152,24,9,3,10,6
3141,1351,210,163,20,5,3,10,6
3141,1351,233,179,20,2,3,10,6
3141,1351,305,224,25,16,3,10,6
3142,1351,324,217,8,28,3,10,6
3141,1351,301,242,25,9,3,10,6
3141,1351,254,146,24,15,3,10,6
3141,1351,215,154,24,10,3,10,6
3141,1351,241,150,24,10,3,10,6
3141,1351,224,178,20,10,3,10,6
3141,1351,222,160,20,4,3,10,6
3141,1351,278,165,4,20,3,10,6
3141,1351,316,212,28,10,3,10,6
3141,1351,310,224,28,10,3,10,6
3141,1351,112,94,20,14,3,10,6
3141,1351,141,70,20,10,3,10,6
3141,1351,167,61,20,10,3,10,6
3141,1351,185,75,20,10,3,10,6
3141,1351,207,100,20,5,3,10,6
3141,1351,184,125,5,2,3,10,6
3141,1351,198,111,5,5,3,10,3
3141,1351,208,102,9,5,3,10,6
3141,1351,180,131,15,10,3,10,6
3141,1351,164,146,15,10,3,10,6
3141,1351,146,175,24,24,3,10,6
3141,1351,133,184,24,10,3,10,6
3141,1351,105,206,24,10,3,10,6
3141,1351,103,214,15,14,3,10,6
3141,1351,137,179,15,14,3,10,6
3141,1351,175,183,24,30,3,10,6
3141,1351,199,202,24,30,3,10,6
3141,1351,154,265,24,20,3,10,6
3141,1351,181,293,9,15,3,10,6
3141,1351,233,302,28,30,3,10,6
15,1077,600,500,103,145,8,1,18
3141,1351,237,308,30,15,3,10,6
3141,1351,233,297,12,15,3,10,6
3141,1351,238,291,24,10,3,10,6
3141,1351,275,309,4,20,3,10,6
3141,1351,294,332,4,20,3,10,6
3141,1351,300,343,20,5,3,10,6
3141,1351,311,350,6,20,3,10,6
3141,1351,327,383,30,10,3,10,6
3141,1351,306,404,20,10,3,10,6
3141,1351,355,356,30,10,3,10,6
3141,1351,342,268,10,30,3,10,6
3141,1351,302,243,60,20,3,10,6
3141,1351,262,153,24,10,3,10,6
3141,1351,227,178,24,30,3,10,6
3141,1351,209,156,10,30,3,10,6
3141,1351,21,128,20,20,3,10,6
3141,1351,76,139,20,20,3,10,6
3141,1351,97,108,20,20,3,10,6
3141,1351,133,79,30,20,3,10,8
3141,1351,154,56,20,20,3,10,6
3144,1352,79,253,20,20,3,10,10
3144,1352,111,203,9,24,3,10,7
3144,1352,224,280,18,17,3,10,7
3144,1352,260,319,20,30,3,10,7
3144,1352,292,271,10,20,3,10,7
3144,1352,298,338,20,7,3,10,7
3145,1352,275,358,30,6,3,10,7
3145,1352,255,376,23,13,3,10,7
3145,1352,222,411,15,10,3,10,3
3144,1352,193,374,30,20,3,10,7
3144,1352,230,341,30,20,3,10,7
3144,1352,171,343,30,11,3,10,7
3144,1352,183,193,25,10,3,10,7
3144,1352,154,163,25,19,3,10,7
3144,1352,133,125,15,20,3,10,7
3144,1352,183,132,30,15,3,10,8
3145,1352,224,90,24,10,3,10,7
3144,1352,262,65,30,20,3,10,7
3144,1352,218,217,9,24,3,10,7
3144,1352,286,151,11,11,3,10,7
3144,1352,203,109,40,10,3,10,8
3144,1352,191,55,30,10,3,10,7
3144,1352,296,221,40,20,3,10,9
3144,1352,254,260,40,10,3,10,7
3144,1352,294,400,30,10,3,10,7
3144,1352,321,310,30,10,3,10,7
3144,1352,355,275,20,10,3,10,7
3144,1352,411,219,30,10,3,10,7
3145,1352,393,189,30,20,3,10,7
3145,1352,350,230,40,20,3,10,7
3144,1352,359,207,40,20,3,10,7
3144,1352,316,188,8,28,3,10,7
3144,1352,189,252,25,9,3,10,7
3144,1352,190,315,24,15,3,10,7
3144,1352,302,460,40,10,3,10,10
3144,1352,333,426,40,10,3,10,8
3144,1352,394,444,20,30,3,10,7
3144,1352,242,392,30,10,3,10,7
3144,1352,314,444,30,20,3,10,7
3144,1352,459,540,30,10,3,10,7
3144,1352,513,563,20,30,3,10,7
3144,1352,499,498,20,14,3,10,7
3144,1352,519,482,20,10,3,10,7
3145,1352,552,440,30,30,3,10,7
3145,1352,525,416,20,5,3,10,7
3144,1352,486,291,30,20,3,10,7
3145,1352,388,262,30,15,3,10,7
3145,1352,399,236,9,5,3,10,3
3145,1352,448,311,15,10,3,10,7
3144,1352,410,349,25,10,3,10,7
3144,1352,429,331,30,15,3,10,8
3144,1352,479,532,25,10,3,10,7
3144,1352,161,230,30,10,3,10,8
3144,1352,137,254,30,10,3,10,8
3144,1352,136,304,30,10,3,10,8
3144,1352,115,275,30,10,3,10,8
3144,1352,125,191,30,20,3,10,10
3145,1352,154,147,24,20,3,10,7
3145,1352,322,245,9,15,3,10,3
3145,1352,357,527,30,10,3,10,8
3145,1352,383,503,30,10,3,10,8
3144,1352,408,526,30,10,3,10,10
3144,1352,440,560,20,10,3,10,10
3144,1352,481,645,30,10,3,10,10
3144,1352,556,521,30,10,3,10,8
3144,1352,561,506,20,30,3,10,10
3144,1352,556,467,30,20,3,10,8
3144,1352,630,447,30,10,3,10,10
3145,1352,658,468,30,10,3,10,7
3145,1352,454,431,10,30,3,10,7
3145,1352,440,443,60,20,3,10,7
3144,1352,408,419,24,10,3,10,7
3144,1352,370,327,20,30,3,10,7
3144,1352,377,385,24,10,3,10,7
3146,1352,504,622,30,30,1,43200,30
3144,1352,233,297,60,20,3,10,7
3144,1352,34,182,35,28,3,10,7
3144,1352,79,279,10,30,3,10,10
3144,1352,133,79,30,20,3,10,7
3144,1352,586,493,30,20,3,10,7
3144,1352,536,432,24,20,3,10,7
3144,1352,579,483,24,30,3,10,7
3144,1352,620,511,24,10,3,10,7
3144,1352,645,488,30,10,3,10,7
3144,1352,633,503,20,10,3,10,7
3144,1352,603,529,20,10,3,10,7
3144,1352,543,591,20,10,3,10,9
3144,1352,507,628,20,10,3,10,9
3144,1352,469,618,20,10,3,10,9
3144,1352,444,643,20,10,3,10,9
3144,1352,485,600,20,10,3,10,9
3144,1352,428,586,30,20,3,10,10
3144,1352,399,568,15,30,3,10,7
3144,1352,428,586,15,30,3,10,7
3144,1352,452,490,30,10,3,10,7
3144,1352,480,415,30,10,3,10,7
3144,1352,539,433,20,30,3,10,7
3144,1352,502,392,30,10,3,10,7
3144,1352,516,317,30,60,3,10,7
3144,1352,499,397,30,10,3,10,7
3144,1352,388,403,30,10,3,10,7
3144,1352,361,358,20,60,3,10,10
3144,1352,271,426,30,12,3,10,7
3144,1352,330,445,30,10,3,10,7
3144,1352,377,428,10,30,3,10,7
3144,1352,277,446,20,60,3,10,10
3144,1352,318,382,20,10,3,10,7
3144,1352,359,356,60,20,3,10,10
3144,1352,315,389,60,10,3,10,7
3144,1352,348,294,60,10,3,10,7
3144,1352,317,228,60,10,3,10,7
3144,1352,222,263,30,25,3,10,10
3144,1352,203,269,10,30,3,10,10
3144,1352,89,238,30,20,3,10,10
3144,1352,166,214,30,20,3,10,10
3144,1352,277,253,30,20,3,10,10
3144,1352,295,291,30,20,3,10,10
3144,1352,272,252,30,20,3,10,10
3144,1352,298,274,30,20,3,10,10
3144,1352,320,328,30,20,3,10,10
3144,1352,217,366,40,20,3,10,10
3144,1352,168,357,30,20,3,10,10
3144,1352,219,363,30,20,3,10,10
3144,1352,164,350,30,20,3,10,10
3144,1352,217,364,30,20,3,10,10
3144,1352,174,365,30,10,3,10,7
3144,1352,144,140,10,10,3,10,7
3144,1352,103,150,30,10,3,10,7
3144,1352,155,116,10,30,3,10,7
3144,1352,211,119,30,20,3,10,7
3144,1352,248,198,30,10,3,10,7
3144,1352,354,165,30,30,3,10,12
3145,1352,362,160,10,18,3,10,7
3144,1352,317,130,30,10,3,10,7
15,1077,700,650,100,120,8,1,18
3144,1352,271,176,20,10,3,10,7
3144,1352,248,197,20,10,3,10,7
3144,1352,222,178,30,10,3,10,8
3144,1352,306,139,11,11,3,10,7
3144,1352,319,123,11,11,3,10,7
3144,1352,177,76,11,11,3,10,7
3144,1352,162,284,30,10,3,10,7
3144,1352,379,467,30,10,3,10,7
3144,1352,321,521,20,20,3,10,7
3144,1352,504,393,10,10,3,10,7
3147,1353,32,259,15,10,3,10,8
3147,1353,56,287,15,15,3,10,8
3147,1353,81,272,21,18,3,10,8
3147,1353,100,253,23,18,3,10,8
3147,1353,120,236,17,15,3,10,8
3147,1353,148,203,16,14,3,10,8
3147,1353,134,168,21,18,3,10,8
3147,1353,146,146,14,14,3,10,8
3147,1353,327,158,14,12,3,10,8
3147,1353,350,192,18,15,3,10,8
3147,1353,379,172,18,16,3,10,8
3147,1353,391,159,28,22,3,10,8
3147,1353,423,191,28,23,3,10,8
3147,1353,435,243,22,20,3,10,8
3147,1353,418,253,22,20,3,10,8
3147,1353,395,277,22,19,3,10,8
3147,1353,373,302,27,25,3,10,8
3147,1353,257,495,21,20,3,10,8
3147,1353,280,516,21,21,3,10,8
3147,1353,306,506,21,21,3,10,8
3147,1353,328,478,25,20,3,10,8
3147,1353,346,457,22,18,3,10,8
3147,1353,376,412,21,14,3,10,8
3147,1353,434,375,21,20,3,10,8
3147,1353,451,353,20,12,3,10,8
3147,1353,477,449,18,13,3,10,8
3147,1353,483,493,18,18,3,10,8
3147,1353,501,541,30,30,3,10,8
3147,1353,553,621,34,34,3,10,8
3147,1353,537,641,34,34,3,10,8
3147,1353,670,587,22,22,3,10,8
3147,1353,629,616,15,15,3,10,8
3147,1353,629,554,23,22,3,10,8
3147,1353,653,535,26,27,3,10,8
3147,1353,667,521,25,26,3,10,8
3147,1353,691,497,33,27,3,10,8
3147,1353,714,476,25,27,3,10,8
3147,1353,658,428,34,27,3,10,8
3147,1353,642,444,34,34,3,10,8
3147,1353,600,442,34,26,3,10,8
3147,1353,579,468,26,20,3,10,8
3147,1353,596,530,25,18,3,10,8
3147,1353,481,693,26,20,3,10,8
3147,1353,495,674,21,21,3,10,8
3147,1353,585,731,22,22,3,10,8
3147,1353,545,700,18,25,3,10,8
3147,1353,426,623,27,27,3,10,8
3147,1353,424,506,15,15,3,10,8
3147,1353,296,442,21,18,3,10,8
3147,1353,249,420,22,27,3,10,8
3147,1353,519,350,22,27,3,10,8
3147,1353,548,323,20,27,3,10,8
3147,1353,595,360,21,21,3,10,8
3147,1353,627,392,18,25,3,10,8
3147,1353,574,393,21,21,3,10,8
3147,1353,595,407,21,21,3,10,8
3147,1353,610,433,15,16,3,10,8
3147,1353,541,496,27,25,3,10,8
3147,1353,521,528,18,26,3,10,8
3147,1353,151,276,18,18,3,10,8
3147,1353,186,365,26,20,3,10,8
3147,1353,194,413,27,26,3,10,8
3147,1353,229,448,17,25,3,10,8
3148,1353,208,150,19,20,3,10,8
3148,1353,228,131,20,13,3,10,8
3148,1353,370,369,19,14,3,10,8
3148,1353,408,395,20,19,3,10,8
3148,1353,339,332,18,16,3,10,8
3148,1353,318,357,19,20,3,10,8
3148,1353,327,412,9,21,3,10,8
3148,1353,309,426,10,18,3,10,8
3148,1353,564,663,18,18,3,10,8
3148,1353,609,709,20,20,3,10,8
3148,1353,629,682,20,18,3,10,8
3148,1353,647,665,20,18,3,10,8
3148,1353,665,656,20,29,3,10,8
3148,1353,688,611,16,30,3,10,8
3148,1353,575,594,18,30,3,10,8
3148,1353,596,578,18,22,3,10,8
3148,1353,575,557,16,23,3,10,8
3148,1353,464,578,20,20,3,10,8
3148,1353,445,598,23,23,3,10,8
3148,1353,298,375,19,17,3,10,8
3148,1353,451,429,30,10,3,10,8
3148,1353,486,397,19,10,3,10,8
3148,1353,483,637,18,12,3,10,8
3148,1353,345,261,27,20,3,10,8
3148,1353,290,256,26,15,3,10,8
3148,1353,320,228,30,16,3,10,8
3149,1353,192,154,30,30,1,43200,30
3147,1353,103,185,24,15,3,10,8
3147,1353,86,201,24,15,3,10,8
3147,1353,72,223,24,15,3,10,8
3147,1353,56,236,24,15,3,10,8
3147,1353,135,303,24,15,3,10,8
3147,1353,121,317,24,15,3,10,8
3147,1353,104,335,24,15,3,10,8
3147,1353,121,361,24,15,3,10,8
3147,1353,137,347,24,15,3,10,8
3147,1353,155,331,24,15,3,10,8
3147,1353,169,313,24,15,3,10,8
3147,1353,183,303,24,15,3,10,8
3147,1353,190,291,24,15,3,10,8
3147,1353,200,281,24,15,3,10,8
3147,1353,222,262,24,15,3,10,8
3147,1353,240,243,24,15,3,10,8
3147,1353,250,232,24,15,3,10,8
3147,1353,265,219,24,15,3,10,8
3147,1353,285,200,24,15,3,10,8
3147,1353,203,231,24,15,3,10,8
3147,1353,220,213,24,15,3,10,8
3147,1353,236,198,24,15,3,10,8
3147,1353,252,181,24,15,3,10,8
3147,1353,269,149,24,15,3,10,8
3147,1353,160,160,24,15,3,10,8
3147,1353,166,119,24,15,3,10,8
3147,1353,187,105,24,15,3,10,8
3147,1353,195,97,24,15,3,10,8
3147,1353,208,81,24,15,3,10,8
3147,1353,225,64,24,15,3,10,8
3147,1353,238,48,24,15,3,10,8
3147,1353,262,34,24,15,3,10,8
3147,1353,280,38,24,15,3,10,8
3147,1353,300,59,24,15,3,10,8
3147,1353,283,82,24,15,3,10,8
3147,1353,270,100,24,15,3,10,8
3147,1353,273,117,24,15,3,10,8
3147,1353,292,139,24,15,3,10,8
3147,1353,313,124,24,15,3,10,8
3147,1353,321,110,24,15,3,10,8
3147,1353,336,100,24,15,3,10,8
3147,1353,356,113,24,15,3,10,8
3147,1353,341,136,24,15,3,10,8
3147,1353,109,179,24,15,3,10,8
3147,1353,87,200,24,15,3,10,8
3147,1353,65,226,24,15,3,10,8
3147,1353,46,242,24,15,3,10,8
3147,1353,139,296,13,12,3,10,8
3147,1353,124,310,13,12,3,10,8
3147,1353,98,336,13,12,3,10,8
3147,1353,125,356,13,12,3,10,8
3147,1353,142,341,13,12,3,10,8
3147,1353,154,329,13,12,3,10,8
3147,1353,179,305,13,12,3,10,8
3147,1353,190,293,13,12,3,10,8
3147,1353,205,275,13,12,3,10,8
3147,1353,214,253,13,12,3,10,8
3147,1353,245,239,13,12,3,10,8
3147,1353,265,216,13,12,3,10,8
3147,1353,411,463,17,16,3,10,8
3147,1353,453,476,13,12,3,10,8
3147,1353,560,372,21,15,3,10,8
3147,1353,425,461,15,12,3,10,8
3147,1353,403,450,13,16,3,10,8
3147,1353,382,442,13,21,3,10,8
3147,1353,361,397,14,12,3,10,8
3148,1353,384,232,14,14,3,10,8
3148,1353,407,210,14,14,3,10,8
3148,1353,459,221,14,14,3,10,8
3148,1353,259,355,14,14,3,10,8
3148,1353,228,327,14,14,3,10,8
3148,1353,242,308,14,14,3,10,8
3148,1353,256,292,14,14,3,10,8
3148,1353,272,287,14,14,3,10,8
3148,1353,297,313,14,14,3,10,8
3148,1353,285,329,14,14,3,10,8
3148,1353,274,343,14,14,3,10,8
3148,1353,259,394,14,14,3,10,8
3148,1353,223,324,14,14,3,10,8
3155,1354,16,280,45,20,3,10,10
3155,1354,36,275,12,25,3,10,10
3155,1354,40,256,25,30,3,10,10
3155,1354,57,236,30,30,3,10,9
3155,1354,85,250,18,18,3,10,9
3155,1354,98,201,24,25,3,10,10
3155,1354,133,210,25,30,3,10,10
3155,1354,156,238,30,30,3,10,9
3155,1354,131,257,18,18,3,10,10
3155,1354,97,371,40,30,3,10,10
3155,1354,139,316,30,10,3,10,10
3155,1354,161,301,20,20,3,10,9
3155,1354,191,327,25,10,3,10,9
3155,1354,173,344,15,18,3,10,10
3155,1354,153,367,30,20,3,10,10
3155,1354,182,397,30,30,3,10,10
3155,1354,162,420,30,18,3,10,9
3155,1354,183,457,20,30,3,10,9
3155,1354,210,437,30,20,3,10,9
3155,1354,229,419,25,20,3,10,10
3155,1354,259,455,25,16,3,10,10
3155,1354,236,474,30,16,3,10,10
3155,1354,220,492,30,16,3,10,10
3155,1354,254,521,30,15,3,10,10
3155,1354,289,563,20,10,3,10,9
3155,1354,297,535,10,20,3,10,10
3155,1354,295,480,30,25,3,10,10
3155,1354,327,513,35,15,3,10,10
3155,1354,345,494,20,13,3,10,10
3155,1354,378,459,22,30,3,10,10
3155,1354,410,428,25,14,3,10,30
3155,1354,384,390,15,25,3,10,10
3155,1354,353,355,30,16,3,10,10
3155,1354,337,375,25,14,3,10,10
3155,1354,314,396,25,16,3,10,10
3155,1354,292,419,30,17,3,10,10
3155,1354,373,436,17,30,3,10,10
3155,1354,184,206,30,12,3,10,10
3155,1354,201,197,20,10,3,10,10
3155,1354,227,226,20,15,3,10,10
3155,1354,210,245,30,12,3,10,10
3155,1354,190,262,25,25,3,10,10
3155,1354,204,290,25,11,3,10,10
3155,1354,225,296,25,11,3,10,10
3155,1354,271,319,20,8,3,10,10
3155,1354,298,348,25,15,3,10,10
3155,1354,294,225,25,15,3,10,10
3155,1354,312,208,20,15,3,10,10
3155,1354,334,184,25,15,3,10,10
3155,1354,383,200,20,15,3,10,10
3155,1354,366,215,25,16,3,10,10
3155,1354,349,234,25,14,3,10,10
3155,1354,318,265,25,12,3,10,10
3155,1354,295,295,20,10,3,10,10
3155,1354,322,324,25,15,3,10,10
3155,1354,339,307,25,15,3,10,10
3155,1354,357,286,25,20,3,10,10
3155,1354,468,379,25,17,3,10,10
3155,1354,492,405,20,16,3,10,10
3155,1354,542,359,25,17,3,10,10
3155,1354,566,336,20,16,3,10,10
22,1523,130,132,10,10,0,1,10
93,1523,130,94,10,10,0,1,10
68,1523,109,59,10,10,0,1,10
10,1523,75,73,10,10,0,1,10
6,1523,62,89,10,10,0,1,10
3,1523,82,120,10,10,0,1,10
78,1523,86,114,10,10,0,1,10
28,1523,101,107,10,10,0,1,10
3155,1354,266,380,25,19,3,10,10
3155,1354,442,393,20,15,3,10,10
3155,1354,224,358,20,16,3,10,10
3155,1354,414,360,25,17,3,10,10
3155,1354,508,455,15,12,3,10,10
3155,1354,555,411,20,20,3,10,10
3155,1354,541,423,18,12,3,10,10
3155,1354,380,539,12,18,3,10,10
3155,1354,541,550,18,12,3,10,10
3155,1354,570,445,25,25,3,10,10
3155,1354,602,466,25,18,3,10,10
3155,1354,634,493,25,36,3,10,10
3155,1354,653,514,20,36,3,10,10
3155,1354,496,535,25,15,3,10,10
3155,1354,515,515,18,15,3,10,10
3155,1354,471,486,18,25,3,10,10
3155,1354,680,425,10,10,3,10,10
3155,1354,662,400,25,15,3,10,10
3155,1354,372,406,25,24,3,10,10
3155,1354,495,479,12,7,3,10,10
3155,1354,565,526,20,12,3,10,10
3155,1354,274,246,25,20,3,10,10
3155,1354,518,255,15,15,3,10,10
3155,1354,433,343,20,20,3,10,10
3155,1354,522,379,12,18,3,10,10
3155,1354,490,350,20,18,3,10,10
3155,1354,508,334,20,20,3,10,10
3155,1354,321,449,20,20,3,10,10
3155,1354,456,592,20,20,3,10,10
3155,1354,558,648,25,25,3,10,10
3155,1354,573,592,15,25,3,10,10
3155,1354,451,467,20,9,3,10,10
3155,1354,540,477,25,15,3,10,10
3155,1354,581,628,25,25,3,10,10
3155,1354,669,555,25,15,3,10,10
3155,1354,737,551,30,18,3,10,10
3155,1354,693,598,25,20,3,10,10
3155,1354,803,628,25,20,3,10,10
3155,1354,687,659,30,25,3,10,10
3155,1354,670,681,20,14,3,10,10
3155,1354,589,763,25,19,3,10,10
3155,1354,669,629,25,20,3,10,10
3155,1354,622,535,30,18,3,10,10
3155,1354,762,671,25,18,3,10,10
3155,1354,651,572,25,18,3,10,10
3155,1354,861,712,20,25,3,10,10
3155,1354,618,794,30,25,3,10,10
3155,1354,607,551,25,15,3,10,10
3155,1354,608,680,20,12,3,10,10
3155,1354,826,605,25,20,3,10,10
3155,1354,847,586,20,13,3,10,10
3155,1354,658,841,25,20,3,10,10
3155,1354,728,704,25,12,3,10,10
3155,1354,608,742,25,14,3,10,10
3155,1354,469,674,25,15,3,10,10
3155,1354,356,563,25,13,3,10,10
3155,1354,720,491,25,18,3,10,10
3155,1354,923,649,20,20,3,10,10
3156,1354,188,333,30,30,1,43200,30
3155,1354,205,393,15,15,3,10,10
3155,1354,696,813,25,15,3,10,10
3155,1354,505,285,25,20,3,10,10
3155,1354,462,328,25,20,3,10,10
3155,1354,536,383,25,20,3,10,10
3155,1354,694,851,25,20,3,10,10
3155,1354,506,648,25,20,3,10,10
3155,1354,897,623,18,15,3,10,10
3155,1354,862,634,20,25,3,10,10
3155,1354,862,583,12,10,3,10,10
3155,1354,825,622,12,10,3,10,10
3155,1354,790,654,20,10,3,10,10
3155,1354,752,694,20,12,3,10,10
3155,1354,720,725,20,12,3,10,10
3155,1354,703,748,20,12,3,10,10
3155,1354,714,756,12,20,3,10,10
3155,1354,733,775,12,20,3,10,10
3155,1354,785,661,20,12,3,10,10
3155,1354,861,586,12,12,3,10,10
3155,1354,867,637,20,20,3,10,10
3155,1354,14,288,20,20,3,10,10
3155,1354,89,224,12,20,3,10,10
3155,1354,122,287,22,20,3,10,10
3155,1354,115,307,10,12,3,10,10
3155,1354,143,328,12,20,3,10,10
3155,1354,110,396,25,12,3,10,10
3155,1354,127,377,25,12,3,10,10
3155,1354,147,250,12,12,3,10,10
3155,1354,180,220,12,12,3,10,10
3155,1354,157,177,25,10,3,10,10
3155,1354,138,396,25,20,3,10,10
3155,1354,175,390,12,12,3,10,10
3155,1354,178,414,12,10,3,10,10
3155,1354,160,438,12,10,3,10,10
3155,1354,182,253,12,10,3,10,10
3155,1354,181,280,12,10,3,10,10
3155,1354,222,309,20,10,3,10,10
3155,1354,262,312,12,10,3,10,10
3155,1354,258,342,20,18,3,10,10
3155,1354,243,386,12,18,3,10,10
3155,1354,262,400,18,18,3,10,10
3155,1354,294,369,25,12,3,10,10
3155,1354,322,343,12,12,3,10,10
3155,1354,343,368,10,10,3,10,10
3155,1354,314,281,20,12,3,10,10
3155,1354,296,301,12,20,3,10,10
3155,1354,267,267,20,20,3,10,10
3155,1354,319,342,20,10,3,10,10
3155,1354,291,370,12,10,3,10,10
3155,1354,261,398,20,20,3,10,10
3155,1354,253,342,25,15,3,10,10
3155,1354,259,333,12,12,3,10,10
3155,1354,258,307,6,6,3,10,10
3155,1354,343,292,18,12,3,10,10
3155,1354,220,311,18,20,3,10,10
3155,1354,182,280,12,10,3,10,10
3155,1354,198,293,12,12,3,10,10
3155,1354,180,252,10,12,3,10,10
3155,1354,160,253,12,12,3,10,10
3155,1354,132,201,12,10,3,10,10
3155,1354,103,196,20,15,3,10,10
3155,1354,80,222,12,12,3,10,10
3155,1354,66,264,12,12,3,10,10
3155,1354,51,282,12,10,3,10,10
3155,1354,23,298,20,24,3,10,10
3155,1354,181,280,12,12,3,10,10
3155,1354,237,164,25,25,3,10,10
3155,1354,209,133,25,25,3,10,10
3155,1354,178,156,25,12,3,10,10
3155,1354,149,190,25,12,3,10,10
3155,1354,168,206,12,30,3,10,10
3155,1354,111,296,25,16,3,10,10
3155,1354,111,358,30,16,3,10,10
3155,1354,85,324,30,25,3,10,10
3155,1354,67,340,30,36,3,10,10
3155,1354,115,353,30,36,3,10,10
3155,1354,102,368,30,36,3,10,10
3155,1354,203,388,24,20,3,10,10
3155,1354,204,458,30,20,3,10,10
3155,1354,172,362,25,20,3,10,10
3155,1354,191,340,25,20,3,10,10
3155,1354,158,310,20,10,3,10,10
3155,1354,110,294,40,24,3,10,10
3155,1354,125,287,30,10,3,10,10
3155,1354,157,233,30,30,3,10,10
3155,1354,87,210,30,20,3,10,10
3155,1354,59,242,30,10,3,10,10
3155,1354,27,273,30,10,3,10,10
2093,1013,29,26,60,70,3,1,25
2093,1015,265,95,80,80,3,8,24
2140,1011,32,370,15,15,6,1,12
2140,1011,26,391,15,15,6,1,12
2140,1011,55,328,15,15,6,1,12
2140,1011,40,362,15,15,6,1,12
2140,1011,55,332,0,0,0,0,0
2141,1011,99,430,0,0,0,0,0
2142,1011,99,430,0,0,0,0,0
2143,1020,713,678,171,144,5,1,18
2147,1020,795,471,0,0,0,0,0
2148,1021,795,471,0,0,0,0,0
2146,1778,29,26,60,70,15,8,15
2149,1020,879,562,0,0,0,0,0
2143,1020,866,552,100,100,15,10,15
900,700,38,38,1,1,1,10,1
900,700,62,39,1,1,1,10,1
900,700,62,62,1,1,1,10,1
900,700,40,63,1,1,1,10,1
13,1766,531,472,224,142,2,1,100
13,1766,491,473,124,142,2,1,50
13,1766,368,349,224,142,2,1,50
13,1766,406,446,224,142,2,1,50
13,1766,255,246,224,142,2,1,50
13,1766,129,113,224,142,2,1,50
2150,1780,156,217,101,144,1,1,40
2153,1779,148,192,101,144,1,1,50
2154,1779,159,234,101,144,1,1,50
2155,1780,159,234,101,144,1,1,40
2154,1779,167,235,101,144,1,1,50
2150,1780,179,214,101,144,1,1,40
2155,1780,156,217,101,144,1,1,50
2153,1779,86,176,101,144,5,1,30
2154,1779,86,176,101,144,5,1,30
2153,1779,151,90,101,144,5,1,20
2150,1780,86,176,41,44,5,1,20
2155,1780,147,160,101,144,2,1,50
2155,1780,151,90,59,44,5,1,20
3199,1364,251,146,130,220,15,1,40
3198,1364,148,202,200,130,15,1,40
3197,1364,168,86,290,280,8,1,15
3196,1364,77,175,260,400,15,1,25
3195,1364,345,327,155,100,15,1,40
3193,1364,310,358,180,158,15,1,22
3192,1364,431,248,120,150,8,1,15
3194,1364,457,447,100,100,15,1,40
3193,1364,446,434,120,100,15,1,25
3192,1364,338,513,210,150,15,1,15
900,1364,658,423,1,1,1,10,1
900,1364,658,416,1,1,1,10,1
3191,1363,384,249,100,180,15,1,40
3190,1363,279,336,100,120,15,1,40
3189,1363,328,240,250,160,8,1,15
3188,1363,266,237,200,220,15,1,15
3187,1363,225,67,70,50,15,1,40
3185,1363,267,65,100,120,15,1,40
3184,1363,142,107,280,107,15,1,15
3186,1363,58,254,50,40,15,1,40
3185,1363,85,249,50,40,15,1,15
3184,1363,42,215,64,200,8,1,22
900,1363,12,245,1,1,1,10,1
900,1363,12,239,1,1,1,10,1
3182,1362,408,307,50,50,15,1,40
3183,1362,299,181,120,111,15,1,40
3182,1362,253,111,50,70,15,1,40
3181,1362,254,109,420,150,15,1,40
3180,1362,304,161,270,120,15,1,15
3183,1362,148,245,75,71,15,1,40
3182,1362,213,328,80,80,15,1,40
3182,1362,60,152,85,80,15,1,40
3181,1362,225,287,70,107,8,1,15
3180,1362,77,137,100,350,15,1,22
3178,1362,503,357,40,40,15,1,40
3177,1362,497,352,50,50,15,1,15
3179,1362,472,430,39,40,15,1,40
3176,1362,464,424,50,54,15,1,15
3179,1362,359,403,70,120,15,1,40
3176,1362,398,454,50,150,15,1,22
3177,1362,297,375,110,225,15,1,15
3178,1362,546,442,100,90,15,1,40
3176,1362,539,434,100,90,15,1,18
900,1362,664,488,1,1,1,10,1
900,1362,664,494,1,1,1,10,1
3170,1361,411,201,120,50,8,1,40
3169,1361,394,186,220,60,8,1,20
3168,1361,358,178,142,70,8,1,22
3174,1361,252,74,190,80,8,1,40
3173,1361,217,30,180,120,8,1,15
3172,1361,200,47,220,80,8,1,22
3175,1361,243,235,70,100,8,1,40
3174,1361,138,233,100,120,8,1,40
3173,1361,107,163,110,250,8,1,20
3172,1361,53,201,120,260,8,1,15
3171,1361,327,286,65,80,15,1,40
3162,1360,143,175,200,150,50,1,40
2161,1785,94,124,1,1,1,60,1
2166,1785,76,61,1,1,1,60,1
2159,1786,111,124,1,1,1,60,1
3161,1360,51,106,300,300,50,1,15
3160,1360,140,129,260,150,50,1,15
900,1360,10,193,1,1,1,10,1
900,1360,10,187,1,1,1,10,1
900,1361,295,541,1,1,1,10,1
900,1361,299,539,1,1,1,10,1
3168,1361,226,335,174,120,8,1,20
3169,1361,236,311,164,99,8,1,15
3170,1361,250,337,110,80,15,1,40
3163,1360,190,83,110,200,50,1,40
3164,1360,256,306,200,200,50,1,22
3646,1700,337,341,30,30,0,300,30
3645,2204,40,40,1,1,1,3600,1
3644,7002,138,149,1,1,1,7200,1
3635,1700,717,738,30,30,0,300,30
3634,1700,925,934,30,30,0,300,30
3633,1700,886,443,30,30,0,300,30
3632,1700,447,875,30,30,0,300,30
3609,1700,336,321,30,30,3,90,10
3613,1700,303,356,30,30,3,90,10
3629,1700,272,419,30,30,3,90,10
3625,1700,233,384,30,30,3,90,10
3621,1700,407,286,30,30,3,90,10
3617,1700,369,246,30,30,3,90,10
3629,1700,723,751,40,40,3,90,10
3625,1700,713,645,70,70,3,90,10
3625,1700,633,707,70,70,3,90,10
3621,1700,899,469,50,50,3,90,10
3617,1700,835,416,50,50,3,90,10
3613,1700,465,902,50,50,3,90,10
3609,1700,383,843,50,50,3,90,10
3605,1700,914,874,30,30,3,90,10
3601,1700,866,916,30,30,3,90,10
3631,1700,568,147,0,0,1,900,1
3630,1700,498,117,5,50,2,300,5
3629,1700,523,177,70,7,3,90,7
3629,1700,523,147,70,7,3,90,7
3628,1700,515,154,50,20,5,60,10
3628,1700,583,147,20,50,5,60,10
3628,1700,530,96,20,50,5,60,10
3628,1700,500,96,20,50,5,60,10
3628,1700,493,96,20,50,5,60,10
3627,1700,608,297,0,0,1,900,1
3626,1700,583,287,50,5,2,300,5
3625,1700,603,299,70,7,3,90,7
3625,1700,520,299,70,7,3,90,7
3624,1700,583,237,50,20,5,60,10
3624,1700,533,237,50,20,5,60,10
3624,1700,520,327,50,20,5,60,10
3624,1700,580,327,50,20,5,60,10
3624,1700,640,327,50,20,5,60,10
3623,1700,569,492,0,0,1,900,1
3622,1700,586,472,5,50,2,300,5
3621,1700,641,462,7,70,3,90,7
3621,1700,529,462,7,70,3,90,7
3620,1700,489,462,20,50,5,60,10
3620,1700,551,472,20,50,5,60,10
3620,1700,606,462,20,50,5,60,10
3620,1700,663,507,50,20,5,60,10
3620,1700,663,467,50,20,5,60,10
3619,1700,1071,709,0,0,1,900,1
3618,1700,1064,699,50,5,2,300,5
3617,1700,1049,643,7,70,3,90,7
3617,1700,1010,670,7,70,3,90,7
3616,1700,1010,612,20,50,5,60,10
3616,1700,954,734,50,20,5,60,10
3616,1700,954,710,50,20,5,60,10
3616,1700,955,641,50,20,5,60,10
3616,1700,955,612,50,20,5,60,10
3615,1700,749,1039,0,0,1,900,1
3614,1700,746,1028,50,5,2,300,5
3613,1700,721,1012,7,70,3,90,7
3613,1700,689,1008,7,70,3,90,7
3612,1700,688,950,20,50,5,60,10
3612,1700,615,1087,50,20,5,60,10
3612,1700,614,1061,50,20,5,60,10
3612,1700,612,984,50,20,5,60,10
3612,1700,612,955,50,20,5,60,10
3611,1700,465,596,0,0,1,900,1
3610,1700,445,613,50,5,2,300,5
3609,1700,435,668,70,7,3,90,7
3609,1700,435,556,70,7,3,90,7
3608,1700,435,516,50,20,5,60,10
3608,1700,445,578,50,20,5,60,10
3608,1700,445,633,50,20,5,60,10
3608,1700,480,690,20,50,5,60,10
3608,1700,440,690,20,50,5,60,10
3607,1700,270,635,0,0,1,900,1
3606,1700,260,610,5,50,2,300,5
3605,1700,272,630,7,70,3,90,7
3605,1700,272,547,7,70,3,90,7
3604,1700,210,610,20,50,5,60,10
3601,1700,150,550,7,70,3,90,7
3601,1700,120,550,7,70,3,90,7
3600,1700,127,542,20,50,5,60,10
3600,1700,69,565,50,20,5,60,10
3600,1700,69,505,50,20,5,60,10
3166,1360,336,363,100,120,50,1,40
3600,1700,120,615,50,20,5,60,10
3600,1700,69,535,50,20,5,60,10
3165,1360,322,262,200,190,50,1,25
3167,1360,394,311,100,120,50,1,40
3602,1700,90,505,50,5,2,300,5
3603,1700,120,595,0,0,1,900,1
3604,1700,300,667,20,50,5,60,10
3604,1700,210,560,20,50,5,60,10
3604,1700,300,547,20,50,5,60,10
3604,1700,300,607,20,50,5,60,10
5058,4025,128,122,40,40,0,60,80
5060,4024,407,362,10,10,1,9,5
5060,4024,348,271,10,10,1,9,5
5060,4024,267,279,10,10,1,9,5
5060,4024,252,406,10,10,1,9,5
5060,4024,155,460,10,10,1,9,5
5060,4024,119,314,10,10,1,9,5
5060,4024,223,210,10,10,1,9,5
5060,4024,326,111,10,10,1,9,5
5060,4024,493,210,10,10,1,9,5
5060,4024,500,380,10,10,1,9,5
5060,4024,348,474,10,10,1,9,5
5060,4024,254,574,10,10,1,9,5
5055,4023,407,362,10,10,1,9,5
5055,4023,348,271,10,10,1,9,5
5055,4023,267,279,10,10,1,9,5
5055,4023,252,406,10,10,1,9,5
5055,4023,155,460,10,10,1,9,5
5055,4023,119,314,10,10,1,9,5
5055,4023,223,210,10,10,1,9,5
5055,4023,326,111,10,10,1,9,5
5055,4023,493,210,10,10,1,9,5
5055,4023,500,380,10,10,1,9,5
5055,4023,348,474,10,10,1,9,5
5055,4023,254,574,10,10,1,9,5
5056,4022,160,75,100,245,40,10,22
5053,2207,51,52,50,74,30,1,17
5054,4022,160,75,100,245,30,1,22
5057,4022,160,75,100,245,40,1,16
5056,4022,55,155,300,110,40,10,22
5053,4022,55,155,300,110,30,3,17
5054,4022,55,155,300,110,40,1,22
5057,4022,55,155,300,110,40,1,16
5051,4021,257,74,10,120,1,15,25
5050,4021,257,74,10,120,10,3,10
5046,4021,89,168,400,170,80,1,15
5050,4021,89,168,400,170,60,1,17
5051,4021,89,168,400,170,15,1,40
5045,4021,174,338,220,85,40,1,15
5049,4021,174,338,220,85,30,1,17
5045,4021,271,423,60,90,20,1,15
5049,4021,271,423,60,90,15,1,17
5045,4021,257,74,10,120,10,1,8
5046,4021,257,74,10,120,10,1,8
5049,4021,257,74,10,120,10,3,10
1,1002,434,443,13,20,4,1,10
3553,1553,23,21,16,12,1,600,12
3552,1552,23,21,16,12,1,600,12
3551,1551,23,21,16,12,1,600,12
3550,1550,23,21,16,12,1,600,12
3526,1000,652,606,30,30,1,600,30
3526,1000,563,733,30,30,1,600,30
3526,1000,702,774,30,30,1,600,30
7006,1038,86,78,50,50,0,1,2
3137,1020,401,592,50,50,0,1,2
3136,1020,399,593,50,50,0,1,2
3135,1020,398,590,50,50,0,1,2
3134,1020,396,588,50,50,0,1,2
3133,1011,665,779,50,50,0,1,2
3132,1011,662,777,50,50,0,1,2
3131,1011,662,775,50,50,0,1,2
2178,1786,59,76,1,1,1,60,1
2163,1787,63,70,1,1,1,120,1
2162,1787,44,67,1,1,1,120,1
2162,1787,45,68,1,1,1,120,1
2179,1000,166,226,50,50,10,60,12
2158,1783,33,33,50,50,10,6,15
2164,1782,33,33,50,50,10,90,15
2165,1782,55,55,1,1,1,90,1
2157,1015,561,797,1,1,1,600,1
2180,1785,60,54,30,30,10,60,15
2180,1785,77,111,30,30,10,60,15
2180,1786,93,109,30,30,10,60,15
2180,1786,42,62,30,30,10,60,15
2180,1787,36,54,30,30,10,60,15
2179,1000,171,231,50,50,10,60,12
2179,1000,161,222,50,50,10,60,12
2167,1794,68,87,25,25,1,6,10
2167,1794,111,81,25,25,1,6,10
2167,1794,126,119,25,25,1,6,10
2169,1011,789,460,10,10,0,0,1
2171,1015,734,774,10,10,0,0,1
2172,1791,62,56,10,10,0,0,1
2173,1791,62,56,20,20,0,0,1
2170,1792,45,95,20,20,0,0,1
2169,1792,45,95,20,20,0,0,1
2168,1794,110,99,80,80,0,0,1
1,1002,373,425,70,70,7,1,10
1,1002,504,428,40,60,3,1,30
17,1061,417,216,0,0,1,5,1
900,1511,36,59,1,1,1,10,1
900,1511,42,36,1,1,1,10,1
900,1511,61,59,1,1,1,10,1
900,1511,63,42,1,1,1,10,1
17,1061,412,210,0,0,1,5,1
17,1061,404,202,0,0,1,5,1
17,1061,389,192,0,0,1,5,1
17,1061,392,184,0,0,1,5,1
17,1061,387,179,0,0,1,5,1
17,1061,376,174,0,0,1,5,1
2094,1217,559,504,60,60,3,5,22
2094,1217,559,416,60,60,3,5,22
2094,1217,612,417,60,60,3,5,22
2094,1217,680,411,60,60,3,5,22
2094,1217,559,504,60,60,3,5,22
2094,1217,601,336,60,60,3,5,22
2094,1217,530,261,60,60,3,5,22
2095,1217,319,89,60,60,2,5,22
2095,1217,310,159,60,60,2,5,22
2095,1217,278,229,60,60,2,5,22
2095,1217,319,89,60,60,2,5,22
2095,1217,229,272,60,60,2,5,22
2095,1217,305,315,60,60,2,5,22
2095,1217,398,336,60,60,2,5,22
2095,1217,308,405,60,60,2,5,22
2095,1217,138,423,60,60,2,5,22
2095,1217,233,438,60,60,2,5,22
5059,2207,220,240,50,50,0,1,3
3634,2207,211,240,50,50,0,1,3
9030,1700,278,652,0,0,1,1800,1
9031,1700,289,440,50,50,0,1,1
9033,1700,435,888,0,0,1,1800,1
9034,1700,663,1004,0,0,1,1800,1
9035,1700,623,234,0,0,1,1800,1
9036,1700,841,452,0,0,1,1800,1
9037,1700,688,509,0,0,1,1800,1
9038,1700,983,665,0,0,1,1800,1
9032,1700,882,928,0,0,1,1800,1
1,1002,416,460,130,30,35,1,40
1,1002,428,459,100,30,25,1,30
2,1002,552,489,255,100,35,1,45
3,1002,418,682,200,100,35,1,45
4,1002,242,558,140,90,35,1,45
5,1002,98,325,90,175,40,1,45
10,1020,608,556,171,144,45,1,55
11,1020,412,230,198,211,45,1,55
12,1020,200,177,150,169,45,1,55
13,1020,232,460,224,142,45,1,55
5046,2207,212,227,212,227,25,15,15
15,1000,776,561,110,110,60,1,75
15,1000,504,333,170,140,60,1,75
16,1000,250,134,145,280,60,1,75
17,1000,122,269,108,150,60,1,75
18,1015,804,564,80,80,45,1,55
18,1015,780,700,80,80,45,1,55
18,1015,820,700,80,80,45,1,55
18,1015,790,620,80,80,45,1,55
18,1015,790,520,80,80,45,1,55
18,1015,717,636,100,90,45,1,55
19,1015,263,103,96,42,45,1,55
19,1015,456,681,90,100,45,1,55
20,1001,309,597,44,51,5,1,11
20,1001,257,549,40,63,5,1,11
20,1001,207,518,40,30,5,1,11
20,1001,317,514,25,26,5,1,11
20,1001,241,473,62,55,5,1,11
20,1001,362,605,36,30,5,1,11
55,1015,362,469,192,117,25,1,15
55,1015,326,313,80,80,50,1,50
55,1015,400,410,80,80,50,1,50
55,1015,335,329,96,70,25,1,15
56,1001,388,371,40,24,20,1,15
56,1001,220,347,38,24,20,1,15
56,1001,347,378,30,26,20,1,15
56,1001,253,304,70,53,20,1,15
56,1001,329,343,26,25,20,1,15
56,1001,320,425,90,64,20,1,15
57,1001,162,319,65,60,20,1,15
57,1001,52,323,35,25,20,1,15
57,1001,85,279,70,40,20,1,15
57,1001,101,353,40,63,20,1,15
57,1001,153,401,90,63,20,1,15
58,1001,232,175,37,24,20,1,15
58,1001,333,253,90,63,20,1,15
58,1001,342,171,46,60,20,1,15
58,1001,265,131,67,41,20,1,15
58,1001,276,196,45,72,20,1,15
900,1002,61,460,1,1,1,10,1
900,1002,55,396,1,1,1,10,1
900,1000,975,673,1,1,1,10,1
900,1011,10,383,1,1,1,10,1
900,1020,381,10,1,1,1,10,1
64,1002,98,325,90,175,10,1,39
65,1011,317,77,150,50,5,1,39
2418,7007,126,293,126,293,55,1,65
66,1011,107,286,180,100,10,1,39
67,1011,538,272,110,250,17,1,39
68,1011,532,768,100,60,4,1,33
68,1011,673,638,100,70,4,1,39
69,1020,608,556,171,144,15,1,39
70,1020,412,230,198,211,25,1,39
71,1020,200,177,150,169,15,1,39
72,1020,232,460,224,142,19,1,39
73,1000,565,556,180,210,15,1,39
74,1000,776,561,110,110,7,1,39
74,1000,504,333,170,140,15,1,39
75,1000,250,134,145,280,25,1,39
76,1000,122,269,108,150,10,1,39
77,1015,812,548,44,174,5,1,39
77,1015,662,665,138,79,7,1,39
78,1015,451,676,93,117,7,1,18
78,1015,263,103,96,42,3,1,18
80,1001,309,597,44,51,3,1,39
80,1001,257,549,40,63,3,1,39
80,1001,207,518,40,30,2,1,39
80,1001,317,514,25,26,1,1,39
80,1001,241,473,62,55,3,1,39
80,1001,362,605,36,30,2,1,39
79,1015,362,469,192,117,13,1,39
79,1015,335,329,96,70,4,1,39
81,1001,388,371,40,24,2,1,39
81,1001,220,347,38,24,2,1,39
81,1001,347,378,30,26,2,1,39
81,1001,253,304,70,53,5,1,39
81,1001,329,343,26,25,1,1,39
81,1001,320,425,90,64,6,1,39
82,1001,162,319,65,60,5,1,39
82,1001,52,323,35,25,2,1,39
82,1001,85,279,70,40,5,1,39
82,1001,101,353,40,63,4,1,39
82,1001,153,401,90,63,6,1,39
83,1001,342,171,46,60,4,1,39
83,1001,265,131,67,41,4,1,39
83,1001,276,196,45,72,5,1,39
83,1001,232,175,37,24,2,1,39
83,1001,333,253,90,63,6,1,39
900,1000,501,647,1,1,1,10,1
900,1000,492,626,1,1,1,10,1
900,1007,16,27,1,1,1,10,1
900,1008,17,21,1,1,1,10,1
900,1009,17,21,1,1,1,10,1
900,1002,413,386,1,1,1,10,1
900,1001,311,645,1,1,1,10,1
900,1011,197,230,1,1,1,10,1
900,1011,235,246,1,1,1,10,1
900,1000,476,642,1,1,1,10,1
900,1002,412,371,1,1,1,10,1
900,1015,761,544,1,1,1,10,1
900,1015,756,566,1,1,1,10,1
900,1015,716,542,1,1,1,10,1
900,1015,713,543,1,1,1,10,1
900,1020,570,542,1,1,1,10,1
900,1020,548,548,1,1,1,10,1
900,1002,413,353,1,1,1,10,1
900,1011,190,261,1,1,1,10,1
900,1020,561,561,1,1,1,10,1
900,1002,463,332,1,1,1,10,1
910,1002,469,331,1,1,1,3,1
910,1002,406,392,1,1,1,3,1
910,1002,440,333,1,1,1,3,1
21,1002,388,444,100,30,1,3600,113
22,1002,552,474,255,100,1,3600,263
23,1002,418,682,200,100,1,3600,213
24,1002,242,558,140,90,1,3600,153
25,1002,98,325,90,175,1,3600,183
32,1000,250,134,145,280,1,3600,293
33,1000,122,269,108,150,1,3600,163
35,1000,320,425,90,64,1,3600,103
37,1000,432,392,45,72,1,3600,83
38,1015,501,277,90,65,1,3600,103
39,1015,433,155,70,54,1,3600,83
40,1015,153,401,90,63,1,3600,103
51,1021,26,30,30,30,2,1,18
59,1003,26,30,30,30,2,1,18
84,1015,114,312,95,45,3,1,18
84,1015,101,288,95,80,50,1,50
84,1015,150,320,95,80,50,1,50
84,1015,160,368,95,80,50,1,50
84,1015,101,288,95,80,50,1,50
84,1015,293,559,56,37,2,1,18
84,1015,282,540,56,50,20,1,20
86,1001,264,368,45,72,5,1,11
86,1001,421,327,68,41,5,1,11
86,1001,433,155,70,54,5,1,11
86,1001,510,196,45,56,5,1,11
86,1001,489,449,90,60,5,1,11
88,1001,498,367,46,60,5,1,11
88,1001,501,277,90,65,5,1,11
88,1001,432,392,45,72,5,1,11
88,1001,400,199,37,24,5,1,11
88,1001,444,220,55,72,5,1,11
85,1015,114,312,95,45,3,1,33
85,1015,293,559,56,37,2,1,23
87,1001,264,368,45,72,5,1,33
87,1001,421,327,68,41,3,1,33
87,1001,433,155,70,54,5,1,33
87,1001,510,196,45,56,3,1,33
87,1001,489,449,90,60,6,1,43
89,1001,498,367,46,60,3,1,33
89,1001,501,277,90,65,6,1,43
89,1001,432,392,45,72,4,1,33
89,1001,400,199,37,24,2,1,18
89,1001,444,220,55,72,5,1,33
900,1000,81,325,1,1,1,10,1
900,1002,962,562,1,1,1,10,1
900,1020,376,14,1,1,1,10,1
900,1011,9,374,1,1,1,10,1
900,1000,81,316,1,1,1,10,1
900,1000,973,664,1,1,1,10,1
900,1002,53,396,1,1,1,10,1
900,1002,551,959,1,1,1,10,1
900,1002,61,468,1,1,1,10,1
900,1002,960,552,1,1,1,10,1
900,1002,560,962,1,1,1,10,1
900,1002,225,192,1,1,1,10,1
900,1002,230,197,1,1,1,10,1
900,1015,1010,706,1,1,1,10,1
900,1015,1013,704,1,1,1,10,1
900,1002,455,383,1,1,1,5,1
900,1002,444,395,1,1,1,5,1
900,1002,434,395,1,1,1,4,1
900,1002,509,352,1,1,1,5,1
93,1001,333,253,90,63,1,3600,103
92,1001,153,401,90,63,1,3600,103
91,1001,320,425,90,64,1,3600,103
90,1015,362,469,192,117,1,3600,203
40,1015,298,454,15,15,1,3600,15
39,1015,451,676,93,117,1,3600,123
38,1015,662,665,138,79,1,3600,153
37,1000,122,269,108,150,1,3600,163
36,1000,250,134,145,280,1,3600,293
35,1000,504,333,170,140,1,3600,183
34,1000,565,556,180,210,1,3600,223
33,1020,232,460,224,142,1,3600,243
31,1020,412,230,198,211,1,3600,223
30,1020,608,556,171,144,1,3600,183
29,1011,673,638,100,70,1,3600,113
28,1011,538,272,110,250,1,3600,263
27,1011,328,227,200,300,1,3600,313
26,1011,317,77,150,50,1,3600,163
25,1002,98,325,90,175,1,3600,183
24,1002,242,558,140,90,1,3600,153
23,1002,418,682,200,100,1,3600,213
22,1002,552,474,255,100,1,3600,263
21,1002,516,311,266,249,1,3600,273
900,1005,539,695,1,1,1,10,1
106,1025,55,57,113,61,1,60,18
106,1025,55,118,113,51,1,60,18
106,1025,23,75,40,22,1,60,18
107,1026,39,35,53,40,1,60,18
107,1026,107,98,90,46,1,60,18
107,1026,107,144,90,51,1,60,18
108,1027,52,34,92,74,1,60,18
108,1027,143,114,47,77,1,60,18
105,1028,22,67,72,32,1,60,18
105,1028,66,29,94,125,1,60,18
105,1028,114,166,1,1,1,5,1
900,1002,455,373,1,1,1,5,1
900,1001,317,643,1,1,1,10,1
55,1014,28,90,49,36,3,1,13
55,1014,80,51,37,47,3,1,13
20,1016,29,36,49,32,3,1,13
20,1016,59,23,30,43,3,1,13
3001,1040,389,561,4,4,2,10,2
3000,1040,365,585,4,4,2,10,2
3002,1040,413,537,4,4,2,10,2
3003,1040,437,513,4,4,2,10,2
3004,1040,461,489,4,4,2,10,2
3009,1040,317,537,4,4,2,10,2
3008,1040,341,513,4,4,2,10,2
3007,1040,365,489,4,4,2,10,2
3006,1040,389,465,4,4,2,10,2
3005,1040,413,441,4,4,2,10,2
3010,1040,365,393,4,4,2,10,2
3011,1040,341,417,4,4,2,10,2
3012,1040,317,441,4,4,2,10,2
3013,1040,293,465,4,4,2,10,2
3014,1040,269,489,4,4,2,10,2
3015,1040,317,345,4,4,2,10,2
3020,1040,173,393,4,4,2,10,2
3019,1040,221,441,4,4,2,10,2
3018,1040,245,417,4,4,2,10,2
3017,1040,269,393,4,4,2,10,2
3016,1040,293,369,4,4,2,10,2
3024,1040,269,297,4,4,2,10,2
3023,1040,245,321,4,4,2,10,2
3022,1040,221,345,4,4,2,10,2
3021,1040,197,369,4,4,2,10,2
6000,1043,22,56,81,44,3,8,20
6000,1043,50,16,27,34,3,10,20
6000,1043,106,57,36,37,3,10,20
6000,1043,106,100,20,63,3,10,20
6000,1043,129,104,57,90,3,8,20
6000,1043,61,104,39,33,3,10,20
6001,1044,22,56,81,44,3,8,20
6001,1044,50,16,27,34,3,10,20
6001,1044,106,57,36,37,3,10,20
6001,1044,106,100,20,63,3,10,20
6001,1044,129,104,57,90,3,8,20
6001,1044,61,104,39,33,3,10,20
6002,1045,22,56,81,44,3,8,20
6002,1045,50,16,27,34,3,10,20
6002,1045,106,57,36,37,3,10,20
6002,1045,106,100,20,63,3,10,20
6002,1045,129,104,57,90,3,8,20
6002,1045,61,104,39,33,3,10,20
6003,1046,22,56,81,44,3,8,20
6003,1046,50,16,27,34,3,10,20
6003,1046,106,57,36,37,3,10,20
6003,1046,106,100,20,63,3,10,20
6003,1046,129,104,57,90,3,8,20
6003,1046,61,104,39,33,3,10,20
6004,1047,22,56,81,44,3,8,20
6004,1047,50,16,27,34,3,10,20
6004,1047,106,57,36,37,3,10,20
6004,1047,106,100,20,63,3,10,20
6004,1047,129,104,57,90,3,8,20
6004,1047,61,104,39,33,3,10,20
6005,1048,22,56,81,44,3,8,20
6005,1048,50,16,27,34,3,10,20
6005,1048,106,57,36,37,3,10,20
6005,1048,106,100,20,63,3,10,20
6005,1048,129,104,57,90,3,8,20
6005,1048,61,104,39,33,3,10,20
6006,1049,22,56,81,44,3,8,20
6006,1049,50,16,27,34,3,10,20
6006,1049,106,57,36,37,3,10,20
6006,1049,106,100,20,63,3,10,20
6006,1049,129,104,57,90,3,8,20
6006,1049,61,104,39,33,3,10,20
900,1002,425,353,1,1,1,5,1
900,1002,418,353,1,1,1,5,1
900,1011,241,248,1,1,1,5,1
2224,1015,493,473,40,40,0,0,10
2225,1015,302,558,35,35,0,0,10
2226,1015,405,426,50,50,2,15,18
2189,1001,728,676,1,1,1,60,1
2231,1001,89,280,20,20,3,1,10
2231,1001,97,343,20,20,3,1,10
2231,1001,184,384,20,20,3,1,10
2232,1001,186,359,1,1,1,10,1
2133,1770,18,18,40,200,5,10,40
2134,1771,18,18,40,200,5,10,40
2135,1772,18,18,40,200,5,10,40
3035,1730,18,18,80,80,4,40,40
3035,1731,18,18,80,80,4,40,40
3035,1732,18,18,80,80,4,40,40
3035,1733,18,18,80,80,4,40,40
2136,1773,18,18,40,200,5,10,40
2137,1774,18,18,40,200,5,10,40
2138,1775,18,18,40,200,5,10,40
2139,1777,18,18,40,200,5,10,40
18,1015,821,656,120,140,25,1,12
3032,1011,532,768,100,60,5,600,23
3031,1011,328,227,200,300,5,600,10
1,1002,513,395,90,100,7,1,12
1,1002,530,431,30,50,5,1,15
1,1002,525,300,175,140,5,1,12
2,1002,616,545,150,100,25,1,7
3,1002,418,682,100,100,25,1,7
4,1002,200,540,75,60,25,1,7
5,1002,100,310,110,90,25,1,7
64,1002,100,310,110,90,15,1,22
3031,1011,328,227,200,300,5,600,28
3032,1011,532,768,100,60,5,600,23
3035,1734,18,18,80,80,4,40,40
3035,1735,18,18,80,80,4,40,40
17,1061,357,153,0,0,1,5,1
17,1061,361,157,0,0,1,5,1
17,1061,366,164,0,0,1,5,1
17,1061,372,170,0,0,1,5,1
3050,1020,232,460,224,142,5,600,23
6011,1000,122,269,108,150,1,1800,153
6010,1011,353,717,50,50,1,1200,53
6016,1070,155,155,22,27,1,60,10
6015,1070,124,124,23,23,2,60,10
6016,1070,95,95,22,22,1,60,10
6015,1070,63,63,26,26,2,60,10
6017,1070,20,20,40,40,2,60,2
6018,1070,20,20,30,35,1,600,43
910,1011,204,272,1,1,1,1,1
910,1011,192,241,1,1,1,1,1
910,1011,223,227,1,1,1,1,1
3100,1063,326,331,0,0,1,5,2
3100,1063,326,344,0,0,1,5,2
3100,1063,326,374,0,0,1,5,2
3100,1063,336,383,0,0,1,5,2
3100,1063,362,372,0,0,1,5,2
3100,1063,376,375,0,0,1,5,2
3033,1000,250,134,145,280,5,600,23
10,1075,336,30,78,73,15,1,15
10,1075,304,55,29,48,5,1,15
10,1075,257,105,178,108,15,1,15
10,1075,257,217,188,79,15,1,15
10,1075,227,129,27,34,15,1,15
10,1075,196,166,59,47,10,1,15
10,1075,196,215,59,81,10,1,15
10,1075,172,182,22,114,15,1,15
10,1075,141,217,29,78,15,1,15
10,1075,94,243,45,51,15,1,15
11,1075,52,313,430,97,15,1,15
11,1075,20,337,29,47,10,1,15
11,1075,65,412,34,22,10,1,15
11,1075,101,414,32,46,10,1,15
11,1075,135,413,106,81,15,1,15
11,1075,115,462,18,16,10,1,15
11,1075,157,496,33,24,10,1,15
11,1075,192,496,49,55,10,1,15
11,1075,243,413,238,83,15,1,15
11,1075,243,498,248,104,15,1,15
11,1075,213,553,28,31,10,1,15
11,1075,262,604,38,21,10,1,15
11,1075,302,604,210,56,15,1,15
11,1075,310,665,202,9,15,1,15
11,1075,346,677,184,44,15,1,15
11,1075,383,723,31,35,10,1,15
11,1075,416,723,96,55,10,1,15
11,1075,514,723,20,157,15,1,15
11,1075,465,780,46,48,15,1,15
11,1075,431,780,32,20,10,1,15
11,1075,536,790,30,54,10,1,15
11,1075,536,846,37,54,10,1,15
11,1075,493,563,21,38,10,1,15
12,1075,516,285,141,109,15,1,15
12,1075,535,394,124,19,15,1,15
12,1075,563,489,96,60,15,1,15
12,1075,538,416,121,71,15,1,15
12,1075,662,440,138,116,15,1,15
12,1075,661,338,48,99,15,1,15
12,1075,711,385,40,52,15,1,15
12,1075,502,264,123,20,15,1,15
12,1075,498,220,86,42,15,1,15
12,1075,488,196,71,21,15,1,15
12,1075,485,161,34,32,15,1,15
12,1075,477,134,34,25,15,1,15
13,1075,634,900,36,76,15,1,15
13,1075,622,822,120,73,15,1,15
13,1075,601,706,224,109,15,1,15
13,1075,744,819,38,44,15,1,15
13,1075,576,560,321,141,15,1,15
13,1075,827,706,70,47,15,1,15
13,1075,827,755,28,31,10,1,15
13,1075,925,582,23,102,15,1,15
13,1075,950,614,33,41,15,1,15
3100,1063,402,364,0,0,1,5,2
3100,1063,416,367,0,0,1,5,2
17,1077,49,323,98,106,15,1,15
17,1077,153,227,105,156,15,1,15
17,1077,157,391,99,96,15,1,15
17,1077,191,180,64,40,15,1,15
17,1077,253,125,84,96,15,1,15
17,1077,260,225,134,136,15,1,15
17,1077,336,42,80,173,15,1,15
17,1077,417,123,78,83,15,1,15
17,1077,399,224,167,73,15,1,15
16,1077,501,324,116,102,15,1,15
17,1077,265,372,141,105,15,1,15
17,1077,267,480,140,80,15,1,15
16,1077,409,424,83,100,15,1,15
16,1077,412,530,80,122,15,1,15
16,1077,497,430,116,136,15,1,15
16,1077,497,572,105,156,15,1,15
16,1077,572,233,61,87,15,1,15
16,1077,619,324,106,110,15,1,15
16,1077,619,440,104,109,15,1,15
125,1077,618,555,103,145,10,1,20
14,1077,607,706,113,81,15,1,15
16,1077,729,407,74,138,15,1,15
16,1077,728,552,87,115,15,1,15
125,1077,726,673,84,121,10,1,20
14,1077,811,730,48,50,15,1,15
14,1077,817,646,91,82,15,1,15
14,1077,816,553,90,90,15,1,15
14,1077,913,621,48,57,15,1,15
14,1077,906,580,47,39,15,1,15
14,1077,964,619,20,36,15,1,15
16,1077,804,493,88,57,15,1,15
14,1077,667,787,39,34,15,1,15
14,1077,708,795,86,50,15,1,15
900,1002,436,436,1,1,1,3,1
900,1002,446,436,1,1,1,3,1
7,1076,51,319,200,100,5,10,13
911,1002,516,311,266,249,1,3,105
911,1002,552,474,255,100,1,3,91
911,1002,418,682,200,100,1,3,100
3100,1063,334,304,0,0,1,5,2
3100,1063,333,291,0,0,1,5,2
3100,1063,342,264,0,0,1,5,2
3100,1063,334,256,0,0,1,5,2
3100,1063,304,255,0,0,1,5,2
3100,1063,290,252,0,0,1,5,2
3100,1063,264,263,0,0,1,5,2
3100,1063,250,260,0,0,1,5,2
3100,1063,224,271,0,0,1,5,2
3100,1063,214,262,0,0,1,5,2
3100,1063,214,232,0,0,1,5,2
3100,1063,213,219,0,0,1,5,2
3100,1063,222,192,0,0,1,5,2
3100,1063,222,179,0,0,1,5,2
3100,1063,230,152,0,0,1,5,2
3100,1063,222,144,0,0,1,5,2
3100,1063,192,143,0,0,1,5,2
3100,1063,178,140,0,0,1,5,2
3100,1063,152,151,0,0,1,5,2
3100,1063,138,149,0,0,1,5,2
3100,1063,112,159,0,0,1,5,2
3100,1063,102,150,0,0,1,5,2
3101,1063,405,361,4,4,2,8,2
3101,1063,365,369,4,4,2,8,2
3101,1063,325,377,4,4,2,8,2
3101,1063,321,333,4,4,2,8,2
3101,1063,329,293,4,4,2,8,2
3101,1063,337,253,4,4,2,8,2
3101,1063,293,249,4,4,2,8,2
3101,1063,253,257,4,4,2,8,2
3101,1063,213,265,4,4,2,8,2
3101,1063,210,221,4,4,2,8,2
3101,1063,218,182,4,4,2,8,2
3101,1063,226,142,4,4,2,8,2
3101,1063,181,137,4,4,2,8,2
3101,1063,142,146,4,4,2,8,2
3101,1063,102,154,4,4,2,8,2
3103,1063,68,65,0,0,1,180,2
3103,1063,77,75,0,0,1,180,2
3103,1063,84,81,0,0,1,180,2
3103,1063,101,81,0,0,1,180,2
3103,1063,88,48,0,0,1,180,2
3103,1063,92,55,0,0,1,180,2
3103,1063,104,64,0,0,1,180,2
3103,1063,68,48,0,0,1,180,2
3102,1063,84,64,0,0,1,1800,2
7,1076,251,407,200,170,5,10,13
8,1076,448,320,290,175,5,10,13
6,1076,286,87,160,120,5,10,13
9,1076,800,617,87,130,5,10,13
9,1076,673,729,130,100,5,10,13
8100,1002,98,325,90,175,1,300,53
8105,1020,608,556,171,144,1,300,53
8106,1020,412,230,198,211,1,300,53
8107,1020,200,177,150,169,1,300,53
8108,1020,232,460,224,142,1,300,53
8109,1000,565,556,180,210,1,300,53
8110,1000,504,333,170,140,1,300,53
8111,1000,250,134,145,280,1,300,53
8112,1000,122,269,108,150,1,300,53
8113,1015,662,665,138,79,1,300,63
8114,1015,456,681,90,100,1,300,63
8116,1001,241,473,62,55,1,300,48
8115,1015,362,469,192,117,1,300,63
8117,1001,388,371,40,24,1,300,53
8118,1001,162,319,65,60,1,300,53
8119,1001,333,253,90,63,1,300,53
8200,1002,98,325,90,175,1,300,53
8205,1020,608,556,171,144,1,300,53
8206,1020,412,230,198,211,1,300,53
8207,1020,200,177,150,169,1,300,53
8208,1020,232,460,224,142,1,300,53
8209,1000,565,556,180,210,1,300,53
8210,1000,504,333,170,140,1,300,53
8211,1000,250,134,145,280,1,300,53
8212,1000,122,269,108,150,1,300,53
8213,1015,662,665,138,79,1,300,63
8214,1015,456,681,90,100,1,300,63
8216,1001,241,473,62,55,1,300,53
8215,1015,362,469,192,117,1,300,63
8217,1001,388,371,40,24,1,300,53
8218,1001,162,319,65,60,1,300,53
8219,1001,333,253,90,63,1,300,53
8300,1002,98,325,90,175,1,300,68
8305,1020,608,556,171,144,1,300,68
8306,1020,412,230,198,211,1,300,68
8307,1020,200,177,150,169,1,300,68
8308,1020,232,460,224,142,1,300,68
8309,1000,565,556,180,210,1,300,68
8310,1000,504,333,170,140,1,300,68
8311,1000,250,134,145,280,1,300,68
8312,1000,122,269,108,150,1,300,68
8313,1015,662,665,138,79,1,300,73
8314,1015,456,681,90,100,1,300,73
8316,1001,241,473,62,55,1,300,58
8315,1015,362,469,192,117,1,300,73
8317,1001,388,371,40,24,1,300,68
8318,1001,162,319,65,60,1,300,68
8319,1001,333,253,90,63,1,300,68
1405,1207,222,149,60,60,5,3,13
1404,1207,588,431,90,70,5,3,26
1404,1207,858,710,90,70,5,3,26
1404,1207,752,634,90,70,5,3,26
1404,1207,638,582,90,70,5,3,26
1404,1207,545,551,90,70,5,3,26
1404,1207,437,535,90,70,5,3,26
1404,1207,420,630,90,70,5,3,26
1404,1207,467,716,90,70,5,3,26
1404,1207,617,818,80,60,5,3,13
1404,1207,782,803,80,60,5,3,13
1403,1207,1088,1010,70,70,5,3,38
1403,1207,1092,919,70,70,5,3,38
1403,1207,1027,967,70,70,5,3,38
1403,1207,961,992,70,70,5,3,38
1403,1207,900,1047,70,70,5,3,38
1403,1207,883,1096,70,70,5,3,38
1402,1215,771,566,70,50,5,3,26
1402,1215,738,635,70,50,5,3,26
1402,1215,686,675,70,50,5,3,26
1402,1215,667,686,70,50,5,3,26
1402,1215,608,733,70,50,5,3,26
1402,1215,585,783,70,50,5,3,26
1402,1215,502,798,70,50,5,3,26
1401,1215,689,367,90,60,5,3,13
1401,1215,605,391,90,60,5,3,13
1401,1215,516,452,90,60,5,3,13
1401,1215,457,476,90,60,5,3,13
1401,1215,415,551,90,60,5,3,13
1400,1215,49,373,70,60,5,3,26
7000,1052,212,206,10,10,4,300,5
7001,1052,166,287,1,1,1,1,5
1401,1215,310,603,90,60,5,3,13
1400,1215,123,355,70,60,5,3,26
1401,1215,314,514,90,60,5,3,13
1400,1215,415,157,70,60,5,3,26
1400,1215,384,137,70,60,5,3,26
1400,1215,353,216,70,60,5,3,26
1400,1215,341,221,70,60,5,3,26
1400,1215,267,199,70,60,5,3,26
1400,1215,283,310,70,60,5,3,26
1400,1215,232,353,70,60,5,3,26
1400,1215,122,420,70,60,5,3,26
7002,1052,80,167,1,1,1,1,5
7003,1052,315,300,1,1,1,1,5
7004,1052,168,81,1,1,1,1,5
7005,1052,288,166,1,1,1,1,5
1405,1207,184,160,60,60,5,3,13
1405,1207,112,182,60,60,5,3,13
1405,1207,58,233,60,60,5,3,13
1405,1207,67,295,60,60,5,3,13
1405,1207,201,316,60,60,5,3,13
1405,1207,239,259,60,60,5,3,13
1406,1208,59,493,60,60,5,3,26
1406,1208,147,459,60,60,5,3,26
1406,1208,242,401,60,60,5,3,26
1406,1208,278,310,60,60,5,3,26
1406,1208,306,234,70,70,5,3,26
1406,1208,368,149,70,70,5,3,26
1406,1208,494,332,70,70,5,3,26
1406,1208,606,457,70,70,5,3,26
1406,1208,636,569,70,70,5,3,26
1406,1208,440,642,70,70,5,3,26
1407,1214,633,148,60,90,5,3,13
1407,1214,661,250,60,90,5,3,13
1407,1214,757,318,60,90,5,3,13
1407,1214,842,399,60,90,5,3,13
1407,1214,880,519,60,90,5,3,13
1407,1214,908,588,60,90,5,3,13
1408,1214,897,641,70,80,5,3,13
1408,1214,988,667,70,80,5,3,13
1408,1214,1084,658,70,80,5,3,13
1408,1214,1087,768,70,80,5,3,13
1408,1214,957,814,70,80,5,3,13
1408,1214,896,886,60,80,5,3,13
1408,1214,842,1020,60,80,5,3,13
1408,1214,889,947,60,80,5,3,13
1408,1214,868,1168,60,80,5,3,13
1408,1214,967,1150,60,80,5,3,13
1409,1214,657,1168,80,80,5,3,13
1409,1214,536,1161,80,80,5,3,13
1409,1214,476,1042,80,80,5,3,13
1409,1214,522,1007,80,80,5,3,13
1409,1214,591,994,80,80,5,3,13
1409,1214,570,903,80,80,5,3,13
1409,1214,449,866,80,80,5,3,13
1409,1214,365,847,80,80,5,3,13
1409,1214,657,1168,80,80,5,3,13
1409,1214,202,773,80,80,5,3,13
1410,1214,380,586,80,70,5,3,13
1410,1214,255,544,80,70,5,3,13
1410,1214,135,540,80,70,5,3,13
1410,1214,289,487,80,70,5,3,13
1410,1214,353,592,80,70,5,3,13
1410,1214,376,525,80,70,5,3,13
1410,1214,513,521,80,70,5,3,13
1410,1214,446,363,80,70,5,3,13
1410,1214,364,565,80,70,5,3,13
1410,1214,528,351,80,70,5,3,13
1411,1217,319,89,60,60,5,3,13
1411,1217,310,159,60,60,5,3,13
1411,1217,278,229,60,60,5,3,13
1411,1217,319,89,60,60,5,3,13
1411,1217,229,272,60,60,5,3,13
1411,1217,305,315,60,60,5,3,13
1411,1217,398,336,60,60,5,3,13
1411,1217,308,405,60,60,5,3,13
1411,1217,138,423,60,60,5,3,13
1411,1217,233,438,60,60,5,3,13
1412,1217,227,534,60,60,5,3,13
1412,1217,289,579,60,60,5,3,13
1412,1217,382,586,60,60,5,3,13
1412,1217,454,664,60,60,5,3,13
1412,1217,420,731,60,60,5,3,13
1412,1217,510,768,60,60,5,3,13
1413,1217,559,504,60,60,5,3,13
1413,1217,559,416,60,60,5,3,13
1413,1217,612,417,60,60,5,3,13
1413,1217,680,411,60,60,5,3,13
1413,1217,559,504,60,60,5,3,13
1413,1217,601,336,60,60,5,3,13
1413,1217,530,261,60,60,5,3,13
1414,1217,597,623,60,60,5,3,13
1414,1217,649,637,60,60,5,3,13
1414,1217,745,648,60,60,5,3,13
1414,1217,822,670,60,60,5,3,13
1414,1217,752,700,60,60,5,3,13
1414,1217,677,742,60,60,5,3,13
1414,1217,756,774,60,60,5,3,13
1414,1217,597,623,60,60,5,3,13
1414,1217,637,853,60,60,5,3,13
8415,1210,212,201,380,380,1,3600,303
8415,1210,466,538,150,150,1,3600,93
8415,1210,599,755,150,150,1,3600,93
8415,1210,446,301,150,150,1,3600,93
8416,1210,375,599,120,120,35,5,45
8416,1210,509,602,120,120,35,5,45
8416,1210,649,659,120,120,35,5,45
8416,1210,713,592,120,120,35,5,45
8416,1210,543,333,200,200,35,5,45
8416,1210,212,201,380,380,35,5,45
8416,1210,482,353,120,120,35,5,45
8416,1210,543,433,120,120,35,5,45
8415,1210,667,543,120,120,1,3600,133
8416,1210,779,585,120,120,35,5,45
8416,1210,706,658,120,120,35,5,45
8415,1210,557,671,120,120,1,3600,133
8416,1210,623,784,120,120,35,5,45
8415,1210,774,823,120,120,1,3600,133
8416,1210,427,624,120,120,35,5,45
8416,1210,247,482,120,120,35,3,45
8417,1211,749,488,100,100,10,100,26
8418,1211,669,533,100,100,10,100,46
8417,1211,611,603,100,100,10,100,26
8418,1211,520,680,100,100,10,100,46
8417,1211,481,698,100,100,10,100,26
8418,1211,545,592,100,100,10,100,46
8417,1211,654,536,100,100,10,100,26
8418,1211,651,598,100,100,10,100,46
8417,1211,509,554,100,100,10,100,26
8418,1211,301,386,100,100,3,100,46
8417,1211,256,439,100,100,3,100,26
8418,1211,174,450,100,100,3,100,46
8417,1211,230,569,100,100,3,100,26
8418,1211,309,634,100,100,3,100,46
8417,1211,415,753,100,100,3,100,26
8418,1211,512,753,100,100,3,100,46
8419,1212,915,1207,60,60,5,100,15
8419,1212,792,1064,60,60,5,100,15
8419,1212,835,1164,60,60,5,100,15
8419,1212,918,947,60,60,5,100,15
8419,1212,997,980,60,60,5,100,15
8419,1212,1101,1148,60,60,5,200,15
8419,1212,896,773,60,60,5,100,15
8419,1212,954,717,60,60,5,100,15
8419,1212,810,583,60,60,5,100,15
8419,1212,1155,918,60,60,5,200,15
8419,1212,590,588,40,40,5,100,15
8419,1212,619,565,40,40,5,100,15
8419,1212,658,605,40,40,5,100,15
8419,1212,760,422,40,40,5,100,15
8419,1212,725,366,40,40,5,100,15
8419,1212,642,430,60,60,5,200,15
8419,1212,268,197,60,60,5,200,15
8419,1212,239,179,100,40,5,100,13
8419,1212,291,230,60,60,5,200,15
8420,1212,300,330,350,320,1,31600,350
8419,1212,412,423,40,40,5,200,13
8419,1212,184,464,50,50,5,200,15
8419,1212,260,588,50,50,5,200,15
8419,1212,306,549,30,30,5,100,15
8419,1212,145,421,30,30,5,100,15
8419,1212,210,514,30,30,5,100,15
8419,1212,490,709,50,50,5,200,15
8419,1212,516,719,30,30,5,100,15
8419,1212,603,857,50,50,5,200,15
8419,1212,644,872,30,30,5,100,15
8419,1212,654,929,30,30,5,100,15
8421,1212,382,94,60,60,10,100,13
8421,1212,392,146,60,60,10,100,13
8421,1212,469,174,60,60,10,100,13
8421,1212,494,136,60,60,10,100,13
8421,1212,539,211,60,60,10,100,13
8421,1212,499,153,60,60,10,100,13
8421,1212,403,60,60,60,10,100,13
8421,1212,379,43,60,60,10,100,13
8421,1212,446,123,70,70,20,200,13
8422,1219,915,1207,60,60,10,100,13
8422,1219,792,1064,30,60,10,100,13
8422,1219,835,1164,30,60,10,100,13
8422,1219,918,947,60,60,10,100,13
8422,1219,997,980,60,60,10,100,13
8422,1219,1101,1148,60,60,20,200,13
8422,1219,896,773,60,60,10,100,13
8422,1219,954,717,60,60,10,100,13
8422,1219,810,583,60,60,10,100,13
8422,1219,1155,918,60,60,20,200,13
8422,1219,590,588,60,60,10,100,13
8422,1219,619,565,60,60,10,100,13
8422,1219,658,605,60,60,10,100,13
8422,1219,760,422,60,60,10,100,13
8422,1219,725,366,60,60,10,100,13
8422,1219,642,430,70,70,20,200,13
8422,1219,268,197,70,70,20,200,13
8422,1219,313,223,70,70,20,200,13
8422,1219,291,230,70,70,20,200,13
8422,1219,242,198,70,70,20,100,13
8422,1219,412,423,70,70,20,200,13
8422,1219,184,464,70,70,20,200,13
8422,1219,260,588,70,70,20,200,13
8422,1219,306,549,60,60,10,100,13
8422,1219,145,421,60,60,10,100,13
8422,1219,210,514,60,60,10,100,13
8422,1219,490,709,70,70,20,200,13
8422,1219,516,719,60,60,10,100,13
8422,1219,603,857,70,70,20,200,13
8422,1219,644,872,60,60,10,100,13
8422,1219,654,929,60,60,10,100,13
8422,1219,382,94,40,20,10,100,13
8422,1219,392,146,40,40,10,100,13
8422,1219,469,174,40,40,10,100,13
8422,1219,494,136,40,40,10,100,13
8422,1219,539,211,40,40,10,100,13
8422,1219,499,153,40,40,10,100,13
8422,1219,403,60,40,40,10,100,13
8422,1219,430,93,40,40,10,100,13
8422,1219,446,123,70,70,20,200,13
900,1210,713,1037,1,1,1,10,1
900,1210,719,1041,1,1,1,10,1
900,1213,429,261,1,1,1,10,1
900,1213,427,279,1,1,1,10,1
900,1213,463,250,1,1,1,10,1
900,1213,455,272,1,1,1,10,1
200,1300,309,597,44,51,3,1,15
200,1300,257,549,40,63,3,1,15
200,1300,207,518,40,30,2,1,15
200,1300,317,514,25,26,1,1,15
200,1300,241,473,62,55,3,1,15
200,1300,362,605,36,30,2,1,15
200,1300,388,371,40,24,2,1,15
200,1300,220,347,38,24,2,1,15
200,1300,347,378,30,26,2,1,15
200,1300,253,304,70,53,5,1,15
200,1300,329,343,26,25,1,1,15
200,1300,320,425,90,64,6,1,15
200,1300,162,319,65,60,5,1,15
200,1300,52,323,50,50,2,1,15
18,1015,738,750,100,90,10,1,85
18,1015,697,730,100,90,10,1,85
18,1015,649,691,100,90,10,1,85
4152,2056,336,335,0,0,1,3600,1
4172,4025,150,150,0,0,1,43200,1
4151,2056,184,329,0,0,1,900,1
4151,2056,423,204,0,0,1,900,1
4151,2056,624,517,0,0,1,900,1
4151,2056,303,550,0,0,1,900,1
58,8801,16,280,45,20,3,10,10
58,8801,36,275,12,25,3,10,10
58,8801,40,256,25,30,3,10,10
58,8801,57,236,30,30,3,10,9
58,8801,85,250,18,18,3,10,9
58,8801,98,201,24,25,3,10,10
58,8801,133,210,25,30,3,10,10
58,8801,156,238,30,30,3,10,9
58,8801,131,257,18,18,3,10,10
58,8801,97,371,40,30,3,10,10
58,8801,139,316,30,10,3,10,10
58,8801,161,301,20,20,3,10,9
58,8801,191,327,25,10,3,10,9
58,8801,173,344,15,18,3,10,10
58,8801,153,367,30,20,3,10,10
58,8801,182,397,30,30,3,10,10
58,8801,162,420,30,18,3,10,9
58,8801,183,457,20,30,3,10,9
58,8801,210,437,30,20,3,10,9
58,8801,229,419,25,20,3,10,10
58,8801,259,455,25,16,3,10,10
58,8801,236,474,30,16,3,10,10
58,8801,220,492,30,16,3,10,10
58,8801,254,521,30,15,3,10,10
58,8801,289,563,20,10,3,10,9
58,8801,297,535,10,20,3,10,10
58,8801,295,480,30,25,3,10,10
58,8801,327,513,35,15,3,10,10
58,8801,345,494,20,13,3,10,10
58,8801,378,459,22,30,3,10,10
58,8801,410,428,25,14,3,10,30
58,8801,384,390,15,25,3,10,10
58,8801,353,355,30,16,3,10,10
58,8801,337,375,25,14,3,10,10
58,8801,314,396,25,16,3,10,10
58,8801,292,419,30,17,3,10,10
58,8801,373,436,17,30,3,10,10
58,8801,184,206,30,12,3,10,10
58,8801,201,197,20,10,3,10,10
58,8801,227,226,20,15,3,10,10
58,8801,210,245,30,12,3,10,10
58,8801,190,262,25,25,3,10,10
58,8801,204,290,25,11,3,10,10
58,8801,225,296,25,11,3,10,10
58,8801,271,319,20,8,3,10,10
58,8801,298,348,25,15,3,10,10
58,8801,294,225,25,15,3,10,10
58,8801,312,208,20,15,3,10,10
58,8801,334,184,25,15,3,10,10
58,8801,383,200,20,15,3,10,10
58,8801,366,215,25,16,3,10,10
58,8801,349,234,25,14,3,10,10
58,8801,318,265,25,12,3,10,10
58,8801,295,295,20,10,3,10,10
58,8801,322,324,25,15,3,10,10
58,8801,339,307,25,15,3,10,10
58,8801,357,286,25,20,3,10,10
58,8801,468,379,25,17,3,10,10
58,8801,492,405,20,16,3,10,10
58,8801,542,359,25,17,3,10,10
58,8801,566,336,20,16,3,10,10
58,8801,266,380,25,19,3,10,10
58,8801,442,393,20,15,3,10,10
58,8801,224,358,20,16,3,10,10
58,8801,414,360,25,17,3,10,10
58,8801,508,455,15,12,3,10,10
58,8801,555,411,20,20,3,10,10
58,8801,541,423,18,12,3,10,10
58,8801,380,539,12,18,3,10,10
58,8801,541,550,18,12,3,10,10
58,8801,570,445,25,25,3,10,10
58,8801,602,466,25,18,3,10,10
58,8801,634,493,25,36,3,10,10
58,8801,653,514,20,36,3,10,10
58,8801,496,535,25,15,3,10,10
58,8801,515,515,18,15,3,10,10
58,8801,471,486,18,25,3,10,10
58,8801,680,425,10,10,3,10,10
58,8801,662,400,25,15,3,10,10
58,8801,372,406,25,24,3,10,10
58,8801,495,479,12,7,3,10,10
58,8801,565,526,20,12,3,10,10
58,8801,274,246,25,20,3,10,10
58,8801,518,255,15,15,3,10,10
58,8801,433,343,20,20,3,10,10
58,8801,522,379,12,18,3,10,10
58,8801,490,350,20,18,3,10,10
58,8801,508,334,20,20,3,10,10
58,8801,321,449,20,20,3,10,10
58,8801,456,592,20,20,3,10,10
58,8801,558,648,25,25,3,10,10
58,8801,573,592,15,25,3,10,10
58,8801,451,467,20,9,3,10,10
58,8801,540,477,25,15,3,10,10
58,8801,581,628,25,25,3,10,10
58,8801,669,555,25,15,3,10,10
58,8801,737,551,30,18,3,10,10
58,8801,693,598,25,20,3,10,10
58,8801,803,628,25,20,3,10,10
58,8801,687,659,30,25,3,10,10
58,8801,670,681,20,14,3,10,10
58,8801,589,763,25,19,3,10,10
58,8801,669,629,25,20,3,10,10
58,8801,622,535,30,18,3,10,10
58,8801,762,671,25,18,3,10,10
58,8801,651,572,25,18,3,10,10
58,8801,861,712,20,25,3,10,10
58,8801,618,794,30,25,3,10,10
58,8801,607,551,25,15,3,10,10
58,8801,608,680,20,12,3,10,10
58,8801,826,605,25,20,3,10,10
58,8801,847,586,20,13,3,10,10
58,8801,658,841,25,20,3,10,10
58,8801,728,704,25,12,3,10,10
58,8801,608,742,25,14,3,10,10
58,8801,469,674,25,15,3,10,10
58,8801,356,563,25,13,3,10,10
58,8801,720,491,25,18,3,10,10
58,8801,923,649,20,20,3,10,10
3156,8801,188,333,30,30,1,43200,30
58,8801,205,393,15,15,3,10,10
58,8801,696,813,25,15,3,10,10
58,8801,505,285,25,20,3,10,10
58,8801,462,328,25,20,3,10,10
58,8801,536,383,25,20,3,10,10
58,8801,694,851,25,20,3,10,10
58,8801,506,648,25,20,3,10,10
58,8801,897,623,18,15,3,10,10
58,8801,862,634,20,25,3,10,10
58,8801,862,583,12,10,3,10,10
58,8801,825,622,12,10,3,10,10
58,8801,790,654,20,10,3,10,10
58,8801,752,694,20,12,3,10,10
58,8801,720,725,20,12,3,10,10
58,8801,703,748,20,12,3,10,10
58,8801,714,756,12,20,3,10,10
58,8801,733,775,12,20,3,10,10
58,8801,785,661,20,12,3,10,10
58,8801,861,586,12,12,3,10,10
58,8801,867,637,20,20,3,10,10
58,8801,14,288,20,20,3,10,10
58,8801,89,224,12,20,3,10,10
58,8801,122,287,22,20,3,10,10
58,8801,115,307,10,12,3,10,10
58,8801,143,328,12,20,3,10,10
58,8801,110,396,25,12,3,10,10
58,8801,127,377,25,12,3,10,10
58,8801,147,250,12,12,3,10,10
58,8801,180,220,12,12,3,10,10
58,8801,157,177,25,10,3,10,10
58,8801,138,396,25,20,3,10,10
58,8801,175,390,12,12,3,10,10
58,8801,178,414,12,10,3,10,10
58,8801,160,438,12,10,3,10,10
58,8801,182,253,12,10,3,10,10
58,8801,181,280,12,10,3,10,10
58,8801,222,309,20,10,3,10,10
58,8801,262,312,12,10,3,10,10
58,8801,258,342,20,18,3,10,10
58,8801,243,386,12,18,3,10,10
58,8801,262,400,18,18,3,10,10
58,8801,294,369,25,12,3,10,10
58,8801,322,343,12,12,3,10,10
58,8801,343,368,10,10,3,10,10
58,8801,314,281,20,12,3,10,10
58,8801,296,301,12,20,3,10,10
58,8801,267,267,20,20,3,10,10
58,8801,319,342,20,10,3,10,10
58,8801,291,370,12,10,3,10,10
58,8801,261,398,20,20,3,10,10
58,8801,253,342,25,15,3,10,10
58,8801,259,333,12,12,3,10,10
58,8801,258,307,6,6,3,10,10
58,8801,343,292,18,12,3,10,10
58,8801,220,311,18,20,3,10,10
58,8801,182,280,12,10,3,10,10
58,8801,198,293,12,12,3,10,10
58,8801,180,252,10,12,3,10,10
58,8801,160,253,12,12,3,10,10
58,8801,132,201,12,10,3,10,10
58,8801,103,196,20,15,3,10,10
58,8801,80,222,12,12,3,10,10
58,8801,66,264,12,12,3,10,10
58,8801,51,282,12,10,3,10,10
58,8801,23,298,20,24,3,10,10
58,8801,181,280,12,12,3,10,10
58,8801,237,164,25,25,3,10,10
58,8801,209,133,25,25,3,10,10
58,8801,178,156,25,12,3,10,10
58,8801,149,190,25,12,3,10,10
58,8801,168,206,12,30,3,10,10
58,8801,111,296,25,16,3,10,10
58,8801,111,358,30,16,3,10,10
58,8801,85,324,30,25,3,10,10
58,8801,67,340,30,36,3,10,10
58,8801,115,353,30,36,3,10,10
58,8801,102,368,30,36,3,10,10
58,8801,203,388,24,20,3,10,10
58,8801,204,458,30,20,3,10,10
58,8801,172,362,25,20,3,10,10
58,8801,191,340,25,20,3,10,10
58,8801,158,310,20,10,3,10,10
58,8801,110,294,40,24,3,10,10
58,8801,125,287,30,10,3,10,10
58,8801,157,233,30,30,3,10,10
58,8801,87,210,30,20,3,10,10
58,8801,59,242,30,10,3,10,10
58,8801,27,273,30,10,3,10,10
58,8802,16,280,45,20,3,10,10
58,8802,36,275,12,25,3,10,10
58,8802,40,256,25,30,3,10,10
58,8802,57,236,30,30,3,10,9
58,8802,85,250,18,18,3,10,9
58,8802,98,201,24,25,3,10,10
58,8802,133,210,25,30,3,10,10
58,8802,156,238,30,30,3,10,9
58,8802,131,257,18,18,3,10,10
58,8802,97,371,40,30,3,10,10
58,8802,139,316,30,10,3,10,10
58,8802,161,301,20,20,3,10,9
58,8802,191,327,25,10,3,10,9
58,8802,173,344,15,18,3,10,10
58,8802,153,367,30,20,3,10,10
58,8802,182,397,30,30,3,10,10
58,8802,162,420,30,18,3,10,9
58,8802,183,457,20,30,3,10,9
58,8802,210,437,30,20,3,10,9
58,8802,229,419,25,20,3,10,10
58,8802,259,455,25,16,3,10,10
58,8802,236,474,30,16,3,10,10
58,8802,220,492,30,16,3,10,10
58,8802,254,521,30,15,3,10,10
58,8802,289,563,20,10,3,10,9
58,8802,297,535,10,20,3,10,10
58,8802,295,480,30,25,3,10,10
58,8802,327,513,35,15,3,10,10
58,8802,345,494,20,13,3,10,10
58,8802,378,459,22,30,3,10,10
58,8802,410,428,25,14,3,10,30
58,8802,384,390,15,25,3,10,10
58,8802,353,355,30,16,3,10,10
58,8802,337,375,25,14,3,10,10
58,8802,314,396,25,16,3,10,10
58,8802,292,419,30,17,3,10,10
58,8802,373,436,17,30,3,10,10
58,8802,184,206,30,12,3,10,10
58,8802,201,197,20,10,3,10,10
58,8802,227,226,20,15,3,10,10
58,8802,210,245,30,12,3,10,10
58,8802,190,262,25,25,3,10,10
58,8802,204,290,25,11,3,10,10
58,8802,225,296,25,11,3,10,10
58,8802,271,319,20,8,3,10,10
58,8802,298,348,25,15,3,10,10
58,8802,294,225,25,15,3,10,10
58,8802,312,208,20,15,3,10,10
58,8802,334,184,25,15,3,10,10
58,8802,383,200,20,15,3,10,10
58,8802,366,215,25,16,3,10,10
58,8802,349,234,25,14,3,10,10
58,8802,318,265,25,12,3,10,10
58,8802,295,295,20,10,3,10,10
58,8802,322,324,25,15,3,10,10
58,8802,339,307,25,15,3,10,10
58,8802,357,286,25,20,3,10,10
58,8802,468,379,25,17,3,10,10
58,8802,492,405,20,16,3,10,10
58,8802,542,359,25,17,3,10,10
58,8802,566,336,20,16,3,10,10
58,8802,266,380,25,19,3,10,10
58,8802,442,393,20,15,3,10,10
58,8802,224,358,20,16,3,10,10
58,8802,414,360,25,17,3,10,10
58,8802,508,455,15,12,3,10,10
58,8802,555,411,20,20,3,10,10
58,8802,541,423,18,12,3,10,10
58,8802,380,539,12,18,3,10,10
58,8802,541,550,18,12,3,10,10
58,8802,570,445,25,25,3,10,10
58,8802,602,466,25,18,3,10,10
58,8802,634,493,25,36,3,10,10
58,8802,653,514,20,36,3,10,10
58,8802,496,535,25,15,3,10,10
58,8802,515,515,18,15,3,10,10
58,8802,471,486,18,25,3,10,10
58,8802,680,425,10,10,3,10,10
58,8802,662,400,25,15,3,10,10
58,8802,372,406,25,24,3,10,10
58,8802,495,479,12,7,3,10,10
58,8802,565,526,20,12,3,10,10
58,8802,274,246,25,20,3,10,10
58,8802,518,255,15,15,3,10,10
58,8802,433,343,20,20,3,10,10
58,8802,522,379,12,18,3,10,10
58,8802,490,350,20,18,3,10,10
58,8802,508,334,20,20,3,10,10
58,8802,321,449,20,20,3,10,10
58,8802,456,592,20,20,3,10,10
58,8802,558,648,25,25,3,10,10
58,8802,573,592,15,25,3,10,10
58,8802,451,467,20,9,3,10,10
58,8802,540,477,25,15,3,10,10
58,8802,581,628,25,25,3,10,10
58,8802,669,555,25,15,3,10,10
58,8802,737,551,30,18,3,10,10
58,8802,693,598,25,20,3,10,10
58,8802,803,628,25,20,3,10,10
58,8802,687,659,30,25,3,10,10
58,8802,670,681,20,14,3,10,10
58,8802,589,763,25,19,3,10,10
58,8802,669,629,25,20,3,10,10
58,8802,622,535,30,18,3,10,10
58,8802,762,671,25,18,3,10,10
58,8802,651,572,25,18,3,10,10
58,8802,861,712,20,25,3,10,10
58,8802,618,794,30,25,3,10,10
58,8802,607,551,25,15,3,10,10
58,8802,608,680,20,12,3,10,10
58,8802,826,605,25,20,3,10,10
58,8802,847,586,20,13,3,10,10
58,8802,658,841,25,20,3,10,10
58,8802,728,704,25,12,3,10,10
58,8802,608,742,25,14,3,10,10
58,8802,469,674,25,15,3,10,10
58,8802,356,563,25,13,3,10,10
58,8802,720,491,25,18,3,10,10
58,8802,923,649,20,20,3,10,10
3156,8802,188,333,30,30,1,43200,30
58,8802,205,393,15,15,3,10,10
58,8802,696,813,25,15,3,10,10
58,8802,505,285,25,20,3,10,10
58,8802,462,328,25,20,3,10,10
58,8802,536,383,25,20,3,10,10
58,8802,694,851,25,20,3,10,10
58,8802,506,648,25,20,3,10,10
58,8802,897,623,18,15,3,10,10
58,8802,862,634,20,25,3,10,10
58,8802,862,583,12,10,3,10,10
58,8802,825,622,12,10,3,10,10
58,8802,790,654,20,10,3,10,10
58,8802,752,694,20,12,3,10,10
58,8802,720,725,20,12,3,10,10
58,8802,703,748,20,12,3,10,10
58,8802,714,756,12,20,3,10,10
58,8802,733,775,12,20,3,10,10
58,8802,785,661,20,12,3,10,10
58,8802,861,586,12,12,3,10,10
58,8802,867,637,20,20,3,10,10
58,8802,14,288,20,20,3,10,10
58,8802,89,224,12,20,3,10,10
58,8802,122,287,22,20,3,10,10
58,8802,115,307,10,12,3,10,10
58,8802,143,328,12,20,3,10,10
58,8802,110,396,25,12,3,10,10
58,8802,127,377,25,12,3,10,10
58,8802,147,250,12,12,3,10,10
58,8802,180,220,12,12,3,10,10
58,8802,157,177,25,10,3,10,10
58,8802,138,396,25,20,3,10,10
58,8802,175,390,12,12,3,10,10
58,8802,178,414,12,10,3,10,10
58,8802,160,438,12,10,3,10,10
58,8802,182,253,12,10,3,10,10
58,8802,181,280,12,10,3,10,10
58,8802,222,309,20,10,3,10,10
58,8802,262,312,12,10,3,10,10
58,8802,258,342,20,18,3,10,10
58,8802,243,386,12,18,3,10,10
58,8802,262,400,18,18,3,10,10
58,8802,294,369,25,12,3,10,10
58,8802,322,343,12,12,3,10,10
58,8802,343,368,10,10,3,10,10
58,8802,314,281,20,12,3,10,10
58,8802,296,301,12,20,3,10,10
58,8802,267,267,20,20,3,10,10
58,8802,319,342,20,10,3,10,10
58,8802,291,370,12,10,3,10,10
58,8802,261,398,20,20,3,10,10
58,8802,253,342,25,15,3,10,10
58,8802,259,333,12,12,3,10,10
58,8802,258,307,6,6,3,10,10
58,8802,343,292,18,12,3,10,10
58,8802,220,311,18,20,3,10,10
58,8802,182,280,12,10,3,10,10
58,8802,198,293,12,12,3,10,10
58,8802,180,252,10,12,3,10,10
58,8802,160,253,12,12,3,10,10
58,8802,132,201,12,10,3,10,10
58,8802,103,196,20,15,3,10,10
58,8802,80,222,12,12,3,10,10
58,8802,66,264,12,12,3,10,10
58,8802,51,282,12,10,3,10,10
58,8802,23,298,20,24,3,10,10
58,8802,181,280,12,12,3,10,10
58,8802,237,164,25,25,3,10,10
58,8802,209,133,25,25,3,10,10
58,8802,178,156,25,12,3,10,10
58,8802,149,190,25,12,3,10,10
58,8802,168,206,12,30,3,10,10
58,8802,111,296,25,16,3,10,10
58,8802,111,358,30,16,3,10,10
58,8802,85,324,30,25,3,10,10
58,8802,67,340,30,36,3,10,10
58,8802,115,353,30,36,3,10,10
58,8802,102,368,30,36,3,10,10
58,8802,203,388,24,20,3,10,10
58,8802,204,458,30,20,3,10,10
58,8802,172,362,25,20,3,10,10
58,8802,191,340,25,20,3,10,10
58,8802,158,310,20,10,3,10,10
58,8802,110,294,40,24,3,10,10
58,8802,125,287,30,10,3,10,10
58,8802,157,233,30,30,3,10,10
58,8802,87,210,30,20,3,10,10
58,8802,59,242,30,10,3,10,10
58,8802,27,273,30,10,3,10,10
58,8803,16,280,45,20,3,10,10
58,8803,36,275,12,25,3,10,10
58,8803,40,256,25,30,3,10,10
58,8803,57,236,30,30,3,10,9
58,8803,85,250,18,18,3,10,9
58,8803,98,201,24,25,3,10,10
58,8803,133,210,25,30,3,10,10
58,8803,156,238,30,30,3,10,9
58,8803,131,257,18,18,3,10,10
58,8803,97,371,40,30,3,10,10
58,8803,139,316,30,10,3,10,10
58,8803,161,301,20,20,3,10,9
58,8803,191,327,25,10,3,10,9
58,8803,173,344,15,18,3,10,10
58,8803,153,367,30,20,3,10,10
58,8803,182,397,30,30,3,10,10
58,8803,162,420,30,18,3,10,9
58,8803,183,457,20,30,3,10,9
58,8803,210,437,30,20,3,10,9
58,8803,229,419,25,20,3,10,10
58,8803,259,455,25,16,3,10,10
58,8803,236,474,30,16,3,10,10
58,8803,220,492,30,16,3,10,10
58,8803,254,521,30,15,3,10,10
58,8803,289,563,20,10,3,10,9
58,8803,297,535,10,20,3,10,10
58,8803,295,480,30,25,3,10,10
58,8803,327,513,35,15,3,10,10
58,8803,345,494,20,13,3,10,10
58,8803,378,459,22,30,3,10,10
58,8803,410,428,25,14,3,10,30
58,8803,384,390,15,25,3,10,10
58,8803,353,355,30,16,3,10,10
58,8803,337,375,25,14,3,10,10
58,8803,314,396,25,16,3,10,10
58,8803,292,419,30,17,3,10,10
58,8803,373,436,17,30,3,10,10
58,8803,184,206,30,12,3,10,10
58,8803,201,197,20,10,3,10,10
58,8803,227,226,20,15,3,10,10
58,8803,210,245,30,12,3,10,10
58,8803,190,262,25,25,3,10,10
58,8803,204,290,25,11,3,10,10
58,8803,225,296,25,11,3,10,10
58,8803,271,319,20,8,3,10,10
58,8803,298,348,25,15,3,10,10
58,8803,294,225,25,15,3,10,10
58,8803,312,208,20,15,3,10,10
58,8803,334,184,25,15,3,10,10
58,8803,383,200,20,15,3,10,10
58,8803,366,215,25,16,3,10,10
58,8803,349,234,25,14,3,10,10
58,8803,318,265,25,12,3,10,10
58,8803,295,295,20,10,3,10,10
58,8803,322,324,25,15,3,10,10
58,8803,339,307,25,15,3,10,10
58,8803,357,286,25,20,3,10,10
58,8803,468,379,25,17,3,10,10
58,8803,492,405,20,16,3,10,10
58,8803,542,359,25,17,3,10,10
58,8803,566,336,20,16,3,10,10
58,8803,266,380,25,19,3,10,10
58,8803,442,393,20,15,3,10,10
58,8803,224,358,20,16,3,10,10
58,8803,414,360,25,17,3,10,10
58,8803,508,455,15,12,3,10,10
58,8803,555,411,20,20,3,10,10
58,8803,541,423,18,12,3,10,10
58,8803,380,539,12,18,3,10,10
58,8803,541,550,18,12,3,10,10
58,8803,570,445,25,25,3,10,10
58,8803,602,466,25,18,3,10,10
58,8803,634,493,25,36,3,10,10
58,8803,653,514,20,36,3,10,10
58,8803,496,535,25,15,3,10,10
58,8803,515,515,18,15,3,10,10
58,8803,471,486,18,25,3,10,10
58,8803,680,425,10,10,3,10,10
58,8803,662,400,25,15,3,10,10
58,8803,372,406,25,24,3,10,10
58,8803,495,479,12,7,3,10,10
58,8803,565,526,20,12,3,10,10
58,8803,274,246,25,20,3,10,10
58,8803,518,255,15,15,3,10,10
58,8803,433,343,20,20,3,10,10
58,8803,522,379,12,18,3,10,10
58,8803,490,350,20,18,3,10,10
58,8803,508,334,20,20,3,10,10
58,8803,321,449,20,20,3,10,10
58,8803,456,592,20,20,3,10,10
58,8803,558,648,25,25,3,10,10
58,8803,573,592,15,25,3,10,10
58,8803,451,467,20,9,3,10,10
58,8803,540,477,25,15,3,10,10
58,8803,581,628,25,25,3,10,10
58,8803,669,555,25,15,3,10,10
58,8803,737,551,30,18,3,10,10
58,8803,693,598,25,20,3,10,10
58,8803,803,628,25,20,3,10,10
58,8803,687,659,30,25,3,10,10
58,8803,670,681,20,14,3,10,10
58,8803,589,763,25,19,3,10,10
58,8803,669,629,25,20,3,10,10
58,8803,622,535,30,18,3,10,10
58,8803,762,671,25,18,3,10,10
58,8803,651,572,25,18,3,10,10
58,8803,861,712,20,25,3,10,10
58,8803,618,794,30,25,3,10,10
58,8803,607,551,25,15,3,10,10
58,8803,608,680,20,12,3,10,10
58,8803,826,605,25,20,3,10,10
58,8803,847,586,20,13,3,10,10
58,8803,658,841,25,20,3,10,10
58,8803,728,704,25,12,3,10,10
58,8803,608,742,25,14,3,10,10
58,8803,469,674,25,15,3,10,10
58,8803,356,563,25,13,3,10,10
58,8803,720,491,25,18,3,10,10
58,8803,923,649,20,20,3,10,10
3156,8803,188,333,30,30,1,43200,30
58,8803,205,393,15,15,3,10,10
58,8803,696,813,25,15,3,10,10
58,8803,505,285,25,20,3,10,10
58,8803,462,328,25,20,3,10,10
58,8803,536,383,25,20,3,10,10
58,8803,694,851,25,20,3,10,10
58,8803,506,648,25,20,3,10,10
58,8803,897,623,18,15,3,10,10
58,8803,862,634,20,25,3,10,10
58,8803,862,583,12,10,3,10,10
58,8803,825,622,12,10,3,10,10
58,8803,790,654,20,10,3,10,10
58,8803,752,694,20,12,3,10,10
58,8803,720,725,20,12,3,10,10
58,8803,703,748,20,12,3,10,10
58,8803,714,756,12,20,3,10,10
58,8803,733,775,12,20,3,10,10
58,8803,785,661,20,12,3,10,10
58,8803,861,586,12,12,3,10,10
58,8803,867,637,20,20,3,10,10
58,8803,14,288,20,20,3,10,10
58,8803,89,224,12,20,3,10,10
58,8803,122,287,22,20,3,10,10
58,8803,115,307,10,12,3,10,10
58,8803,143,328,12,20,3,10,10
58,8803,110,396,25,12,3,10,10
58,8803,127,377,25,12,3,10,10
58,8803,147,250,12,12,3,10,10
58,8803,180,220,12,12,3,10,10
58,8803,157,177,25,10,3,10,10
58,8803,138,396,25,20,3,10,10
58,8803,175,390,12,12,3,10,10
58,8803,178,414,12,10,3,10,10
58,8803,160,438,12,10,3,10,10
58,8803,182,253,12,10,3,10,10
58,8803,181,280,12,10,3,10,10
58,8803,222,309,20,10,3,10,10
58,8803,262,312,12,10,3,10,10
58,8803,258,342,20,18,3,10,10
58,8803,243,386,12,18,3,10,10
58,8803,262,400,18,18,3,10,10
58,8803,294,369,25,12,3,10,10
58,8803,322,343,12,12,3,10,10
58,8803,343,368,10,10,3,10,10
58,8803,314,281,20,12,3,10,10
58,8803,296,301,12,20,3,10,10
58,8803,267,267,20,20,3,10,10
58,8803,319,342,20,10,3,10,10
58,8803,291,370,12,10,3,10,10
58,8803,261,398,20,20,3,10,10
58,8803,253,342,25,15,3,10,10
58,8803,259,333,12,12,3,10,10
58,8803,258,307,6,6,3,10,10
58,8803,343,292,18,12,3,10,10
58,8803,220,311,18,20,3,10,10
58,8803,182,280,12,10,3,10,10
58,8803,198,293,12,12,3,10,10
58,8803,180,252,10,12,3,10,10
58,8803,160,253,12,12,3,10,10
58,8803,132,201,12,10,3,10,10
58,8803,103,196,20,15,3,10,10
58,8803,80,222,12,12,3,10,10
58,8803,66,264,12,12,3,10,10
58,8803,51,282,12,10,3,10,10
58,8803,23,298,20,24,3,10,10
58,8803,181,280,12,12,3,10,10
58,8803,237,164,25,25,3,10,10
58,8803,209,133,25,25,3,10,10
58,8803,178,156,25,12,3,10,10
58,8803,149,190,25,12,3,10,10
58,8803,168,206,12,30,3,10,10
58,8803,111,296,25,16,3,10,10
58,8803,111,358,30,16,3,10,10
58,8803,85,324,30,25,3,10,10
58,8803,67,340,30,36,3,10,10
58,8803,115,353,30,36,3,10,10
58,8803,102,368,30,36,3,10,10
58,8803,203,388,24,20,3,10,10
58,8803,204,458,30,20,3,10,10
58,8803,172,362,25,20,3,10,10
58,8803,191,340,25,20,3,10,10
58,8803,158,310,20,10,3,10,10
58,8803,110,294,40,24,3,10,10
58,8803,125,287,30,10,3,10,10
58,8803,157,233,30,30,3,10,10
58,8803,87,210,30,20,3,10,10
58,8803,59,242,30,10,3,10,10
58,8803,27,273,30,10,3,10,10
58,8800,16,280,45,20,3,10,10
58,8800,36,275,12,25,3,10,10
58,8800,40,256,25,30,3,10,10
58,8800,57,236,30,30,3,10,9
58,8800,85,250,18,18,3,10,9
58,8800,98,201,24,25,3,10,10
58,8800,133,210,25,30,3,10,10
58,8800,156,238,30,30,3,10,9
58,8800,131,257,18,18,3,10,10
58,8800,97,371,40,30,3,10,10
58,8800,139,316,30,10,3,10,10
58,8800,161,301,20,20,3,10,9
58,8800,191,327,25,10,3,10,9
58,8800,173,344,15,18,3,10,10
58,8800,153,367,30,20,3,10,10
58,8800,182,397,30,30,3,10,10
58,8800,162,420,30,18,3,10,9
58,8800,183,457,20,30,3,10,9
58,8800,210,437,30,20,3,10,9
58,8800,229,419,25,20,3,10,10
58,8800,259,455,25,16,3,10,10
58,8800,236,474,30,16,3,10,10
58,8800,220,492,30,16,3,10,10
58,8800,254,521,30,15,3,10,10
58,8800,289,563,20,10,3,10,9
58,8800,297,535,10,20,3,10,10
58,8800,295,480,30,25,3,10,10
58,8800,327,513,35,15,3,10,10
58,8800,345,494,20,13,3,10,10
58,8800,378,459,22,30,3,10,10
58,8800,410,428,25,14,3,10,30
58,8800,384,390,15,25,3,10,10
58,8800,353,355,30,16,3,10,10
58,8800,337,375,25,14,3,10,10
58,8800,314,396,25,16,3,10,10
58,8800,292,419,30,17,3,10,10
58,8800,373,436,17,30,3,10,10
58,8800,184,206,30,12,3,10,10
58,8800,201,197,20,10,3,10,10
58,8800,227,226,20,15,3,10,10
58,8800,210,245,30,12,3,10,10
58,8800,190,262,25,25,3,10,10
58,8800,204,290,25,11,3,10,10
58,8800,225,296,25,11,3,10,10
58,8800,271,319,20,8,3,10,10
58,8800,298,348,25,15,3,10,10
58,8800,294,225,25,15,3,10,10
58,8800,312,208,20,15,3,10,10
58,8800,334,184,25,15,3,10,10
58,8800,383,200,20,15,3,10,10
58,8800,366,215,25,16,3,10,10
58,8800,349,234,25,14,3,10,10
58,8800,318,265,25,12,3,10,10
58,8800,295,295,20,10,3,10,10
58,8800,322,324,25,15,3,10,10
58,8800,339,307,25,15,3,10,10
58,8800,357,286,25,20,3,10,10
58,8800,468,379,25,17,3,10,10
58,8800,492,405,20,16,3,10,10
58,8800,542,359,25,17,3,10,10
58,8800,566,336,20,16,3,10,10
58,8800,266,380,25,19,3,10,10
58,8800,442,393,20,15,3,10,10
58,8800,224,358,20,16,3,10,10
58,8800,414,360,25,17,3,10,10
58,8800,508,455,15,12,3,10,10
58,8800,555,411,20,20,3,10,10
58,8800,541,423,18,12,3,10,10
58,8800,380,539,12,18,3,10,10
58,8800,541,550,18,12,3,10,10
58,8800,570,445,25,25,3,10,10
58,8800,602,466,25,18,3,10,10
58,8800,634,493,25,36,3,10,10
58,8800,653,514,20,36,3,10,10
58,8800,496,535,25,15,3,10,10
58,8800,515,515,18,15,3,10,10
58,8800,471,486,18,25,3,10,10
58,8800,680,425,10,10,3,10,10
58,8800,662,400,25,15,3,10,10
58,8800,372,406,25,24,3,10,10
58,8800,495,479,12,7,3,10,10
58,8800,565,526,20,12,3,10,10
58,8800,274,246,25,20,3,10,10
58,8800,518,255,15,15,3,10,10
58,8800,433,343,20,20,3,10,10
58,8800,522,379,12,18,3,10,10
58,8800,490,350,20,18,3,10,10
58,8800,508,334,20,20,3,10,10
58,8800,321,449,20,20,3,10,10
58,8800,456,592,20,20,3,10,10
58,8800,558,648,25,25,3,10,10
58,8800,573,592,15,25,3,10,10
58,8800,451,467,20,9,3,10,10
58,8800,540,477,25,15,3,10,10
58,8800,581,628,25,25,3,10,10
58,8800,669,555,25,15,3,10,10
58,8800,737,551,30,18,3,10,10
58,8800,693,598,25,20,3,10,10
58,8800,803,628,25,20,3,10,10
58,8800,687,659,30,25,3,10,10
58,8800,670,681,20,14,3,10,10
58,8800,589,763,25,19,3,10,10
58,8800,669,629,25,20,3,10,10
58,8800,622,535,30,18,3,10,10
58,8800,762,671,25,18,3,10,10
58,8800,651,572,25,18,3,10,10
58,8800,861,712,20,25,3,10,10
58,8800,618,794,30,25,3,10,10
58,8800,607,551,25,15,3,10,10
58,8800,608,680,20,12,3,10,10
58,8800,826,605,25,20,3,10,10
58,8800,847,586,20,13,3,10,10
58,8800,658,841,25,20,3,10,10
58,8800,728,704,25,12,3,10,10
58,8800,608,742,25,14,3,10,10
58,8800,469,674,25,15,3,10,10
58,8800,356,563,25,13,3,10,10
58,8800,720,491,25,18,3,10,10
58,8800,923,649,20,20,3,10,10
3156,8800,188,333,30,30,1,43200,30
58,8800,205,393,15,15,3,10,10
58,8800,696,813,25,15,3,10,10
58,8800,505,285,25,20,3,10,10
58,8800,462,328,25,20,3,10,10
58,8800,536,383,25,20,3,10,10
58,8800,694,851,25,20,3,10,10
58,8800,506,648,25,20,3,10,10
58,8800,897,623,18,15,3,10,10
58,8800,862,634,20,25,3,10,10
58,8800,862,583,12,10,3,10,10
58,8800,825,622,12,10,3,10,10
58,8800,790,654,20,10,3,10,10
58,8800,752,694,20,12,3,10,10
58,8800,720,725,20,12,3,10,10
58,8800,703,748,20,12,3,10,10
58,8800,714,756,12,20,3,10,10
58,8800,733,775,12,20,3,10,10
58,8800,785,661,20,12,3,10,10
58,8800,861,586,12,12,3,10,10
58,8800,867,637,20,20,3,10,10
58,8800,14,288,20,20,3,10,10
58,8800,89,224,12,20,3,10,10
58,8800,122,287,22,20,3,10,10
58,8800,115,307,10,12,3,10,10
58,8800,143,328,12,20,3,10,10
58,8800,110,396,25,12,3,10,10
58,8800,127,377,25,12,3,10,10
58,8800,147,250,12,12,3,10,10
58,8800,180,220,12,12,3,10,10
58,8800,157,177,25,10,3,10,10
58,8800,138,396,25,20,3,10,10
58,8800,175,390,12,12,3,10,10
58,8800,178,414,12,10,3,10,10
58,8800,160,438,12,10,3,10,10
58,8800,182,253,12,10,3,10,10
58,8800,181,280,12,10,3,10,10
58,8800,222,309,20,10,3,10,10
58,8800,262,312,12,10,3,10,10
58,8800,258,342,20,18,3,10,10
58,8800,243,386,12,18,3,10,10
58,8800,262,400,18,18,3,10,10
58,8800,294,369,25,12,3,10,10
58,8800,322,343,12,12,3,10,10
58,8800,343,368,10,10,3,10,10
58,8800,314,281,20,12,3,10,10
58,8800,296,301,12,20,3,10,10
58,8800,267,267,20,20,3,10,10
58,8800,319,342,20,10,3,10,10
58,8800,291,370,12,10,3,10,10
58,8800,261,398,20,20,3,10,10
58,8800,253,342,25,15,3,10,10
58,8800,259,333,12,12,3,10,10
58,8800,258,307,6,6,3,10,10
58,8800,343,292,18,12,3,10,10
58,8800,220,311,18,20,3,10,10
58,8800,182,280,12,10,3,10,10
58,8800,198,293,12,12,3,10,10
58,8800,180,252,10,12,3,10,10
58,8800,160,253,12,12,3,10,10
58,8800,132,201,12,10,3,10,10
58,8800,103,196,20,15,3,10,10
58,8800,80,222,12,12,3,10,10
58,8800,66,264,12,12,3,10,10
58,8800,51,282,12,10,3,10,10
58,8800,23,298,20,24,3,10,10
58,8800,181,280,12,12,3,10,10
58,8800,237,164,25,25,3,10,10
58,8800,209,133,25,25,3,10,10
58,8800,178,156,25,12,3,10,10
58,8800,149,190,25,12,3,10,10
58,8800,168,206,12,30,3,10,10
58,8800,111,296,25,16,3,10,10
58,8800,111,358,30,16,3,10,10
58,8800,85,324,30,25,3,10,10
58,8800,67,340,30,36,3,10,10
58,8800,115,353,30,36,3,10,10
58,8800,102,368,30,36,3,10,10
58,8800,203,388,24,20,3,10,10
58,8800,204,458,30,20,3,10,10
58,8800,172,362,25,20,3,10,10
58,8800,191,340,25,20,3,10,10
58,8800,158,310,20,10,3,10,10
58,8800,110,294,40,24,3,10,10
58,8800,125,287,30,10,3,10,10
58,8800,157,233,30,30,3,10,10
58,8800,87,210,30,20,3,10,10
58,8800,59,242,30,10,3,10,10
58,8800,27,273,30,10,3,10,10
4171,1015,802,575,0,0,1,2000,1
58,2351,119,87,11,11,12,10,24
58,2351,79,114,17,17,12,10,24
58,2351,54,146,9,24,12,10,24
58,2351,25,125,20,2,12,10,24
58,2351,156,48,20,2,12,10,24
58,2351,192,81,20,7,12,10,32
58,2351,152,160,24,6,12,10,24
58,2351,185,216,23,13,12,10,24
58,2351,162,243,15,10,12,10,24
58,2351,245,278,20,10,12,10,24
58,2351,206,314,24,9,12,10,24
58,2351,346,282,28,11,12,10,24
58,2351,382,275,25,6,12,10,24
58,2351,221,114,25,19,12,10,24
58,2351,116,191,20,9,12,10,24
58,2351,424,398,24,15,12,10,24
58,2351,462,363,24,10,12,10,24
58,2351,218,133,30,30,4,43200,120
58,2351,77,134,24,10,12,10,24
58,2351,100,128,9,24,12,10,24
58,2351,112,91,17,17,12,10,24
58,2351,140,65,11,11,12,10,24
58,2351,150,57,20,2,12,10,24
58,2351,192,81,20,7,12,10,32
58,2351,179,72,20,7,12,10,32
58,2351,229,147,24,10,12,10,24
58,2351,224,175,23,13,12,10,24
58,2351,254,161,30,10,12,10,24
58,2351,245,278,20,10,12,10,24
58,2351,220,152,24,9,12,10,24
58,2351,210,163,20,5,12,10,24
58,2351,233,179,20,2,12,10,24
58,2351,305,224,25,16,12,10,24
58,2351,324,217,8,28,12,10,24
58,2351,301,242,25,9,12,10,24
58,2351,254,146,24,15,12,10,24
58,2351,215,154,24,10,12,10,24
58,2351,241,150,24,10,12,10,24
58,2351,224,178,20,10,12,10,24
58,2351,222,160,20,4,12,10,24
58,2351,278,165,4,20,12,10,24
58,2351,316,212,28,10,12,10,24
58,2351,310,224,28,10,12,10,24
58,2351,112,94,20,14,12,10,24
58,2351,141,70,20,10,12,10,24
58,2351,167,61,20,10,12,10,24
58,2351,185,75,20,10,12,10,24
58,2351,207,100,20,5,12,10,24
58,2351,184,125,5,2,12,10,24
58,2351,198,111,5,5,12,10,12
58,2351,208,102,9,5,12,10,24
58,2351,180,131,15,10,12,10,24
58,2351,164,146,15,10,12,10,24
58,2351,146,175,24,24,12,10,24
58,2351,133,184,24,10,12,10,24
58,2351,105,206,24,10,12,10,24
58,2351,103,214,15,14,12,10,24
58,2351,137,179,15,14,12,10,24
58,2351,175,183,24,30,12,10,24
58,2351,199,202,24,30,12,10,24
58,2351,154,265,24,20,12,10,24
58,2351,181,293,9,15,12,10,24
58,2351,233,302,28,30,12,10,24
58,2351,237,308,30,15,12,10,24
58,2351,233,297,12,15,12,10,24
58,2351,238,291,24,10,12,10,24
58,2351,275,309,4,20,12,10,24
58,2351,294,332,4,20,12,10,24
58,2351,300,343,20,5,12,10,24
58,2351,311,350,6,20,12,10,24
58,2351,327,383,30,10,12,10,24
58,2351,306,404,20,10,12,10,24
58,2351,355,356,30,10,12,10,24
58,2351,342,268,10,30,12,10,24
58,2351,302,243,60,20,12,10,24
58,2351,262,153,24,10,12,10,24
58,2351,227,178,24,30,12,10,24
58,2351,209,156,10,30,12,10,24
58,2351,21,128,20,20,12,10,24
58,2351,76,139,20,20,12,10,24
58,2351,97,108,20,20,12,10,24
58,2351,133,79,30,20,12,10,32
58,2351,154,56,20,20,12,10,24
9876,2065,30,30,40,40,30,46000,30
9877,2065,30,30,40,40,15,46600,15
9878,2065,1,1,40,40,1,46600,166,1011,291,293,50,50,40,1,40
10,1075,206,176,40,40,10,1,10
10,1075,161,220,40,40,20,1,20
10,1075,154,283,40,40,20,1,20
10,1075,151,262,40,40,20,1,20
10,1075,417,746,40,40,20,1,20
11,1075,525,830,40,40,20,1,20
11,1075,489,835,40,40,20,1,20
11,1075,470,564,40,40,20,1,20
13,1075,749,843,40,40,20,1,20
13,1075,725,847,40,40,20,1,20
12,1075,656,471,40,40,10,1,10
12,1075,657,446,40,40,10,1,10
12,1075,528,282,40,40,10,1,10
12,1075,500,223,40,40,10,1,10
19,1015,461,674,40,40,10,1,10
19,1015,506,707,40,40,10,1,10
19,1015,508,698,20,20,10,1,10
19,1015,450,691,20,20,10,1,10
19,1015,548,735,20,20,10,1,10
19,1015,552,773,20,20,10,1,10
55,1015,422,486,20,20,10,1,10
55,1015,380,445,20,20,10,1,10
55,1015,385,432,20,20,10,1,10
55,1015,435,433,20,20,10,1,10
55,1015,380,404,20,20,10,1,10
55,1015,403,396,20,20,10,1,10
55,1015,436,369,20,20,10,1,10
55,1015,453,400,20,20,10,1,10
55,1015,365,418,20,20,10,1,10
55,1015,510,556,20,20,10,1,10
55,1015,567,575,20,20,10,1,10
19,1015,274,149,20,20,10,1,10
19,1015,261,89,20,20,10,1,10
19,1015,338,153,20,20,10,1,10
19,1015,322,157,20,20,10,1,10
19,1015,302,155,20,20,10,1,10
19,1015,297,141,20,20,10,1,10
56,1001,265,315,40,40,10,1,10
86,1001,278,382,40,40,10,1,10
86,1001,272,391,40,40,10,1,10
86,1001,275,412,40,40,10,1,10
86,1001,301,369,20,20,10,1,10
56,1001,332,443,40,40,10,1,10
56,1001,388,441,40,40,10,1,10
86,1001,435,351,40,40,10,1,10
86,1001,427,330,20,20,10,1,10
56,1001,594,352,20,20,10,1,10
56,1001,611,354,20,20,10,1,10
56,1001,612,351,20,20,10,1,10
56,1001,615,384,20,20,10,1,10
56,1001,605,382,20,20,10,1,10
56,1001,639,383,20,20,10,1,10
56,1001,667,394,20,20,10,1,10
56,1001,669,405,20,20,10,1,10
56,1001,688,428,20,20,10,1,10
56,1001,683,435,20,20,10,1,10
56,1001,670,472,20,20,10,1,10
56,1001,668,481,20,20,10,1,10
56,1001,660,497,20,20,10,1,10
56,1001,682,516,20,20,10,1,10
56,1001,694,492,20,20,10,1,10
14,1000,591,582,20,20,10,1,10
14,1000,574,564,40,40,10,1,10
14,1000,601,615,40,40,10,1,10
14,1000,606,665,40,40,10,1,10
14,1000,587,649,40,40,10,1,10
14,1000,566,644,40,40,10,1,10
14,1000,589,693,40,40,10,1,10
14,1000,635,728,40,40,10,1,10
14,1000,688,763,40,40,10,1,10
14,1000,738,758,40,40,10,1,10
14,1000,745,736,40,40,10,1,10
14,1000,727,723,40,40,10,1,10
14,1000,718,663,40,40,10,1,10
14,1000,693,635,40,40,10,1,10
14,1000,679,606,40,40,10,1,10
14,1000,655,570,40,40,10,1,10
14,1000,712,576,40,40,10,1,10
14,1000,723,577,40,40,10,1,10
14,1077,669,693,40,40,10,1,10
14,1077,677,679,40,40,10,1,10
14,1077,659,681,40,40,10,1,10
14,1077,653,668,40,40,10,1,10
14,1077,642,663,40,40,10,1,10
14,1077,654,639,40,40,10,1,10
14,1077,699,654,40,40,10,1,10
14,1077,726,688,40,40,10,1,10
14,1077,702,628,40,40,10,1,10
6,1011,320,133,40,40,10,1,10
6,1011,369,132,40,40,10,1,10
6,1011,412,142,40,40,10,1,10
7,1011,395,412,40,40,10,1,10
7,1011,384,397,40,40,10,1,10
7,1011,373,408,40,40,10,1,10
7,1011,415,472,40,40,10,1,10
7,1076,88,363,40,40,10,1,10
7,1076,97,367,40,40,10,1,10
7,1076,122,386,40,40,10,1,10
7,1076,131,371,40,40,10,1,10
7,1076,133,360,40,40,10,1,10
7,1076,168,380,40,40,10,1,10
7,1076,176,364,40,40,10,1,10
7,1076,170,349,40,40,10,1,10
7,1076,144,340,40,40,10,1,10
7,1076,128,332,40,40,10,1,10
7,1076,115,346,40,40,10,1,10
7,1076,105,327,40,40,10,1,10
7,1076,107,319,40,40,10,1,10
7,1076,191,398,40,40,10,1,10
7,1076,165,322,40,40,10,1,10
6,1076,336,120,40,40,10,1,10
6,1076,333,102,40,40,10,1,10
6,1076,340,101,40,40,10,1,10
6,1076,348,91,40,40,10,1,10
6,1076,337,85,40,40,10,1,10
6,1076,320,85,40,40,10,1,10
6,1076,360,138,40,40,10,1,10
6,1076,372,141,40,40,10,1,10
6,1076,395,127,40,40,10,1,10
6,1076,305,100,40,40,10,1,10
6,1076,295,82,40,40,10,1,10
6,1076,295,82,40,40,10,1,10
6,1076,307,65,40,40,10,1,10
6,1076,286,124,40,40,10,1,10
6,1076,274,119,40,40,10,1,10
6,1076,309,160,40,40,10,1,10
6,1076,309,160,40,40,10,1,10
6,1076,342,190,40,40,10,1,10
6,1076,352,170,40,40,10,1,10
6,1076,393,180,40,40,10,1,10
6,1076,382,188,40,40,10,1,10
1,1002,731,400,40,40,10,1,10
1,1002,725,410,40,40,10,1,10
1,1002,728,426,40,40,10,1,10
1,1002,728,426,40,40,10,1,10
1,1002,730,438,40,40,10,1,10
1,1002,712,436,40,40,10,1,10
1,1002,705,436,40,40,10,1,10
1,1002,696,428,40,40,10,1,10
1,1002,700,415,40,40,10,1,10
1,1002,753,470,40,40,10,1,10
1,1002,682,446,40,40,10,1,10
1,1002,677,426,40,40,10,1,10
1,1002,678,410,40,40,10,1,10
1,1002,692,406,40,40,10,1,10
1,1002,375,449,40,40,10,1,10
1,1002,375,449,40,40,10,1,10
1,1002,365,453,20,20,10,1,10
1,1002,369,434,20,20,10,1,10
1,1002,387,426,20,20,10,1,10
1,1002,407,435,20,20,10,1,10
1,1002,413,492,20,20,10,1,10
3141,1351,81,120,20,20,10,1,10
3141,1351,100,95,20,20,10,1,10
3141,1351,123,69,20,20,10,1,10
3141,1351,214,98,20,20,10,1,10
3141,1351,139,162,20,20,10,1,10
3141,1351,166,172,20,20,10,1,10
3141,1351,188,200,20,20,10,1,10
3141,1351,174,228,20,20,10,1,10
3141,1351,145,252,20,20,10,1,10
3141,1351,225,304,20,20,10,1,10
3141,1351,269,269,20,20,10,1,10
3141,1351,272,261,20,20,10,1,10
3141,1351,344,362,20,20,10,1,10
7,1011,497,440,40,40,20,1,20
7,1011,491,416,40,40,20,1,20
7,1011,479,374,40,40,20,1,20
7,1011,476,343,40,40,20,1,20
7,1011,457,338,40,40,20,1,20
7,1011,424,346,40,40,10,1,10
7,1011,386,347,40,40,10,1,10
7,1011,331,373,40,40,10,1,10
7,1011,299,346,40,40,10,1,10
7,1011,299,305,40,40,10,1,10
7,1011,304,253,40,40,10,1,10
7,1011,364,249,40,40,10,1,10
7,1011,355,212,40,40,10,1,10
7,1011,365,209,40,40,10,1,10
7,1011,433,239,40,40,10,1,10
7,1011,499,276,40,40,10,1,10
7,1011,482,284,40,40,10,1,10
7,1011,318,437,40,40,10,1,10
7,1011,302,438,40,40,10,1,10
7,1011,245,435,40,40,10,1,10
7,1011,240,416,40,40,10,1,10
7,1011,187,391,40,40,10,1,10
7,1011,156,337,40,40,10,1,10
7,1011,141,290,40,40,10,1,10
7,1011,85,362,40,40,10,1,10
7,1011,98,451,40,40,10,1,10
7,1011,175,518,40,40,10,1,10
7,1011,229,582,40,40,10,1,10
7,1011,232,535,40,40,10,1,10
7,1011,438,673,40,40,10,1,10
7,1011,431,678,40,40,10,1,10
7,1011,422,650,40,40,10,1,10
7,1011,392,497,40,40,10,1,10
7,1011,360,453,40,40,10,1,10
7,1011,354,339,40,40,10,1,10
7,1011,340,308,40,40,10,1,10
7,1011,413,274,40,40,10,1,10
8,1011,588,324,40,40,10,1,10
8,1011,598,302,40,40,10,1,10
8,1011,599,256,40,40,10,1,10
8,1011,577,217,40,40,10,1,10
8,1011,648,290,40,40,10,1,10
8,1011,648,283,40,40,10,1,10
8,1011,661,344,40,40,10,1,10
8,1011,698,359,40,40,10,1,10
8,1011,734,437,40,40,10,1,10
8,1011,690,432,40,40,10,1,10
8,1011,685,475,40,40,10,1,10
8,1011,704,484,40,40,10,1,10
8,1011,648,494,40,40,10,1,10
8,1011,615,499,40,40,10,1,10
113,1011,646,656,40,40,10,1,10
113,1011,626,655,40,40,10,1,10
113,1011,625,694,40,40,10,1,10
113,1011,607,702,40,40,10,1,10
113,1011,576,726,40,40,10,1,10
113,1011,556,741,40,40,10,1,10
113,1011,519,742,40,40,10,1,10
113,1011,607,859,40,40,10,1,10
113,1011,652,823,40,40,10,1,10
113,1011,650,750,40,40,10,1,10
113,1011,692,713,40,40,10,1,10
113,1011,715,652,40,40,10,1,10
113,1011,746,612,40,40,10,1,10
113,1011,812,632,40,40,10,1,10
113,1011,844,540,40,40,10,1,10
10,1020,693,683,40,40,10,1,10
10,1020,711,719,40,40,10,1,10
10,1020,679,716,40,40,10,1,10
10,1020,658,705,40,40,10,1,10
10,1020,630,726,40,40,10,1,10
10,1020,607,733,40,40,10,1,10
10,1020,693,765,40,40,10,1,10
10,1020,639,780,40,40,10,1,10
10,1020,582,811,40,40,10,1,10
10,1020,595,769,40,40,10,1,10
10,1020,648,578,40,40,10,1,10
10,1020,767,659,40,40,10,1,10
10,1020,783,606,40,40,10,1,10
10,1020,733,525,40,40,10,1,10
10,1020,695,510,40,40,10,1,10
10,1020,636,503,40,40,10,1,10
10,1020,612,503,40,40,10,1,10
10,1020,638,555,40,40,10,1,10
10,1020,801,544,40,40,10,1,10
10,1020,866,556,40,40,10,1,10
11,1020,663,333,40,40,10,1,10
11,1020,646,316,40,40,10,1,10
11,1020,618,325,40,40,10,1,10
11,1020,527,237,40,40,10,1,10
11,1020,474,260,40,40,10,1,10
11,1020,453,314,40,40,10,1,10
11,1020,562,414,40,40,10,1,10
11,1020,600,347,40,40,10,1,10
11,1020,519,181,40,40,10,1,10
11,1020,462,151,40,40,10,1,10
13,1020,239,558,40,40,10,1,10
13,1020,280,556,40,40,10,1,10
13,1020,314,576,40,40,10,1,10
13,1020,290,605,40,40,10,1,10
13,1020,256,599,40,40,10,1,10
13,1020,205,555,40,40,10,1,10
13,1020,182,519,40,40,10,1,10
13,1020,194,507,40,40,10,1,10
13,1020,186,485,40,40,10,1,10
13,1020,189,460,40,40,10,1,10
13,1020,150,424,40,40,10,1,10
13,1020,115,398,40,40,10,1,10
13,1020,87,405,40,40,10,1,10
13,1020,71,433,40,40,10,1,10
13,1020,122,450,40,40,10,1,10
13,1020,169,458,40,40,10,1,10
13,1020,160,482,40,40,10,1,10
13,1020,160,482,40,40,10,1,10
13,1020,248,543,40,40,10,1,10
13,1020,277,463,40,40,10,1,10
13,1020,405,458,40,40,10,1,10
13,1020,434,533,40,40,10,1,10
13,1020,439,564,40,40,10,1,10
13,1020,428,604,40,40,10,1,10
13,1020,403,603,40,40,10,1,10
13,1020,358,604,40,40,10,1,10
13,1020,346,653,40,40,10,1,10
13,1020,402,698,40,40,10,1,10
13,1020,402,698,40,40,10,1,10
13,1020,439,742,40,40,10,1,10
13,1020,455,752,40,40,10,1,10
3,1002,475,613,40,40,10,1,10
3,1002,469,613,40,40,10,1,10
3,1002,511,624,40,40,10,1,10
3,1002,479,651,40,40,10,1,10
3,1002,531,669,40,40,10,1,10
3,1002,552,656,20,20,10,1,10
3,1002,518,668,20,20,10,1,10
3,1002,481,728,20,20,10,1,10
3,1002,384,717,20,20,10,1,10
3,1002,403,762,20,20,10,1,10
3,1002,406,805,20,20,10,1,10
3,1002,423,810,20,20,10,1,10
3,1002,441,779,20,20,10,1,10
3,1002,470,778,20,20,10,1,10
55,1015,429,527,20,20,10,1,10
55,1015,411,503,20,20,10,1,10
55,1015,466,529,20,20,10,1,10
55,1015,471,500,20,20,10,1,10
55,1015,481,467,20,20,10,1,10
55,1015,496,450,20,20,10,1,10
55,1015,523,489,20,20,10,1,10
55,1015,511,526,20,20,10,1,10
55,1015,462,561,20,20,10,1,10
55,1015,548,578,20,20,10,1,10
55,1015,558,546,20,20,10,1,10
55,1015,555,518,20,20,10,1,10
55,1015,549,494,20,20,10,1,10
55,1015,444,344,20,20,10,1,10
10,1075,186,182,20,20,10,1,10
10,1075,223,229,20,20,10,1,10
10,1075,205,241,20,20,10,1,10
10,1075,133,294,20,20,10,1,10
10,1075,166,331,20,20,10,1,10
10,1075,293,443,20,20,10,1,10
10,1075,392,538,20,20,10,1,10
11,1075,418,728,20,20,10,1,10
12,1075,584,512,20,20,10,1,10
12,1075,596,451,20,20,10,1,10
12,1075,575,364,20,20,10,1,10
12,1075,533,184,20,20,10,1,10
7,1076,217,358,20,20,10,1,10
7,1076,226,394,20,20,10,1,10
7,1076,174,422,20,20,10,1,10
7,1076,100,410,20,20,10,1,10
7,1076,76,407,20,20,10,1,10
7,1076,53,390,20,20,10,1,10
7,1076,160,451,20,20,10,1,10
7,1076,141,433,20,20,10,1,10
7,1076,153,310,20,20,10,1,10
7,1076,201,314,20,20,10,1,10
7,1076,180,289,20,20,10,1,10
7,1076,215,292,20,20,10,1,10
7,1076,264,335,20,20,10,1,10
7,1076,265,364,20,20,10,1,10
7,1076,246,376,20,20,10,1,10
7,1076,257,407,20,20,10,1,10
7,1076,244,428,20,20,10,1,10
7,1076,225,445,20,20,10,1,10
5,1002,137,355,20,20,10,1,10
5,1002,119,298,20,20,10,1,10
5,1002,149,286,20,20,10,1,10
5,1002,148,266,20,20,10,1,10
5,1002,176,275,20,20,10,1,10
5,1002,184,311,20,20,10,1,10
5,1002,202,359,20,20,10,1,10
5,1002,216,395,20,20,10,1,10
5,1002,205,426,20,20,10,1,10
5,1002,179,419,20,20,10,1,10
5,1002,193,454,20,20,10,1,10
5,1002,183,481,20,20,10,1,10
5,1002,161,501,20,20,10,1,10
5,1002,137,509,20,20,10,1,10
5,1002,109,505,20,20,10,1,10
5,1002,79,476,20,20,10,1,10
5,1002,86,427,20,20,10,1,10
5,1002,63,371,20,20,10,1,10
5,1002,79,344,20,20,10,1,10
5,1002,92,376,20,20,10,1,10
3,1002,545,716,50,50,10,1,10
3,1002,406,695,50,50,10,1,10
3,1002,413,791,50,50,10,1,106,1011,280,99,40,40,5,1,5
6,1011,302,89,40,40,5,1,5
6,1011,319,64,40,40,5,1,5
6,1011,451,128,60,60,10,1,10
6,1011,522,163,30,30,5,1,5
6,1011,355,71,30,30,5,1,5
10,1020,665,617,20,20,5,1,5
10,1020,639,613,40,40,5,1,5
10,1020,603,612,20,20,5,1,5
10,1020,626,584,20,20,5,1,5
10,1020,626,553,40,40,5,1,5
10,1020,607,493,40,40,5,1,5
10,1020,650,541,40,40,5,1,5
10,1020,666,538,40,40,5,1,5
10,1020,675,504,40,40,5,1,5
10,1020,780,547,40,40,5,1,5
10,1020,776,568,40,40,5,1,5
10,1020,639,610,40,40,5,1,5
10,1020,673,630,40,40,5,1,5
10,1020,661,660,40,40,5,1,5
10,1020,717,653,40,40,5,1,5
10,1020,719,633,40,40,5,1,5
10,1020,703,613,40,40,5,1,5
10,1020,731,605,40,40,5,1,5
10,1020,732,574,40,40,5,1,5
10,1020,723,536,40,40,5,1,5
10,1020,647,520,40,40,5,1,5
10,1020,688,542,40,40,5,1,5
10,1020,720,562,40,40,5,1,5
10,1020,775,551,20,20,3,1,3
10,1020,783,527,20,20,5,1,5
10,1020,836,564,30,30,5,1,5
10,1020,852,546,30,30,5,1,5
10,1020,838,599,30,30,5,1,5
10,1020,823,609,30,30,5,1,5
10,1020,825,586,30,30,3,1,3
10,1020,603,552,40,40,5,1,5
10,1020,663,670,40,40,5,1,5
10,1020,708,704,40,40,5,1,5
10,1020,743,702,40,40,5,1,5
10,1020,742,685,40,40,5,1,5
10,1020,725,622,40,40,5,1,5
10,1020,687,595,40,40,5,1,5
10,1020,790,461,40,40,5,1,5
10,1020,773,442,40,40,5,1,5
10,1020,757,424,40,40,5,1,5
10,1020,735,396,40,40,5,1,5
10,1020,719,396,40,40,5,1,5
10,1020,683,399,40,40,5,1,5
10,1020,660,416,40,40,5,1,5
10,1020,628,434,40,40,5,1,5
10,1020,634,431,40,40,5,1,5
10,1020,627,404,40,40,5,1,5
11,1020,631,290,40,40,5,1,5
11,1020,581,303,40,40,5,1,5
11,1020,608,277,40,40,5,1,5
10,1020,640,534,40,40,5,1,5
10,1020,640,534,40,40,5,1,5
10,1020,670,550,40,40,5,1,5
10,1020,670,550,40,40,5,1,5
10,1020,611,579,40,40,5,1,5
10,1020,615,553,40,40,5,1,5
10,1020,615,553,40,40,5,1,5
10,1020,685,579,40,40,5,1,5
10,1020,690,597,40,40,5,1,5
10,1020,701,641,40,40,5,1,5
10,1020,697,655,40,40,5,1,5
10,1020,684,658,40,40,5,1,5
10,1020,665,636,40,40,5,1,5
10,1020,665,636,40,40,5,1,5
10,1020,624,633,40,40,5,1,5
10,1020,625,590,40,40,5,1,5
10,1020,644,605,40,40,5,1,5
10,1020,676,605,40,40,5,1,5
10,1020,617,537,40,40,5,1,5
10,1020,636,688,40,40,5,1,5
10,1020,638,705,40,40,5,1,5
10,1020,634,705,40,40,5,1,5
10,1020,661,746,40,40,5,1,5
10,1020,661,746,40,40,5,1,5
10,1020,632,675,40,40,5,1,5
10,1020,632,680,40,40,5,1,5
10,1020,773,644,40,40,5,1,5
10,1020,773,644,40,40,5,1,5
10,1020,772,613,40,40,5,1,5
10,1020,762,583,40,40,5,1,5
10,1020,762,583,40,40,5,1,5
10,1020,738,580,40,40,5,1,5
10,1020,703,537,40,40,5,1,5
10,1020,698,536,40,40,5,1,5
10,1020,799,639,40,40,5,1,5
10,1020,799,639,40,40,5,1,5
10,1020,641,761,40,40,5,1,5
10,1020,640,753,40,40,5,1,5
10,1020,750,533,40,40,5,1,5
10,1020,782,594,40,40,5,1,5
10,1020,739,690,40,40,5,1,5
10,1020,743,689,40,40,5,1,5
10,1020,684,521,40,40,5,1,5
10,1020,716,598,40,40,5,1,5
10,1020,758,644,40,40,5,1,5
10,1020,758,644,40,40,5,1,5
10,1020,737,640,40,40,5,1,5
10,1020,689,510,40,40,5,1,5
10,1020,650,497,40,40,5,1,5
10,1020,808,531,40,40,5,1,5
10,1020,794,529,40,40,5,1,5
10,1020,754,557,40,40,5,1,5
10,1020,809,580,40,40,5,1,5
10,1020,847,600,40,40,5,1,5
10,1020,885,569,40,40,5,1,5
10,1020,898,553,40,40,5,1,5
10,1020,872,544,40,40,5,1,5
10,1020,624,776,40,40,5,1,5
55,1015,432,397,20,20,5,1,5
55,1015,418,384,20,20,5,1,5
55,1015,430,350,20,20,5,1,5
55,1015,426,336,20,20,5,1,5
55,1015,402,490,20,20,5,1,5
55,1015,410,425,20,20,5,1,5
55,1015,491,571,20,20,5,1,5
55,1015,534,539,20,20,5,1,5
55,1015,549,461,20,20,5,1,5
55,1015,530,459,20,20,5,1,5
55,1015,542,482,20,20,5,1,5
55,1015,481,489,40,40,5,1,5
55,1015,459,484,40,40,5,1,5
55,1015,439,500,40,40,5,1,5
55,1015,362,395,40,40,5,1,5
55,1015,371,405,20,20,5,1,5
55,1015,412,367,20,20,5,1,5
19,1015,286,168,40,40,5,1,5
19,1015,291,173,20,20,5,1,5
19,1015,312,182,20,20,5,1,5
19,1015,335,190,20,20,5,1,5
19,1015,346,182,20,20,5,1,5
19,1015,347,170,20,20,5,1,5
19,1015,367,182,20,20,5,1,5
19,1015,352,136,20,20,5,1,5
19,1015,292,90,20,20,5,1,5
19,1015,274,86,20,20,5,1,5
19,1015,249,78,20,20,5,1,5
14,1000,642,660,20,20,5,1,5
14,1000,617,602,20,20,5,1,5
14,1000,594,642,20,20,5,1,5
14,1000,582,632,20,20,5,1,5
14,1000,619,647,20,20,5,1,5
14,1000,643,642,20,20,5,1,5
14,1000,660,668,20,20,5,1,5
14,1000,671,681,20,20,5,1,5
14,1000,694,693,20,20,5,1,5
14,1000,698,683,20,20,5,1,5
14,1000,712,703,20,20,5,1,5
14,1000,691,708,20,20,5,1,5
14,1000,681,699,20,20,5,1,5
14,1000,679,670,20,20,5,1,5
14,1000,666,653,20,20,5,1,5
14,1000,673,658,20,20,5,1,5
14,1000,693,664,20,20,5,1,5
14,1000,691,678,20,20,5,1,5
14,1000,719,676,20,20,5,1,5
14,1000,716,675,20,20,5,1,5
14,1000,722,700,20,20,5,1,5
14,1000,647,614,20,20,5,1,5
14,1000,654,631,20,20,5,1,5
14,1000,638,715,20,20,5,1,5
14,1000,615,714,20,20,5,1,5
14,1000,585,742,20,20,5,1,5
14,1000,575,739,20,20,5,1,5
14,1000,579,758,20,20,5,1,5
14,1000,568,779,20,20,5,1,5
14,1000,691,592,20,20,5,1,5
15,1000,663,505,20,20,5,1,5
15,1000,674,501,40,40,5,1,5
15,1000,686,492,40,40,5,1,5
15,1000,679,490,40,40,5,1,5
15,1000,711,478,40,40,5,1,5
15,1000,739,513,40,40,5,1,5
15,1000,743,519,40,40,10,1,10
15,1000,721,513,40,40,10,1,10
15,1000,746,498,40,40,10,1,10
15,1000,743,477,40,40,10,1,10
15,1000,747,471,40,40,10,1,10
15,1000,487,474,40,40,10,1,10
15,1000,494,452,40,40,10,1,10
15,1000,502,430,40,40,10,1,10
15,1000,522,405,40,40,10,1,10
15,1000,525,404,40,40,10,1,10
15,1000,525,369,40,40,10,1,10
15,1000,529,337,40,40,10,1,10
15,1000,532,304,40,40,10,1,10
15,1000,532,304,40,40,10,1,10
15,1000,551,277,40,40,10,1,10
15,1000,538,286,40,40,10,1,10
15,1000,574,280,40,40,10,1,10
15,1000,595,321,40,40,10,1,10
15,1000,575,341,40,40,10,1,10
15,1000,562,353,40,40,10,1,10
15,1000,605,394,40,40,10,1,10
15,1000,588,396,40,40,10,1,10
15,1000,580,432,40,40,10,1,10
15,1000,622,439,40,40,10,1,10
15,1000,665,436,40,40,10,1,10
15,1000,659,468,40,40,10,1,10
15,1000,675,458,40,40,10,1,10
15,1000,699,476,40,40,10,1,10
15,1000,645,508,40,40,10,1,10
15,1000,631,491,40,40,10,1,10
15,1000,632,485,40,40,10,1,10
15,1000,611,472,40,40,10,1,10
15,1000,588,477,40,40,10,1,10
15,1000,574,482,40,40,10,1,10
15,1000,570,516,40,40,10,1,10
15,1000,599,518,40,40,10,1,10
15,1000,628,524,40,40,10,1,10
15,1000,697,523,40,40,10,1,10
15,1000,668,420,40,40,10,1,10
15,1000,706,458,40,40,10,1,10
15,1000,792,530,40,40,10,1,10
15,1000,789,503,40,40,10,1,10
15,1000,726,433,40,40,10,1,10
15,1000,708,420,40,40,10,1,10
15,1000,700,428,40,40,10,1,10
15,1000,692,396,40,40,10,1,10
15,1000,673,389,40,40,10,1,10
15,1000,634,360,40,40,10,1,10
15,1000,609,379,40,40,10,1,10
13,1075,912,605,40,40,10,1,10
13,1075,899,611,40,40,10,1,10
13,1075,889,631,40,40,10,1,10
13,1075,901,662,40,40,10,1,10
13,1075,892,690,40,40,10,1,10
13,1075,901,582,40,40,10,1,10
13,1075,903,558,40,40,10,1,10
13,1075,879,541,40,40,10,1,10
13,1075,879,583,40,40,10,1,10
13,1075,870,614,40,40,10,1,10
13,1075,869,650,40,40,10,1,10
13,1075,945,651,40,40,10,1,10
13,1075,641,968,40,40,10,1,10
13,1075,635,949,40,40,10,1,10
13,1075,638,914,40,40,10,1,10
13,1075,629,888,40,40,10,1,10
13,1075,623,869,40,40,10,1,10
13,1075,620,849,40,40,10,1,10
13,1075,611,828,40,40,10,1,10
13,1075,610,814,40,40,10,1,10
13,1075,650,833,40,40,10,1,10
13,1075,679,855,40,40,10,1,10
13,1075,687,864,40,40,10,1,10
13,1075,714,872,40,40,10,1,10
13,1075,695,876,40,40,10,1,10
13,1075,675,901,40,40,10,1,10
13,1075,670,917,40,40,10,1,10
13,1075,663,876,40,40,10,1,10
11,1075,565,919,40,40,10,1,10
11,1075,557,897,40,40,10,1,10
11,1075,540,890,40,40,10,1,10
11,1075,562,874,40,40,10,1,10
11,1075,532,776,40,40,10,1,10
11,1075,530,753,40,40,10,1,10
11,1075,515,762,40,40,10,1,10
11,1075,496,766,40,40,10,1,10
11,1075,476,805,40,40,10,1,10
11,1075,455,807,40,40,10,1,10
11,1075,522,809,40,40,10,1,10
11,1075,466,745,40,40,10,1,10
11,1075,475,724,40,40,10,1,10
11,1075,460,772,40,40,10,1,10
11,1075,445,792,40,40,10,1,10
11,1075,375,723,40,40,10,1,10
11,1075,360,710,40,40,10,1,10
11,1075,342,694,40,40,10,1,10
11,1075,325,677,40,40,10,1,10
11,1075,300,651,40,40,10,1,10
11,1075,285,636,40,40,10,1,10
11,1075,275,619,40,40,10,1,10
11,1075,237,586,40,40,10,1,10
11,1075,218,571,40,40,10,1,10
11,1075,199,553,40,40,10,1,10
11,1075,178,533,40,40,10,1,10
11,1075,163,516,40,40,10,1,10
11,1075,135,490,40,40,10,1,10
11,1075,124,479,40,40,10,1,10
11,1075,96,451,40,40,10,1,10
11,1075,83,439,40,40,10,1,10
11,1075,70,428,40,40,10,1,10
11,1075,45,400,40,40,10,1,10
11,1075,27,383,40,40,10,1,10
11,1075,8,363,40,40,10,1,10
11,1075,20,363,40,40,10,1,10
11,1075,29,349,40,40,10,1,10
11,1075,38,328,40,40,10,1,10
11,1075,46,317,40,40,10,1,10
11,1075,55,308,40,40,10,1,10
11,1075,62,302,40,40,10,1,10
11,1075,71,293,40,40,10,1,10
11,1075,93,329,40,40,10,1,10
11,1075,84,338,40,40,10,1,10
11,1075,69,351,40,40,10,1,10
11,1075,76,381,40,40,10,1,10
11,1075,88,394,40,40,10,1,10
11,1075,109,377,40,40,10,1,10
11,1075,115,364,40,40,10,1,10
11,1075,131,415,40,40,10,1,10
11,1075,138,442,40,40,10,1,10
11,1075,131,464,40,40,10,1,10
11,1075,140,415,40,40,10,1,10
11,1075,171,415,40,40,10,1,10
11,1075,141,396,40,40,10,1,10
11,1075,141,381,40,40,10,1,10
11,1075,126,353,40,40,10,1,10
11,1075,106,321,40,40,10,1,10
11,1075,91,302,40,40,10,1,10
11,1075,101,286,40,40,10,1,10
7,1011,335,598,40,40,10,1,10
7,1011,315,599,40,40,10,1,10
7,1011,327,610,40,40,10,1,10
7,1011,300,592,40,40,10,1,10
7,1011,300,592,40,40,10,1,10
7,1011,283,566,40,40,10,1,10
7,1011,283,566,40,40,10,1,10
7,1011,263,555,40,40,10,1,10
7,1011,212,531,40,40,10,1,10
7,1011,247,574,40,40,10,1,10
7,1011,248,613,40,40,10,1,10
7,1011,257,624,40,40,10,1,10
7,1011,299,634,40,40,10,1,10
7,1011,299,634,40,40,10,1,10
7,1011,283,613,40,40,10,1,10
7,1011,223,488,40,40,10,1,10
7,1011,198,478,40,40,10,1,10
7,1011,173,477,40,40,10,1,10
7,1011,151,471,40,40,10,1,10
7,1011,139,467,40,40,10,1,10
7,1011,121,488,40,40,10,1,10
7,1011,163,506,40,40,10,1,10
7,1011,154,521,40,40,10,1,10
7,1011,199,550,40,40,10,1,10
7,1011,215,566,40,40,10,1,10
7,1011,211,578,40,40,10,1,10
7,1011,278,604,40,40,10,1,10
15,1000,555,388,40,40,10,1,10
15,1000,587,322,40,40,10,1,10
15,1000,613,361,40,40,10,1,10
15,1000,567,377,40,40,10,1,10
10,1020,599,501,40,40,10,1,10
10,1020,599,505,40,40,10,1,10
10,1020,625,491,40,40,10,1,10
10,1020,655,499,40,40,10,1,10
10,1020,697,509,40,40,10,1,10
10,1020,735,514,40,40,10,1,10
10,1020,762,540,40,40,10,1,10
10,1020,801,578,40,40,10,1,10
10,1020,819,631,40,40,10,1,10
10,1020,771,614,40,40,10,1,10
10,1020,754,634,40,40,10,1,10
10,1020,730,677,40,40,10,1,10
10,1020,734,654,40,40,10,1,10
10,1020,674,674,40,40,10,1,10
10,1020,713,719,40,40,10,1,10
10,1020,662,733,40,40,10,1,10
10,1020,628,817,40,40,10,1,10
10,1020,628,817,40,40,10,1,10
10,1020,594,828,40,40,10,1,10
10,1020,592,799,40,40,10,1,10
10,1020,574,792,40,40,10,1,10
10,1020,571,772,40,40,10,1,10
10,1020,569,781,40,40,10,1,10
10,1020,574,757,40,40,10,1,10
10,1020,586,756,40,40,10,1,10
10,1020,567,743,40,40,10,1,10
10,1020,582,731,40,40,10,1,10
10,1020,582,731,40,40,10,1,10
10,1020,597,713,40,40,10,1,10
10,1020,600,705,40,40,10,1,10
10,1020,610,691,40,40,10,1,10
10,1020,620,678,40,40,10,1,10
10,1020,591,684,40,40,10,1,10
10,1020,591,684,40,40,10,1,10
10,1020,571,698,40,40,10,1,10
10,1020,559,692,40,40,10,1,10
10,1020,620,656,40,40,10,1,10
10,1020,620,656,40,40,10,1,10
10,1020,621,620,40,40,10,1,10
10,1020,718,627,40,40,5,1,5
10,1020,684,578,40,40,10,1,10
10,1020,653,575,20,20,5,1,5
10,1020,673,555,20,20,5,1,5
10,1020,684,535,20,20,5,1,5
10,1020,689,606,20,20,5,1,5
10,1020,668,597,20,20,5,1,5
10,1020,719,694,20,20,5,1,5
10,1075,356,73,40,40,10,1,10
10,1075,361,74,40,40,10,1,10
10,1075,349,90,40,40,10,1,10
10,1075,342,69,40,40,10,1,10
10,1075,357,107,40,40,10,1,10
10,1075,344,101,40,40,10,1,10
10,1075,392,67,40,40,10,1,10
10,1075,382,78,40,40,10,1,10
10,1075,368,55,40,40,10,1,10
10,1075,352,47,40,40,10,1,10
10,1075,352,47,40,40,10,1,10
10,1075,362,52,20,20,5,1,5
10,1075,350,57,20,20,5,1,5
10,1075,336,57,20,20,5,1,5
10,1075,330,75,20,20,5,1,5
10,1075,318,85,20,20,5,1,5
10,1075,334,101,20,20,5,1,5
10,1075,340,101,20,20,5,1,5
10,1075,315,60,20,20,5,1,5
10,1075,336,88,20,20,5,1,5
10,1075,401,133,20,20,5,1,5
10,1075,402,124,20,20,5,1,5
10,1075,395,117,20,20,5,1,5
10,1075,386,138,20,20,5,1,5
10,1075,374,133,20,20,5,1,5
10,1075,391,95,20,20,5,1,5
10,1075,329,44,20,20,5,1,5
10,1075,329,44,20,20,5,1,5
10,1075,347,39,20,20,5,1,5
11,1075,479,547,20,20,5,1,5
11,1075,472,531,20,20,5,1,5
11,1075,486,520,20,20,5,1,5
11,1075,473,505,20,20,5,1,5
11,1075,456,512,20,20,5,1,5
11,1075,476,495,20,20,5,1,5
11,1075,459,495,20,20,5,1,5
13,1075,593,559,20,20,5,1,5
13,1075,581,559,20,20,5,1,5
13,1075,598,575,20,20,5,1,5
13,1075,610,564,20,20,5,1,5
13,1075,605,549,20,20,5,1,5
13,1075,592,539,20,20,5,1,5
13,1075,578,544,20,20,5,1,5
13,1075,572,560,20,20,5,1,5
13,1075,587,582,20,20,5,1,5
13,1075,617,584,20,20,5,1,5
13,1075,628,568,20,20,5,1,5
13,1075,637,594,20,20,5,1,5
13,1075,627,601,20,20,5,1,5
13,1075,615,605,20,20,5,1,5
13,1075,612,601,20,20,5,1,5
13,1075,595,599,20,20,5,1,5
13,1075,599,613,20,20,5,1,5
13,1075,612,618,20,20,5,1,5
13,1075,640,621,20,20,5,1,5
13,1075,655,609,20,20,5,1,5
13,1075,581,590,20,20,5,1,5
13,1075,597,626,20,20,5,1,5
13,1075,610,637,20,20,5,1,5
13,1075,625,638,20,20,5,1,5
13,1075,637,640,20,20,5,1,5
13,1075,626,628,20,20,5,1,5
13,1075,617,621,20,20,5,1,5
13,1075,656,645,20,20,5,1,5
13,1075,658,633,20,20,5,1,5
13,1075,658,631,20,20,5,1,5
13,1075,673,651,20,20,5,1,5
13,1075,681,645,20,20,5,1,5
13,1075,680,645,20,20,5,1,5
13,1075,674,613,20,20,5,1,5
13,1075,668,602,20,20,5,1,5
13,1075,655,599,20,20,5,1,5
13,1075,657,582,20,20,5,1,5
13,1075,676,591,20,20,5,1,5
13,1075,697,612,20,20,5,1,5
13,1075,699,629,20,20,5,1,5
13,1075,701,646,20,20,5,1,5
13,1075,684,657,20,20,5,1,5
13,1075,673,579,20,20,5,1,5
20,1001,266,552,20,20,5,1,5
20,1001,266,573,20,20,5,1,5
20,1001,274,598,20,20,5,1,5
20,1001,278,603,20,20,5,1,5
20,1001,281,559,20,20,5,1,5
20,1001,279,544,20,20,5,1,5
20,1001,321,611,20,20,5,1,5
20,1001,340,613,20,20,5,1,5
20,1001,341,600,20,20,5,1,5
20,1001,323,589,20,20,5,1,5
20,1001,327,588,20,20,5,1,5
20,1001,313,607,20,20,5,1,5
20,1001,309,616,20,20,5,1,5
20,1001,333,641,20,20,5,1,5
20,1001,367,613,20,20,5,1,5
20,1001,377,600,20,20,5,1,5
20,1001,257,552,20,20,5,1,5
20,1001,258,503,20,20,5,1,5
56,1001,346,426,20,20,5,1,5
56,1001,333,433,20,20,5,1,5
56,1001,332,455,20,20,5,1,5
56,1001,323,440,20,20,5,1,5
56,1001,324,427,20,20,5,1,5
56,1001,646,700,10,10,5,1,5
56,1001,646,687,10,10,5,1,5
56,1001,655,688,10,10,5,1,5
56,1001,666,688,10,10,5,1,5
56,1001,669,679,10,10,5,1,5
56,1001,661,678,10,10,5,1,5
56,1001,653,679,10,10,5,1,5
56,1001,645,678,10,10,5,1,5
56,1001,645,671,10,10,5,1,5
56,1001,653,673,10,10,5,1,5
56,1001,660,674,10,10,5,1,5
56,1001,671,674,10,10,5,1,5
56,1001,681,665,10,10,5,1,5
56,1001,671,664,10,10,5,1,5
56,1001,661,663,10,10,5,1,5
56,1001,648,658,10,10,5,1,5
56,1001,647,649,10,10,5,1,5
56,1001,647,639,40,40,5,1,5
56,1001,670,644,40,40,5,1,5
56,1001,661,638,40,40,10,1,10
56,1001,600,602,40,40,10,1,10
56,1001,600,602,40,40,10,1,10
56,1001,593,597,40,40,10,1,10
56,1001,606,644,40,40,10,1,10
56,1001,609,645,40,40,10,1,10
56,1001,610,587,40,40,10,1,10
56,1001,603,616,40,40,10,1,10
56,1001,612,614,40,40,10,1,10
56,1001,607,594,40,40,10,1,10
56,1001,593,597,40,40,10,1,10
56,1001,595,601,20,20,5,1,5
56,1001,622,589,20,20,5,1,5
56,1001,611,589,20,20,5,1,5
56,1001,598,621,20,20,5,1,5
56,1001,616,653,20,20,5,1,5
13,1020,388,645,40,40,10,1,10
13,1020,412,642,40,40,10,1,10
13,1020,426,643,40,40,10,1,10
13,1020,419,678,40,40,10,1,10
13,1020,381,678,40,40,10,1,10
13,1020,373,692,40,40,10,1,10
13,1020,349,689,40,40,10,1,10
13,1020,332,685,40,40,10,1,10
13,1020,312,669,40,40,10,1,10
13,1020,321,659,40,40,10,1,10
13,1020,316,646,40,40,10,1,10
13,1020,326,634,40,40,10,1,10
13,1020,341,612,40,40,10,1,10
13,1020,337,595,40,40,10,1,10
13,1020,293,644,40,40,10,1,10
13,1020,453,683,40,40,10,1,10
13,1020,462,664,40,40,10,1,10
13,1020,470,651,40,40,10,1,10
13,1020,473,631,40,40,10,1,10
13,1020,466,611,40,40,10,1,10
13,1020,453,602,40,40,10,1,10
13,1020,483,696,40,40,10,1,10
13,1020,470,727,40,40,10,1,10
13,1020,446,722,40,40,10,1,10
13,1020,497,768,40,40,10,1,10
13,1020,480,782,40,40,10,1,10
13,1020,454,792,40,40,10,1,10
13,1020,487,809,40,40,10,1,10
13,1020,473,832,40,40,10,1,10
13,1020,506,844,40,40,10,1,10
13,1020,516,875,40,40,10,1,10
13,1020,510,818,40,40,10,1,10
13,1020,453,729,40,40,10,1,10
13,1020,421,736,40,40,10,1,10
13,1020,407,741,40,40,10,1,10
13,1020,392,729,40,40,10,1,10
13,1020,371,728,40,40,10,1,10
13,1020,379,700,40,40,10,1,10
13,1020,363,649,40,40,10,1,10
13,1020,371,597,40,40,10,1,10
13,1020,381,575,40,40,10,1,10
13,1020,383,559,40,40,10,1,10
13,1020,375,544,40,40,10,1,10
13,1020,357,526,40,40,10,1,10
13,1020,344,532,40,40,10,1,10
13,1020,317,500,40,40,10,1,10
13,1020,306,475,40,40,10,1,10
13,1020,314,453,40,40,10,1,10
13,1020,292,449,40,40,10,1,10
13,1020,278,438,40,40,10,1,10
13,1020,263,441,40,40,10,1,10
13,1020,247,441,40,40,10,1,10
13,1020,236,448,40,40,10,1,10
13,1020,218,440,40,40,10,1,10
13,1020,208,436,40,40,10,1,10
13,1020,187,435,40,40,10,1,10
13,1020,188,411,40,40,10,1,10
13,1020,220,418,40,40,10,1,10
13,1020,208,421,40,40,10,1,10
13,1020,169,404,40,40,10,1,10
13,1020,144,405,40,40,10,1,10
13,1020,130,411,40,40,10,1,10
13,1020,240,475,40,40,10,1,10
13,1020,218,497,40,40,10,1,10
13,1020,216,542,40,40,10,1,10
13,1020,262,525,40,40,10,1,10
13,1020,301,534,40,40,10,1,10
13,1020,324,556,40,40,10,1,10
13,1020,322,571,40,40,10,1,10
13,1020,292,596,40,40,10,1,10
13,1020,256,578,40,40,10,1,10
13,1020,243,590,40,40,10,1,10
13,1020,221,586,40,40,10,1,10
13,1020,411,640,40,40,10,1,10
13,1020,380,631,40,40,5,1,5
13,1020,420,609,40,40,5,1,5
13,1020,481,667,40,40,5,1,5
13,1020,435,684,40,40,5,1,5
13,1020,387,624,40,40,5,1,5
13,1020,320,512,40,40,5,1,5
13,1020,81,390,40,40,5,1,5
112,1076,490,835,60,60,20,1,20
112,1076,510,843,60,60,20,1,20
112,1076,561,896,60,60,20,1,20
112,1076,561,896,60,60,20,1,20
112,1076,615,958,60,60,20,1,20
112,1076,607,935,60,60,20,1,20
112,1076,633,927,60,60,20,1,20
112,1076,632,910,60,60,20,1,20
112,1076,618,886,60,60,20,1,20
112,1076,612,890,60,60,20,1,20
112,1076,587,861,60,60,20,1,20
112,1076,578,846,60,60,20,1,20
112,1076,565,832,60,60,20,1,20
112,1076,560,833,60,60,20,1,20
112,1076,572,807,60,60,20,1,20
112,1076,578,787,60,60,20,1,20
112,1076,617,822,60,60,20,1,20
112,1076,648,832,60,60,20,1,20
112,1076,635,816,60,60,20,1,20
112,1076,622,785,60,60,20,1,20
112,1076,637,783,60,60,20,1,20
112,1076,592,760,60,60,20,1,20
112,1076,582,779,60,60,20,1,20
112,1076,643,754,60,60,20,1,20
112,1076,656,751,60,60,20,1,20
112,1076,701,787,60,60,20,1,20
112,1076,720,809,60,60,20,1,20
112,1076,738,797,60,60,20,1,20
112,1076,711,767,60,60,20,1,20
112,1076,674,726,60,60,20,1,20
112,1076,687,728,60,60,20,1,20
112,1076,678,702,60,60,20,1,20
112,1076,734,739,60,60,20,1,20
112,1076,747,758,60,60,20,1,20
112,1076,793,790,60,60,20,1,20
112,1076,800,770,60,60,20,1,20
112,1076,802,748,60,60,20,1,20
112,1076,795,724,60,60,20,1,20
112,1076,770,712,60,60,20,1,20
112,1076,742,702,60,60,20,1,20
112,1076,735,711,60,60,20,1,20
112,1076,716,684,60,60,20,1,20
112,1076,693,673,60,60,20,1,20
112,1076,855,739,60,60,20,1,20
112,1076,832,718,60,60,20,1,20
112,1076,814,700,60,60,20,1,20
112,1076,795,695,60,60,20,1,20
112,1076,774,676,60,60,20,1,20
112,1076,763,676,60,60,20,1,20
112,1076,743,659,60,60,20,1,20
112,1076,727,671,20,20,20,1,20
112,1076,787,642,40,40,20,1,20
112,1076,823,654,40,40,20,1,20
112,1076,862,674,40,40,20,1,20
112,1076,903,699,40,40,20,1,20
112,1076,916,680,40,40,20,1,20
112,1076,893,665,40,40,20,1,20
112,1076,868,650,40,40,20,1,20
112,1076,841,631,40,40,20,1,20
112,1076,823,629,40,40,20,1,20
112,1076,831,635,40,40,20,1,20
112,1076,803,611,40,40,20,1,20
112,1076,797,597,40,40,20,1,20
112,1076,813,584,40,40,20,1,20
112,1076,855,608,40,40,20,1,20
112,1076,850,578,40,40,20,1,20
112,1076,884,595,40,40,20,1,20
112,1076,902,628,40,40,20,1,20
112,1076,937,648,40,40,20,1,20
112,1076,971,633,40,40,20,1,20
112,1076,953,615,40,40,20,1,20
112,1076,945,604,40,40,20,1,20
112,1076,930,588,40,40,20,1,20
112,1076,910,565,40,40,20,1,20
112,1076,892,543,40,40,20,1,20
112,1076,876,565,40,40,20,1,20
112,1076,883,579,40,40,20,1,20
112,1076,784,624,40,40,20,1,20
112,1076,698,670,40,40,20,1,20
112,1076,766,772,40,40,20,1,20
112,1076,784,771,40,40,20,1,20
112,1076,762,658,40,40,20,1,20
112,1076,837,704,40,40,20,1,20
112,1076,846,684,40,40,20,1,20
112,1076,855,664,40,40,20,1,20
112,1076,914,662,40,40,20,1,20
112,1076,877,547,40,40,20,1,20
7,1076,141,321,40,40,5,1,5
7,1076,88,322,40,40,5,1,5
7,1076,81,322,40,40,10,1,10
7,1076,95,343,40,40,10,1,10
7,1076,107,376,40,40,10,1,10
7,1076,112,387,40,40,10,1,10
7,1076,153,409,40,40,10,1,10
7,1076,127,414,40,40,10,1,10
7,1076,112,424,40,40,10,1,10
7,1076,104,430,40,40,10,1,10
7,1076,111,449,40,40,10,1,10
7,1076,92,433,40,40,10,1,10
7,1076,78,424,40,40,10,1,10
7,1076,58,408,40,40,10,1,10
7,1076,74,385,40,40,10,1,10
7,1076,74,385,40,40,10,1,10
7,1076,69,370,40,40,10,1,10
7,1076,60,367,40,40,10,1,10
7,1076,40,370,40,40,10,1,10
7,1076,31,379,40,40,10,1,10
7,1076,44,360,40,40,10,1,10
7,1076,75,352,40,40,10,1,10
7,1076,178,401,40,40,10,1,10
7,1076,187,425,40,40,10,1,10
7,1076,214,404,40,40,10,1,10
7,1076,204,377,40,40,10,1,10
7,1076,217,378,40,40,10,1,10
7,1076,200,344,40,40,10,1,10
7,1076,179,332,40,40,10,1,10
7,1076,178,308,40,40,10,1,10
7,1076,133,306,40,40,10,1,10
7,1011,454,270,40,40,10,1,10
7,1011,461,249,40,40,10,1,10
7,1011,408,263,40,40,10,1,10
7,1011,408,284,40,40,10,1,10
7,1011,411,310,40,40,10,1,10
7,1011,388,300,40,40,10,1,10
7,1011,372,312,40,40,10,1,10
7,1011,344,351,40,40,10,1,10
7,1011,312,351,40,40,10,1,10
7,1011,287,332,40,40,10,1,10
7,1011,272,323,40,40,10,1,10
7,1011,277,343,40,40,10,1,10
7,1011,291,377,40,40,10,1,10
7,1011,327,411,40,40,10,1,10
7,1011,308,407,40,40,10,1,10
7,1011,294,414,40,40,10,1,10
7,1011,279,397,40,40,10,1,10
7,1011,270,403,40,40,10,1,10
7,1011,283,439,40,40,10,1,10
7,1011,334,464,40,40,10,1,10
7,1011,343,452,40,40,10,1,10
7,1011,382,457,40,40,10,1,10
7,1011,397,468,40,40,10,1,10
7,1011,426,487,40,40,10,1,10
7,1011,434,451,40,40,10,1,10
7,1011,447,465,40,40,10,1,10
7,1011,470,488,40,40,10,1,10
7,1011,450,503,40,40,10,1,10
7,1011,413,429,40,40,10,1,10
7,1011,370,385,40,40,10,1,10
7,1011,376,377,40,40,10,1,10
19,1013,41,37,20,20,3,1,3
19,1013,61,51,20,20,3,1,3
19,1013,61,45,20,20,3,1,3
19,1013,44,22,20,20,3,1,3
19,1013,26,37,20,20,3,1,3
19,1013,27,51,20,20,3,1,3
19,1013,51,70,20,20,3,1,3
19,1013,50,47,20,20,3,1,3
19,1013,29,25,20,20,3,1,3
19,1013,64,37,20,20,3,1,3
19,1013,46,48,20,20,3,1,3
19,1013,33,64,20,20,3,1,3
19,1013,26,33,20,20,3,1,3
